Date,Gold,VIX,Dollar_Index,SP500,US10Y
2000-09-01,277.0,17.530000686645508,111.41999816894531,1520.77001953125,5.675000190734863
2000-09-05,275.79998779296875,19.81999969482422,112.41000366210938,1507.0799560546875,5.683000087738037
2000-09-06,274.20001220703125,20.790000915527344,114.12000274658203,1492.25,5.711999893188477
2000-09-07,274.0,19.420000076293945,113.6500015258789,1502.510009765625,5.749000072479248
2000-09-08,273.29998779296875,18.459999084472656,114.33999633789062,1494.5,5.723999977111816
2000-09-11,273.1000061035156,18.399999618530273,115.37000274658203,1489.260009765625,5.757999897003174
2000-09-12,272.8999938964844,18.59000015258789,115.16999816894531,1481.989990234375,5.769999980926514
2000-09-13,272.79998779296875,18.31999969482422,115.33999633789062,1484.9100341796875,5.728000164031982
2000-09-14,272.3999938964844,18.260000228881836,115.16000366210938,1480.8699951171875,5.77400016784668
2000-09-15,272.29998779296875,18.520000457763672,115.94000244140625,1465.81005859375,5.833000183105469
2000-09-18,271.3999938964844,20.25,116.0,1444.510009765625,5.870999813079834
2000-09-19,271.8999938964844,19.540000915527344,116.11000061035156,1459.9000244140625,5.849999904632568
2000-09-20,269.0,19.93000030517578,116.41000366210938,1451.3399658203125,5.892000198364258
2000-09-21,270.29998779296875,20.18000030517578,115.2699966430664,1449.050048828125,5.870999813079834
2000-09-22,271.79998779296875,20.739999771118164,113.55999755859375,1448.719970703125,5.828999996185303
2000-09-25,274.1000061035156,21.40999984741211,114.05999755859375,1439.030029296875,5.833000183105469
2000-09-26,273.8999938964844,21.8799991607666,113.16000366210938,1427.2099609375,5.798999786376953
2000-09-27,278.3999938964844,21.670000076293945,113.11000061035156,1426.5699462890625,5.820000171661377
2000-09-28,275.6000061035156,19.469999313354492,113.30999755859375,1458.2900390625,5.811999797821045
2000-09-29,273.6000061035156,20.56999969482422,113.25,1436.510009765625,5.7779998779296875
2000-10-02,273.1000061035156,21.229999542236328,113.79000091552734,1436.22998046875,5.820000171661377
2000-10-03,271.6000061035156,21.850000381469727,114.22000122070312,1426.4599609375,5.867000102996826
2000-10-04,270.29998779296875,21.540000915527344,114.16999816894531,1434.3199462890625,5.892000198364258
2000-10-05,270.6000061035156,21.030000686645508,114.73999786376953,1436.280029296875,5.854000091552734
2000-10-06,269.29998779296875,22.709999084472656,114.8499984741211,1408.989990234375,5.815999984741211
2000-10-09,270.1000061035156,24.020000457763672,114.80999755859375,1402.030029296875,5.815999984741211
2000-10-10,272.3999938964844,24.860000610351562,114.36000061035156,1387.02001953125,5.795000076293945
2000-10-11,270.5,26.56999969482422,114.48999786376953,1364.5899658203125,5.769999980926514
2000-10-12,276.3999938964844,30.510000228881836,114.88999938964844,1329.780029296875,5.715000152587891
2000-10-13,272.3999938964844,27.600000381469727,115.86000061035156,1374.1700439453125,5.715000152587891
2000-10-16,271.5,26.790000915527344,116.38999938964844,1374.6199951171875,5.739999771118164
2000-10-17,271.1000061035156,27.84000015258789,115.88999938964844,1349.969970703125,5.664999961853027
2000-10-18,270.29998779296875,28.719999313354492,117.33000183105469,1342.1300048828125,5.6570000648498535
2000-10-19,270.1000061035156,25.09000015258789,116.94000244140625,1388.760009765625,5.6519999504089355
2000-10-20,271.20001220703125,24.239999771118164,117.16000366210938,1396.9300537109375,5.636000156402588
2000-10-23,270.1000061035156,24.690000534057617,117.54000091552734,1395.780029296875,5.581999778747559
2000-10-24,270.1000061035156,24.280000686645508,117.41999816894531,1398.1300048828125,5.623000144958496
2000-10-25,266.20001220703125,26.649999618530273,118.48999786376953,1364.9000244140625,5.685999870300293
2000-10-26,264.8999938964844,28.6200008392334,118.5,1364.43994140625,5.672999858856201
2000-10-27,264.3999938964844,26.469999313354492,117.38999938964844,1379.5799560546875,5.710999965667725
2000-10-30,264.29998779296875,25.459999084472656,117.25,1398.6600341796875,5.728000164031982
2000-10-31,264.8999938964844,23.6299991607666,116.6500015258789,1429.4000244140625,5.756999969482422
2000-11-01,263.8999938964844,24.280000686645508,115.55999755859375,1421.219970703125,5.736000061035156
2000-11-02,264.3999938964844,23.920000076293945,115.61000061035156,1428.3199462890625,5.739999771118164
2000-11-03,264.6000061035156,23.670000076293945,114.97000122070312,1426.68994140625,5.803999900817871
2000-11-06,264.5,24.520000457763672,115.69000244140625,1432.18994140625,5.855000019073486
2000-11-07,264.29998779296875,24.90999984741211,115.5199966430664,1431.8699951171875,5.859000205993652
2000-11-08,265.0,25.65999984741211,116.2300033569336,1409.280029296875,5.849999904632568
2000-11-09,265.79998779296875,27.200000762939453,115.33999633789062,1400.1400146484375,5.808000087738037
2000-11-10,264.5,28.530000686645508,115.79000091552734,1365.97998046875,5.795000076293945
2000-11-13,264.29998779296875,29.059999465942383,115.69999694824219,1351.260009765625,5.761000156402588
2000-11-14,264.8999938964844,26.809999465942383,116.22000122070312,1382.949951171875,5.74399995803833
2000-11-15,265.1000061035156,26.149999618530273,116.3499984741211,1389.81005859375,5.697999954223633
2000-11-16,265.79998779296875,25.049999237060547,116.93000030517578,1372.3199462890625,5.669000148773193
2000-11-17,265.70001220703125,24.809999465942383,117.30999755859375,1367.719970703125,5.693999767303467
2000-11-20,266.29998779296875,27.43000030517578,117.3499984741211,1342.6199951171875,5.664000034332275
2000-11-21,265.70001220703125,26.6200008392334,117.94999694824219,1347.3499755859375,5.659999847412109
2000-11-22,266.29998779296875,27.709999084472656,117.8499984741211,1322.3599853515625,5.5929999351501465
2000-11-27,270.1000061035156,26.93000030517578,117.0999984741211,1348.969970703125,5.625999927520752
2000-11-28,269.79998779296875,27.639999389648438,116.58000183105469,1336.0899658203125,5.589000225067139
2000-11-29,266.3999938964844,27.489999771118164,116.61000061035156,1341.9300537109375,5.543000221252441
2000-11-30,270.1000061035156,29.649999618530273,115.23999786376953,1314.949951171875,5.439000129699707
2000-12-01,268.70001220703125,27.479999542236328,114.7300033569336,1315.22998046875,5.513000011444092
2000-12-04,270.70001220703125,27.780000686645508,113.70999908447266,1324.969970703125,5.521999835968018
2000-12-05,270.3999938964844,24.989999771118164,114.47000122070312,1376.5400390625,5.429999828338623
2000-12-06,274.29998779296875,25.06999969482422,113.30999755859375,1351.4599609375,5.318999767303467
2000-12-07,273.20001220703125,25.34000015258789,113.54000091552734,1343.550048828125,5.298999786376953
2000-12-08,272.20001220703125,22.40999984741211,114.05000305175781,1369.8900146484375,5.343999862670898
2000-12-11,270.20001220703125,23.510000228881836,114.29000091552734,1380.199951171875,5.360000133514404
2000-12-12,270.29998779296875,24.8799991607666,114.26000213623047,1371.1800537109375,5.3429999351501465
2000-12-13,268.6000061035156,23.6299991607666,114.70999908447266,1359.989990234375,5.2779998779296875
2000-12-14,269.0,24.860000610351562,113.37999725341797,1340.9300537109375,5.2129998207092285
2000-12-15,270.3999938964844,26.549999237060547,112.9000015258789,1312.1500244140625,5.176000118255615
2000-12-18,269.70001220703125,27.700000762939453,113.06999969482422,1322.739990234375,5.156000137329102
2000-12-19,269.70001220703125,27.170000076293945,113.20999908447266,1305.5999755859375,5.184000015258789
2000-12-20,272.5,31.739999771118164,111.97000122070312,1264.739990234375,5.074999809265137
2000-12-21,273.70001220703125,29.65999984741211,111.51000213623047,1274.8599853515625,5.0229997634887695
2000-12-22,273.70001220703125,27.549999237060547,110.81999969482422,1305.949951171875,5.001999855041504
2000-12-26,274.1000061035156,28.729999542236328,110.30999755859375,1315.18994140625,5.021999835968018
2000-12-27,275.20001220703125,28.139999389648438,110.31999969482422,1328.9200439453125,5.085999965667725
2000-12-28,271.70001220703125,26.56999969482422,110.37999725341797,1334.219970703125,5.113999843597412
2000-12-29,272.0,26.850000381469727,109.55999755859375,1320.280029296875,5.110000133514404
2001-01-02,268.3999938964844,29.989999771118164,108.7699966430664,1283.27001953125,4.916999816894531
2001-01-03,268.0,26.600000381469727,110.16999816894531,1347.56005859375,5.0970001220703125
2001-01-04,267.29998779296875,26.969999313354492,108.80999755859375,1333.3399658203125,5.013000011444092
2001-01-05,268.0,28.670000076293945,108.41999816894531,1298.3499755859375,4.947999954223633
2001-01-08,268.0,29.84000015258789,108.86000061035156,1295.8599853515625,4.896999835968018
2001-01-09,267.5,27.989999771118164,109.5199966430664,1300.800048828125,4.964000225067139
2001-01-10,264.70001220703125,26.799999237060547,109.86000061035156,1313.27001953125,5.084000110626221
2001-01-11,264.0,25.790000915527344,109.01000213623047,1326.8199462890625,5.116000175476074
2001-01-12,263.8999938964844,24.559999465942383,109.36000061035156,1318.550048828125,5.230000019073486
2001-01-16,263.29998779296875,25.280000686645508,110.11000061035156,1326.6500244140625,5.234000205993652
2001-01-17,263.20001220703125,24.93000030517578,110.80999755859375,1329.469970703125,5.156000137329102
2001-01-18,264.20001220703125,23.3700008392334,109.94000244140625,1347.969970703125,5.09499979019165
2001-01-19,264.29998779296875,23.239999771118164,110.66000366210938,1342.5400390625,5.173999786376953
2001-01-22,266.3999938964844,23.25,110.23999786376953,1342.9000244140625,5.2210001945495605
2001-01-23,266.1000061035156,21.56999969482422,110.23999786376953,1360.4000244140625,5.27400016784668
2001-01-24,264.29998779296875,22.030000686645508,111.68000030517578,1364.300048828125,5.302999973297119
2001-01-25,264.5,22.639999389648438,111.61000061035156,1357.510009765625,5.269999980926514
2001-01-26,262.79998779296875,22.56999969482422,111.45999908447266,1354.949951171875,5.252999782562256
2001-01-29,262.79998779296875,22.610000610351562,111.7699966430664,1364.1700439453125,5.295000076293945
2001-01-30,265.5,22.56999969482422,110.9800033569336,1373.72998046875,5.211999893188477
2001-01-31,265.6000061035156,22.020000457763672,110.5199966430664,1366.010009765625,5.178999900817871
2001-02-01,268.5,21.65999984741211,109.66000366210938,1373.469970703125,5.060999870300293
2001-02-02,267.1000061035156,21.950000762939453,110.31999969482422,1349.469970703125,5.138000011444092
2001-02-05,265.20001220703125,22.190000534057617,109.88999938964844,1354.31005859375,5.145999908447266
2001-02-06,263.29998779296875,21.979999542236328,110.7699966430664,1352.260009765625,5.195000171661377
2001-02-07,262.79998779296875,21.670000076293945,110.88999938964844,1340.8900146484375,5.178999900817871
2001-02-08,260.1000061035156,21.459999084472656,112.05999755859375,1332.530029296875,5.098999977111816
2001-02-09,259.8999938964844,22.030000686645508,111.5199966430664,1314.760009765625,5.015999794006348
2001-02-12,260.70001220703125,21.920000076293945,111.19000244140625,1330.31005859375,5.047999858856201
2001-02-13,260.29998779296875,21.3700008392334,111.95999908447266,1318.800048828125,5.067999839782715
2001-02-14,259.3999938964844,21.520000457763672,112.04000091552734,1315.9200439453125,5.105000019073486
2001-02-15,255.10000610351562,20.270000457763672,113.19999694824219,1326.6099853515625,5.177999973297119
2001-02-16,258.20001220703125,22.1200008392334,112.26000213623047,1301.530029296875,5.0929999351501465
2001-02-20,256.1000061035156,24.690000534057617,112.81999969482422,1278.93994140625,5.0970001220703125
2001-02-21,258.20001220703125,25.75,113.12000274658203,1255.27001953125,5.129000186920166
2001-02-22,258.5,26.760000228881836,113.33999633789062,1252.8199462890625,5.1539998054504395
2001-02-23,260.8999938964844,27.209999084472656,112.02999877929688,1245.8599853515625,5.079999923706055
2001-02-26,265.79998779296875,25.43000030517578,112.7699966430664,1267.6500244140625,5.035999774932861
2001-02-27,267.3999938964844,26.489999771118164,112.33999633789062,1257.93994140625,4.955999851226807
2001-02-28,266.79998779296875,28.350000381469727,112.01000213623047,1239.93994140625,4.9079999923706055
2001-03-01,265.20001220703125,28.079999923706055,111.27999877929688,1241.22998046875,4.855999946594238
2001-03-02,262.1000061035156,27.43000030517578,111.16999816894531,1234.1800537109375,4.942999839782715
2001-03-05,262.5,27.1200008392334,111.54000091552734,1241.4100341796875,4.9629998207092285
2001-03-06,259.8999938964844,25.889999389648438,111.19999694824219,1253.800048828125,4.9710001945495605
2001-03-07,261.3999938964844,24.1200008392334,111.83000183105469,1261.8900146484375,4.919000148773193
2001-03-08,265.3999938964844,24.290000915527344,111.48999786376953,1264.739990234375,4.88700008392334
2001-03-09,270.79998779296875,25.6200008392334,111.44000244140625,1233.4200439453125,4.931000232696533
2001-03-12,271.6000061035156,30.31999969482422,112.01000213623047,1180.1600341796875,4.919000148773193
2001-03-13,266.79998779296875,27.549999237060547,113.11000061035156,1197.6600341796875,4.931000232696533
2001-03-14,262.5,29.610000610351562,113.69999694824219,1166.7099609375,4.85099983215332
2001-03-15,260.0,28.559999465942383,114.70999908447266,1173.56005859375,4.803999900817871
2001-03-16,258.1000061035156,29.90999984741211,115.31999969482422,1150.530029296875,4.751999855041504
2001-03-19,259.79998779296875,29.780000686645508,115.19999694824219,1170.81005859375,4.815000057220459
2001-03-20,260.5,30.959999084472656,114.11000061035156,1142.6199951171875,4.790999889373779
2001-03-21,261.8999938964844,31.93000030517578,115.52999877929688,1122.1400146484375,4.76800012588501
2001-03-22,261.1000061035156,32.84000015258789,116.30000305175781,1117.5799560546875,4.708000183105469
2001-03-23,261.5,30.450000762939453,115.94000244140625,1139.8299560546875,4.798999786376953
2001-03-26,261.8999938964844,29.040000915527344,115.20999908447266,1152.68994140625,4.8470001220703125
2001-03-27,261.0,27.040000915527344,115.43000030517578,1182.1700439453125,4.982999801635742
2001-03-28,259.70001220703125,28.579999923706055,116.01000213623047,1153.2900390625,4.9710001945495605
2001-03-29,258.79998779296875,29.170000076293945,116.5999984741211,1147.949951171875,4.9629998207092285
2001-03-30,257.8999938964844,28.639999389648438,117.37000274658203,1160.3299560546875,4.914999961853027
2001-04-02,255.60000610351562,31.209999084472656,117.33999633789062,1145.8699951171875,4.9710001945495605
2001-04-03,256.79998779296875,34.720001220703125,115.62999725341797,1106.4599609375,4.934999942779541
2001-04-04,258.3999938964844,34.06999969482422,115.08000183105469,1103.25,4.922999858856201
2001-04-05,258.1000061035156,29.940000534057617,115.47000122070312,1151.43994140625,4.9629998207092285
2001-04-06,260.0,31.690000534057617,114.75,1128.4300537109375,4.874000072479248
2001-04-09,258.29998779296875,31.90999984741211,115.20999908447266,1137.5899658203125,4.906000137329102
2001-04-10,257.29998779296875,29.440000534057617,116.0199966430664,1168.3800048828125,5.067999839782715
2001-04-11,258.70001220703125,28.459999084472656,116.12999725341797,1165.8900146484375,5.109000205993652
2001-04-12,260.1000061035156,26.1200008392334,115.54000091552734,1183.5,5.145999908447266
2001-04-16,263.29998779296875,26.329999923706055,116.18000030517578,1179.6800537109375,5.275000095367432
2001-04-17,261.1000061035156,25.610000610351562,116.45999908447266,1191.81005859375,5.188000202178955
2001-04-18,261.29998779296875,24.1299991607666,116.12999725341797,1238.1600341796875,5.118000030517578
2001-04-19,265.29998779296875,24.15999984741211,115.0199966430664,1253.68994140625,5.232999801635742
2001-04-20,264.79998779296875,25.3799991607666,114.31999969482422,1242.97998046875,5.263000011444092
2001-04-23,263.70001220703125,28.15999984741211,114.7699966430664,1224.3599853515625,5.188000202178955
2001-04-24,264.1000061035156,28.489999771118164,115.19999694824219,1209.469970703125,5.188000202178955
2001-04-25,262.3999938964844,27.399999618530273,114.9800033569336,1228.75,5.254000186920166
2001-04-26,264.3999938964844,25.959999084472656,114.45999908447266,1234.52001953125,5.191999912261963
2001-04-27,263.8999938964844,24.020000457763672,115.62000274658203,1253.050048828125,5.313000202178955
2001-04-30,264.0,25.479999542236328,115.8499984741211,1249.4599609375,5.3379998207092285
2001-05-01,264.3999938964844,24.200000762939453,115.30000305175781,1266.43994140625,5.288000106811523
2001-05-02,265.3999938964844,24.229999542236328,115.16000366210938,1267.4300537109375,5.283999919891357
2001-05-03,266.29998779296875,25.780000686645508,115.37999725341797,1248.5799560546875,5.201000213623047
2001-05-04,266.1000061035156,23.90999984741211,114.93000030517578,1266.6099853515625,5.184000015258789
2001-05-07,266.1000061035156,24.860000610351562,115.31999969482422,1263.510009765625,5.204999923706055
2001-05-08,265.1000061035156,24.440000534057617,116.08000183105469,1261.199951171875,5.2170000076293945
2001-05-09,270.0,24.350000381469727,116.05000305175781,1255.5400390625,5.168000221252441
2001-05-10,269.1000061035156,24.0,116.37000274658203,1255.1800537109375,5.271999835968018
2001-05-11,267.8999938964844,23.540000915527344,116.83999633789062,1245.6700439453125,5.484000205993652
2001-05-14,268.29998779296875,24.260000228881836,117.13999938964844,1248.9200439453125,5.415999889373779
2001-05-15,268.1000061035156,23.709999084472656,116.79000091552734,1249.43994140625,5.480000019073486
2001-05-16,272.0,21.889999389648438,116.13999938964844,1284.989990234375,5.4670000076293945
2001-05-17,273.6000061035156,21.469999313354492,116.12000274658203,1288.489990234375,5.4670000076293945
2001-05-18,287.3999938964844,21.229999542236328,116.41000366210938,1291.9599609375,5.390999794006348
2001-05-21,285.3999938964844,20.760000228881836,116.5199966430664,1312.8299560546875,5.386000156402588
2001-05-22,285.1000061035156,21.350000381469727,117.69000244140625,1309.3800048828125,5.39900016784668
2001-05-23,283.6000061035156,22.079999923706055,118.29000091552734,1289.050048828125,5.390999794006348
2001-05-24,279.1000061035156,20.56999969482422,118.36000061035156,1293.1700439453125,5.488999843597412
2001-05-25,277.8999938964844,20.600000381469727,118.18000030517578,1277.8900146484375,5.485000133514404
2001-05-29,273.79998779296875,22.139999389648438,118.22000122070312,1267.9300537109375,5.506999969482422
2001-05-30,265.70001220703125,22.760000228881836,118.22000122070312,1248.0799560546875,5.502999782562256
2001-05-31,265.29998779296875,22.639999389648438,119.06999969482422,1255.8199462890625,5.413000106811523
2001-06-01,266.3999938964844,21.59000015258789,118.88999938964844,1260.6700439453125,5.354000091552734
2001-06-04,264.8999938964844,21.3799991607666,119.19000244140625,1267.1099853515625,5.323999881744385
2001-06-05,265.70001220703125,19.579999923706055,118.69999694824219,1283.5699462890625,5.261000156402588
2001-06-06,265.70001220703125,20.389999389648438,119.36000061035156,1270.030029296875,5.264999866485596
2001-06-07,266.0,19.670000076293945,119.08999633789062,1276.9599609375,5.295000076293945
2001-06-08,273.3999938964844,19.920000076293945,119.20999908447266,1264.9599609375,5.333000183105469
2001-06-11,267.8999938964844,20.700000762939453,120.05000305175781,1254.3900146484375,5.2870001792907715
2001-06-12,271.5,20.700000762939453,119.61000061035156,1255.8499755859375,5.239999771118164
2001-06-13,272.0,21.450000762939453,119.02999877929688,1241.5999755859375,5.256999969482422
2001-06-14,275.29998779296875,23.1200008392334,117.98999786376953,1219.8699951171875,5.215000152587891
2001-06-15,271.20001220703125,22.809999465942383,118.29000091552734,1214.3599853515625,5.228000164031982
2001-06-18,272.3999938964844,23.170000076293945,118.36000061035156,1208.4300537109375,5.241000175476074
2001-06-19,273.3999938964844,22.34000015258789,119.04000091552734,1212.5799560546875,5.228000164031982
2001-06-20,272.3999938964844,21.709999084472656,119.12999725341797,1223.1400146484375,5.198999881744385
2001-06-21,272.6000061035156,19.3799991607666,118.88999938964844,1237.0400390625,5.177999973297119
2001-06-22,272.29998779296875,20.020000457763672,118.91000366210938,1225.3499755859375,5.124000072479248
2001-06-25,273.70001220703125,20.670000076293945,118.31999969482422,1218.5999755859375,5.131999969482422
2001-06-26,276.20001220703125,21.200000762939453,118.06999969482422,1216.760009765625,5.223999977111816
2001-06-27,272.1000061035156,20.8799991607666,118.37999725341797,1211.0699462890625,5.232999801635742
2001-06-28,269.29998779296875,20.010000228881836,120.01000213623047,1226.199951171875,5.326000213623047
2001-06-29,270.6000061035156,19.059999465942383,119.43000030517578,1224.3800048828125,5.389999866485596
2001-07-02,269.3999938964844,18.760000228881836,119.66999816894531,1236.719970703125,5.330999851226807
2001-07-03,267.6000061035156,18.920000076293945,119.5999984741211,1234.449951171875,5.377999782562256
2001-07-05,265.1000061035156,20.09000015258789,120.9000015258789,1219.239990234375,5.4120001792907715
2001-07-06,265.8999938964844,21.6299991607666,119.9000015258789,1190.5899658203125,5.374000072479248
2001-07-09,266.5,22.479999542236328,119.88999938964844,1198.780029296875,5.340000152587891
2001-07-10,266.20001220703125,23.25,119.12999725341797,1181.52001953125,5.271999835968018
2001-07-11,268.29998779296875,24.010000228881836,118.63999938964844,1180.1800537109375,5.284999847412109
2001-07-12,266.6000061035156,22.09000015258789,119.08999633789062,1208.1400146484375,5.230000019073486
2001-07-13,267.1000061035156,21.139999389648438,119.33000183105469,1215.6800537109375,5.234000205993652
2001-07-16,266.8999938964844,22.90999984741211,119.30000305175781,1202.449951171875,5.175000190734863
2001-07-17,268.1000061035156,22.610000610351562,118.9000015258789,1214.43994140625,5.178999900817871
2001-07-18,270.3999938964844,23.600000381469727,117.37999725341797,1207.7099609375,5.086999893188477
2001-07-19,269.3999938964844,22.510000228881836,117.33000183105469,1215.02001953125,5.104000091552734
2001-07-20,269.8999938964844,22.34000015258789,117.20999908447266,1210.8499755859375,5.111999988555908
2001-07-23,268.79998779296875,23.739999771118164,117.8499984741211,1191.030029296875,5.107999801635742
2001-07-24,269.70001220703125,25.239999771118164,117.12000274658203,1171.6500244140625,5.086999893188477
2001-07-25,267.70001220703125,24.0,116.63999938964844,1190.489990234375,5.107999801635742
2001-07-26,266.20001220703125,23.010000228881836,116.73999786376953,1202.9300537109375,5.150000095367432
2001-07-27,267.3999938964844,22.0,116.94000244140625,1205.8199462890625,5.0960001945495605
2001-07-30,264.6000061035156,22.690000534057617,117.19999694824219,1204.52001953125,5.0960001945495605
2001-07-31,266.20001220703125,21.6200008392334,117.18000030517578,1211.22998046875,5.0370001792907715
2001-08-01,267.3999938964844,20.559999465942383,116.55999755859375,1215.9300537109375,5.065999984741211
2001-08-02,267.3999938964844,20.09000015258789,116.27999877929688,1220.75,5.125
2001-08-03,267.8999938964844,19.889999389648438,116.13999938964844,1214.3499755859375,5.158999919891357
2001-08-06,267.1000061035156,21.889999389648438,116.41999816894531,1200.47998046875,5.176000118255615
2001-08-07,267.20001220703125,21.010000228881836,116.83000183105469,1204.4000244140625,5.171999931335449
2001-08-08,267.8999938964844,22.31999969482422,116.54000091552734,1183.530029296875,5.053999900817871
2001-08-09,273.3999938964844,21.75,115.25,1183.4300537109375,5.0279998779296875
2001-08-10,273.8999938964844,20.549999237060547,115.29000091552734,1190.1600341796875,5.015999794006348
2001-08-13,275.70001220703125,20.420000076293945,115.01000213623047,1191.2900390625,4.960000038146973
2001-08-14,276.29998779296875,20.479999542236328,114.38999938964844,1186.72998046875,4.9679999351501465
2001-08-15,275.70001220703125,20.90999984741211,113.19000244140625,1178.02001953125,4.992000102996826
2001-08-16,275.20001220703125,21.540000915527344,113.08000183105469,1181.6600341796875,4.935999870300293
2001-08-17,279.29998779296875,23.84000015258789,112.98999786376953,1161.969970703125,4.841000080108643
2001-08-20,276.1000061035156,22.8700008392334,113.4000015258789,1171.4100341796875,4.895999908447266
2001-08-21,275.0,24.399999618530273,113.29000091552734,1157.260009765625,4.875999927520752
2001-08-22,274.8999938964844,22.440000534057617,113.2699966430664,1165.31005859375,4.895999908447266
2001-08-23,275.29998779296875,22.229999542236328,113.08999633789062,1162.0899658203125,4.875999927520752
2001-08-24,272.5,19.709999084472656,113.33000183105469,1184.9300537109375,4.9120001792907715
2001-08-27,272.6000061035156,20.559999465942383,113.38999938964844,1179.2099609375,4.932000160217285
2001-08-28,272.29998779296875,22.0,113.43000030517578,1161.510009765625,4.8480000495910645
2001-08-29,273.70001220703125,23.030000686645508,113.54000091552734,1148.56005859375,4.7769999504089355
2001-08-30,275.3999938964844,25.40999984741211,112.83999633789062,1129.030029296875,4.781000137329102
2001-08-31,274.3999938964844,24.920000076293945,113.41999816894531,1133.5799560546875,4.815999984741211
2001-09-04,271.6000061035156,25.850000381469727,115.68000030517578,1132.93994140625,4.979000091552734
2001-09-05,272.0,26.350000381469727,115.5999984741211,1131.739990234375,4.9670000076293945
2001-09-06,273.0,28.610000610351562,114.97000122070312,1106.4000244140625,4.855999946594238
2001-09-07,273.1000061035156,30.989999771118164,114.05000305175781,1085.780029296875,4.796000003814697
2001-09-10,271.6000061035156,31.84000015258789,114.56999969482422,1092.5400390625,4.835000038146973
2001-09-17,289.79998779296875,41.7599983215332,112.01000213623047,1038.77001953125,4.611000061035156
2001-09-18,288.1000061035156,38.869998931884766,111.91999816894531,1032.739990234375,4.704999923706055
2001-09-19,291.5,40.560001373291016,111.61000061035156,1016.0999755859375,4.681000232696533
2001-09-20,289.0,43.7400016784668,111.87000274658203,984.5399780273438,4.728000164031982
2001-09-21,291.8999938964844,42.65999984741211,113.04000091552734,965.7999877929688,4.689000129699707
2001-09-24,289.70001220703125,37.75,112.83999633789062,1003.4500122070312,4.699999809265137
2001-09-25,290.5,35.810001373291016,112.27999877929688,1012.27001953125,4.699999809265137
2001-09-26,293.29998779296875,35.2599983215332,112.29000091552734,1007.0399780273438,4.63700008392334
2001-09-27,291.70001220703125,34.0,112.9800033569336,1018.6099853515625,4.559000015258789
2001-09-28,292.3999938964844,31.93000030517578,113.4800033569336,1040.93994140625,4.574999809265137
2001-10-01,292.20001220703125,32.31999969482422,113.0,1038.550048828125,4.543000221252441
2001-10-02,289.8999938964844,31.18000030517578,113.01000213623047,1051.3299560546875,4.51200008392334
2001-10-03,290.5,31.34000015258789,113.4000015258789,1072.280029296875,4.458000183105469
2001-10-04,290.5,31.969999313354492,113.16000366210938,1069.6300048828125,4.507999897003174
2001-10-05,291.3999938964844,33.38999938964844,112.91000366210938,1071.3800048828125,4.504000186920166
2001-10-08,292.3999938964844,35.119998931884766,112.58999633789062,1062.43994140625,4.504000186920166
2001-10-09,288.8999938964844,34.83000183105469,113.3499984741211,1056.75,4.573999881744385
2001-10-10,285.70001220703125,31.600000381469727,113.69999694824219,1080.989990234375,4.589000225067139
2001-10-11,281.79998779296875,31.5,114.44000244140625,1097.4300537109375,4.664000034332275
2001-10-12,284.8999938964844,35.27000045776367,113.88999938964844,1091.6500244140625,4.658999919891357
2001-10-15,282.1000061035156,35.310001373291016,113.81999969482422,1089.97998046875,4.607999801635742
2001-10-16,282.29998779296875,32.880001068115234,113.91999816894531,1097.5400390625,4.568999767303467
2001-10-17,283.3999938964844,35.08000183105469,114.37999725341797,1077.0899658203125,4.560999870300293
2001-10-18,279.20001220703125,34.95000076293945,114.3499984741211,1068.6099853515625,4.560999870300293
2001-10-19,280.1000061035156,34.11000061035156,114.86000061035156,1073.47998046875,4.599999904632568
2001-10-22,275.5,32.25,115.75,1089.9000244140625,4.604000091552734
2001-10-23,276.1000061035156,32.0,115.8499984741211,1084.780029296875,4.635000228881836
2001-10-24,275.8999938964844,30.950000762939453,115.5999984741211,1085.199951171875,4.584000110626221
2001-10-25,277.79998779296875,29.459999084472656,115.55000305175781,1100.0899658203125,4.5370001792907715
2001-10-26,277.8999938964844,28.420000076293945,115.6500015258789,1104.6099853515625,4.520999908447266
2001-10-29,279.1000061035156,31.639999389648438,114.44000244140625,1078.300048828125,4.4670000076293945
2001-10-30,280.6000061035156,33.459999084472656,114.3499984741211,1059.7900390625,4.4120001792907715
2001-10-31,279.5,33.560001373291016,114.86000061035156,1059.780029296875,4.263000011444092
2001-11-01,279.70001220703125,32.310001373291016,114.45999908447266,1084.0999755859375,4.2170000076293945
2001-11-02,279.79998779296875,30.709999084472656,114.54000091552734,1087.199951171875,4.3460001945495605
2001-11-05,278.5,30.5,114.54000091552734,1102.8399658203125,4.296000003814697
2001-11-06,279.70001220703125,28.799999237060547,114.80999755859375,1118.8599853515625,4.269000053405762
2001-11-07,281.0,29.1299991607666,114.9800033569336,1115.800048828125,4.201000213623047
2001-11-08,276.79998779296875,28.6200008392334,115.12999725341797,1118.5400390625,4.302999973297119
2001-11-09,277.3999938964844,27.440000534057617,115.08999633789062,1120.31005859375,4.307000160217285
2001-11-12,278.29998779296875,29.350000381469727,115.33999633789062,1118.3299560546875,4.314000129699707
2001-11-13,277.79998779296875,26.469999313354492,116.4000015258789,1139.0899658203125,4.368000030517578
2001-11-14,277.79998779296875,26.559999465942383,116.19999694824219,1141.2099609375,4.514999866485596
2001-11-15,275.1000061035156,25.559999465942383,116.51000213623047,1142.239990234375,4.728000164031982
2001-11-16,274.70001220703125,25.06999969482422,116.41000366210938,1138.6500244140625,4.885000228881836
2001-11-19,272.70001220703125,24.459999084472656,116.93000030517578,1151.06005859375,4.75600004196167
2001-11-20,273.0,24.1200008392334,116.62000274658203,1142.6600341796875,4.86899995803833
2001-11-21,272.8999938964844,24.190000534057617,117.1500015258789,1137.030029296875,4.966000080108643
2001-11-26,272.29998779296875,23.790000915527344,117.11000061035156,1157.4200439453125,5.002999782562256
2001-11-27,273.20001220703125,24.0,116.88999938964844,1149.5,4.949999809265137
2001-11-28,274.1000061035156,25.899999618530273,116.16999816894531,1128.52001953125,4.946000099182129
2001-11-29,273.5,25.18000030517578,116.12999725341797,1140.199951171875,4.75600004196167
2001-11-30,273.8999938964844,23.84000015258789,116.12999725341797,1139.449951171875,4.74399995803833
2001-12-03,276.8999938964844,25.770000457763672,115.95999908447266,1129.9000244140625,4.703000068664551
2001-12-04,275.3999938964844,24.079999923706055,116.08000183105469,1144.800048828125,4.6479997634887695
2001-12-05,273.70001220703125,23.020000457763672,116.41000366210938,1170.3499755859375,4.901000022888184
2001-12-06,274.20001220703125,23.709999084472656,115.62999725341797,1167.0999755859375,5.002999782562256
2001-12-07,273.8999938964844,23.489999771118164,116.1500015258789,1158.31005859375,5.1479997634887695
2001-12-10,272.20001220703125,25.6200008392334,116.26000213623047,1139.9300537109375,5.136000156402588
2001-12-11,272.20001220703125,25.299999237060547,116.05000305175781,1136.760009765625,5.077000141143799
2001-12-12,273.79998779296875,24.8700008392334,115.33000183105469,1137.0699462890625,4.973999977111816
2001-12-13,273.8999938964844,25.90999984741211,115.80000305175781,1119.3800048828125,5.090000152587891
2001-12-14,278.0,24.6299991607666,114.93000030517578,1123.0899658203125,5.160999774932861
2001-12-17,277.70001220703125,24.260000228881836,114.93000030517578,1134.3599853515625,5.27400016784668
2001-12-18,280.3999938964844,23.290000915527344,115.1500015258789,1142.9200439453125,5.131999969482422
2001-12-19,275.5,22.579999923706055,115.4800033569336,1149.56005859375,5.035999774932861
2001-12-20,276.0,23.670000076293945,115.58999633789062,1139.9300537109375,5.048999786376953
2001-12-21,278.0,22.5,116.9800033569336,1144.8900146484375,5.078000068664551
2001-12-26,279.70001220703125,22.290000915527344,117.8499984741211,1149.3699951171875,5.177999973297119
2001-12-27,277.3999938964844,21.59000015258789,117.56999969482422,1157.1300048828125,5.09499979019165
2001-12-28,276.5,21.399999618530273,117.26000213623047,1161.02001953125,5.10699987411499
2001-12-31,278.70001220703125,23.799999237060547,116.75,1148.0799560546875,5.0320000648498535
2002-01-02,278.8999938964844,22.709999084472656,115.79000091552734,1154.6700439453125,5.1570000648498535
2002-01-03,278.20001220703125,21.34000015258789,116.11000061035156,1165.27001953125,5.119999885559082
2002-01-04,278.8999938964844,20.450000762939453,116.33000183105469,1172.510009765625,5.140999794006348
2002-01-07,278.6000061035156,21.940000534057617,116.33000183105469,1164.8900146484375,5.057000160217285
2002-01-08,278.8999938964844,21.829999923706055,116.83000183105469,1160.7099609375,5.057000160217285
2002-01-09,283.3999938964844,22.1299991607666,117.01000213623047,1155.1400146484375,5.061999797821045
2002-01-10,287.1000061035156,22.360000610351562,116.87999725341797,1156.550048828125,4.961999893188477
2002-01-11,287.3999938964844,22.600000381469727,116.63999938964844,1145.5999755859375,4.859000205993652
2002-01-14,285.3999938964844,23.579999923706055,116.63999938964844,1138.4100341796875,4.868000030517578
2002-01-15,284.3999938964844,22.700000762939453,117.29000091552734,1146.18994140625,4.830999851226807
2002-01-16,287.29998779296875,23.450000762939453,117.58999633789062,1127.5699462890625,4.839000225067139
2002-01-17,284.3999938964844,22.25,117.8499984741211,1138.8800048828125,4.933000087738037
2002-01-18,283.1000061035156,22.520000457763672,117.51000213623047,1127.5799560546875,4.888000011444092
2002-01-22,281.5,23.610000610351562,117.75,1119.31005859375,4.900000095367432
2002-01-23,278.6000061035156,21.8799991607666,118.47000122070312,1128.1800537109375,5.0
2002-01-24,278.1000061035156,21.149999618530273,118.63999938964844,1132.1500244140625,5.0289998054504395
2002-01-25,278.79998779296875,21.010000228881836,119.8499984741211,1133.280029296875,5.071000099182129
2002-01-28,278.29998779296875,21.139999389648438,120.04000091552734,1133.06005859375,5.078999996185303
2002-01-29,281.3999938964844,24.350000381469727,119.62000274658203,1100.6400146484375,4.974999904632568
2002-01-30,281.8999938964844,23.219999313354492,119.7300033569336,1113.5699462890625,4.9710001945495605
2002-01-31,282.1000061035156,21.09000015258789,120.23999786376953,1130.199951171875,5.025000095367432
2002-02-01,286.0,21.1200008392334,119.79000091552734,1122.199951171875,4.979000091552734
2002-02-04,289.29998779296875,24.8700008392334,118.9000015258789,1094.43994140625,4.895999908447266
2002-02-05,298.20001220703125,25.450000762939453,119.4000015258789,1090.02001953125,4.925000190734863
2002-02-06,297.5,26.09000015258789,119.30000305175781,1083.510009765625,4.928999900817871
2002-02-07,299.70001220703125,25.110000610351562,119.06999969482422,1080.1700439453125,4.931000232696533
2002-02-08,303.5,23.260000228881836,118.9800033569336,1096.219970703125,4.879000186920166
2002-02-11,300.1000061035156,21.780000686645508,118.44000244140625,1111.93994140625,4.89900016784668
2002-02-12,300.70001220703125,21.6200008392334,118.25,1107.5,4.9670000076293945
2002-02-13,299.3999938964844,20.850000381469727,118.80000305175781,1118.510009765625,5.002999782562256
2002-02-14,299.70001220703125,21.770000457763672,118.43000030517578,1116.47998046875,4.959000110626221
2002-02-15,298.3999938964844,22.3700008392334,118.5999984741211,1104.1800537109375,4.86299991607666
2002-02-19,293.20001220703125,24.43000030517578,118.36000061035156,1083.3399658203125,4.882999897003174
2002-02-20,292.29998779296875,22.65999984741211,118.93000030517578,1097.97998046875,4.879000186920166
2002-02-21,293.20001220703125,23.799999237060547,119.16000366210938,1080.949951171875,4.870999813079834
2002-02-22,293.20001220703125,22.860000610351562,118.4800033569336,1089.8399658203125,4.827000141143799
2002-02-25,292.70001220703125,21.84000015258789,119.12999725341797,1109.4300537109375,4.85099983215332
2002-02-26,298.0,21.68000030517578,119.81999969482422,1109.3800048828125,4.914999961853027
2002-02-27,296.29998779296875,21.489999771118164,119.56999969482422,1109.8900146484375,4.8470001220703125
2002-02-28,296.70001220703125,21.59000015258789,119.16000366210938,1106.72998046875,4.859000205993652
2002-03-01,298.0,19.959999084472656,119.4000015258789,1131.780029296875,4.9710001945495605
2002-03-04,296.70001220703125,20.5,118.80999755859375,1153.8399658203125,4.999000072479248
2002-03-05,294.0,20.299999237060547,118.56999969482422,1146.1400146484375,5.007999897003174
2002-03-06,293.5,19.940000534057617,117.95999908447266,1162.77001953125,5.0320000648498535
2002-03-07,290.1000061035156,20.040000915527344,116.80000305175781,1157.5400390625,5.211999893188477
2002-03-08,290.1000061035156,19.270000457763672,117.98999786376953,1164.31005859375,5.315999984741211
2002-03-11,291.1000061035156,19.84000015258789,117.7300033569336,1168.260009765625,5.320000171661377
2002-03-12,293.6000061035156,19.59000015258789,117.80000305175781,1165.5799560546875,5.303999900817871
2002-03-13,293.6000061035156,19.459999084472656,117.95999908447266,1154.0899658203125,5.26200008392334
2002-03-14,291.0,19.200000762939453,117.29000091552734,1153.0400390625,5.395999908447266
2002-03-15,289.8999938964844,18.420000076293945,117.22000122070312,1166.1600341796875,5.36299991607666
2002-03-18,292.1000061035156,18.93000030517578,117.5,1165.550048828125,5.303999900817871
2002-03-19,292.79998779296875,18.15999984741211,117.5,1170.2900390625,5.324999809265137
2002-03-20,292.1000061035156,18.459999084472656,117.22000122070312,1151.8499755859375,5.396999835968018
2002-03-21,292.79998779296875,18.149999618530273,117.5199966430664,1153.5899658203125,5.383999824523926
2002-03-22,297.29998779296875,17.770000457763672,118.05000305175781,1148.699951171875,5.388999938964844
2002-03-25,297.3999938964844,18.479999542236328,118.0999984741211,1131.8699951171875,5.406000137329102
2002-03-26,296.6000061035156,18.1299991607666,118.13999938964844,1138.489990234375,5.334000110626221
2002-03-27,302.20001220703125,17.700000762939453,118.54000091552734,1144.5799560546875,5.329999923706055
2002-03-28,302.6000061035156,17.399999618530273,118.62000274658203,1147.3900146484375,5.406000137329102
2002-04-01,303.20001220703125,18.729999542236328,117.7699966430664,1146.5400390625,5.427999973297119
2002-04-02,305.8999938964844,19.15999984741211,117.91999816894531,1136.760009765625,5.3480000495910645
2002-04-03,302.6000061035156,20.200000762939453,117.68000030517578,1125.4000244140625,5.284999847412109
2002-04-04,301.1000061035156,19.780000686645508,117.94000244140625,1126.3399658203125,5.271999835968018
2002-04-05,300.1000061035156,19.1299991607666,117.69000244140625,1122.72998046875,5.210000038146973
2002-04-08,300.5,19.610000610351562,118.19999694824219,1125.2900390625,5.235000133514404
2002-04-09,298.79998779296875,19.469999313354492,117.58999633789062,1117.800048828125,5.210000038146973
2002-04-10,301.70001220703125,18.190000534057617,117.51000213623047,1130.469970703125,5.2230000495910645
2002-04-11,302.20001220703125,20.299999237060547,117.37000274658203,1103.68994140625,5.202000141143799
2002-04-12,302.1000061035156,19.420000076293945,117.73999786376953,1111.010009765625,5.156000137329102
2002-04-15,300.0,19.81999969482422,117.63999938964844,1102.550048828125,5.126999855041504
2002-04-16,298.79998779296875,18.110000610351562,117.37000274658203,1128.3699951171875,5.177000045776367
2002-04-17,302.1000061035156,18.43000030517578,116.5999984741211,1126.0699462890625,5.218999862670898
2002-04-18,304.5,19.290000915527344,116.38999938964844,1124.469970703125,5.215000152587891
2002-04-19,302.29998779296875,18.299999237060547,116.29000091552734,1125.1700439453125,5.190000057220459
2002-04-22,303.0,19.770000457763672,116.43000030517578,1107.8299560546875,5.169000148773193
2002-04-23,304.0,20.280000686645508,116.56999969482422,1100.9599609375,5.164999961853027
2002-04-24,304.29998779296875,20.770000457763672,116.1500015258789,1093.1400146484375,5.09499979019165
2002-04-25,308.1000061035156,20.950000762939453,115.44999694824219,1091.47998046875,5.091000080108643
2002-04-26,311.6000061035156,22.139999389648438,115.04000091552734,1076.3199462890625,5.058000087738037
2002-04-29,311.20001220703125,24.049999237060547,114.88999938964844,1065.449951171875,5.098999977111816
2002-04-30,308.8999938964844,21.90999984741211,115.19000244140625,1076.9200439453125,5.091000080108643
2002-05-01,309.1000061035156,20.059999465942383,114.54000091552734,1086.4599609375,5.058000087738037
2002-05-02,308.29998779296875,20.06999969482422,114.87000274658203,1084.56005859375,5.098999977111816
2002-05-03,312.20001220703125,20.190000534057617,113.58999633789062,1073.4300537109375,5.061999797821045
2002-05-06,311.20001220703125,22.559999465942383,113.66000366210938,1052.6700439453125,5.078999996185303
2002-05-07,311.6000061035156,21.940000534057617,113.91999816894531,1049.489990234375,5.072999954223633
2002-05-08,308.20001220703125,20.389999389648438,114.91000366210938,1088.8499755859375,5.210000038146973
2002-05-09,309.5,21.559999465942383,114.5199966430664,1073.010009765625,5.186999797821045
2002-05-10,311.0,22.40999984741211,113.94999694824219,1054.989990234375,5.126999855041504
2002-05-13,310.6000061035156,20.719999313354492,114.1500015258789,1074.56005859375,5.21999979019165
2002-05-14,307.29998779296875,19.350000381469727,115.08999633789062,1097.280029296875,5.294000148773193
2002-05-15,308.70001220703125,19.190000534057617,114.12000274658203,1091.0699462890625,5.251999855041504
2002-05-16,309.79998779296875,18.5,114.12999725341797,1098.22998046875,5.186999797821045
2002-05-17,310.6000061035156,17.700000762939453,113.0,1106.5899658203125,5.241000175476074
2002-05-20,315.70001220703125,19.239999771118164,112.81999969482422,1091.8800048828125,5.189000129699707
2002-05-21,315.79998779296875,20.049999237060547,112.80000305175781,1079.8800048828125,5.1479997634887695
2002-05-22,318.0,19.579999923706055,112.33000183105469,1086.02001953125,5.099999904632568
2002-05-23,322.5,18.229999542236328,112.79000091552734,1097.0799560546875,5.1479997634887695
2002-05-24,320.3999938964844,18.899999618530273,112.80000305175781,1083.8199462890625,5.138000011444092
2002-05-28,323.8999938964844,20.309999465942383,112.0999984741211,1074.550048828125,5.133999824523926
2002-05-29,325.3999938964844,20.389999389648438,111.48999786376953,1067.6600341796875,5.077000141143799
2002-05-30,325.5,20.610000610351562,111.16999816894531,1064.6600341796875,5.0320000648498535
2002-05-31,326.5,19.979999542236328,111.80999755859375,1067.1400146484375,5.043000221252441
2002-06-03,326.70001220703125,23.3700008392334,111.30000305175781,1040.6800537109375,5.039999961853027
2002-06-04,327.79998779296875,23.889999389648438,111.08999633789062,1040.68994140625,5.01200008392334
2002-06-05,321.20001220703125,22.610000610351562,111.33999633789062,1049.9000244140625,5.040999889373779
2002-06-06,324.8999938964844,24.15999984741211,110.83000183105469,1029.1500244140625,5.010000228881836
2002-06-07,324.6000061035156,23.510000228881836,110.98999786376953,1027.530029296875,5.061999797821045
2002-06-10,318.70001220703125,23.719999313354492,111.0999984741211,1030.739990234375,5.043000221252441
2002-06-11,319.70001220703125,24.450000762939453,110.77999877929688,1013.5999755859375,4.991000175476074
2002-06-12,320.29998779296875,24.149999618530273,111.0,1020.260009765625,4.949999809265137
2002-06-13,317.70001220703125,25.020000457763672,111.1500015258789,1009.5599975585938,4.9070000648498535
2002-06-14,319.1000061035156,25.959999084472656,110.76000213623047,1007.27001953125,4.806000232696533
2002-06-17,317.3999938964844,24.639999389648438,110.8499984741211,1036.1700439453125,4.855999946594238
2002-06-18,319.20001220703125,24.239999771118164,110.19999694824219,1037.1400146484375,4.8480000495910645
2002-06-19,319.79998779296875,26.059999465942383,109.66999816894531,1019.989990234375,4.72599983215332
2002-06-20,323.20001220703125,27.479999542236328,108.94000244140625,1006.2899780273438,4.826000213623047
2002-06-21,324.6000061035156,27.229999542236328,108.19000244140625,989.1400146484375,4.755000114440918
2002-06-24,324.29998779296875,26.979999542236328,108.20999908447266,992.719970703125,4.843999862670898
2002-06-25,320.20001220703125,27.84000015258789,107.56999969482422,976.1400146484375,4.841000080108643
2002-06-26,320.5,28.420000076293945,106.55999755859375,973.530029296875,4.706999778747559
2002-06-27,319.20001220703125,26.290000915527344,106.37000274658203,990.6400146484375,4.809999942779541
2002-06-28,313.5,25.399999618530273,106.11000061035156,989.8200073242188,4.823999881744385
2002-07-01,314.0,27.110000610351562,106.51000213623047,968.6500244140625,4.815000057220459
2002-07-02,312.79998779296875,28.959999084472656,106.80000305175781,948.0900268554688,4.739999771118164
2002-07-03,310.8999938964844,29.420000076293945,107.05000305175781,953.989990234375,4.74399995803833
2002-07-08,312.1000061035156,28.25,106.30000305175781,976.97998046875,4.811999797821045
2002-07-09,316.1000061035156,30.219999313354492,105.6500015258789,952.8300170898438,4.741000175476074
2002-07-10,314.70001220703125,34.099998474121094,106.01000213623047,920.469970703125,4.645999908447266
2002-07-11,317.20001220703125,33.849998474121094,105.72000122070312,927.3699951171875,4.617000102996826
2002-07-12,315.6000061035156,32.939998626708984,105.88999938964844,921.3900146484375,4.59499979019165
2002-07-15,319.6000061035156,35.029998779296875,104.66999816894531,917.9299926757812,4.620999813079834
2002-07-16,317.20001220703125,36.650001525878906,104.48999786376953,900.9400024414062,4.709000110626221
2002-07-17,317.3999938964844,35.45000076293945,104.41999816894531,906.0399780273438,4.664999961853027
2002-07-18,317.0,35.119998931884766,104.47000122070312,881.5599975585938,4.610000133514404
2002-07-19,323.8999938964844,38.16999816894531,104.05999755859375,847.75,4.565000057220459
2002-07-22,323.6000061035156,41.869998931884766,104.75,819.8499755859375,4.4670000076293945
2002-07-23,312.70001220703125,44.91999816894531,106.66000366210938,797.7000122070312,4.426000118255615
2002-07-24,311.5,39.86000061035156,105.5199966430664,843.4299926757812,4.4029998779296875
2002-07-25,309.79998779296875,39.27000045776367,105.12000274658203,838.6799926757812,4.388000011444092
2002-07-26,303.3999938964844,35.5099983215332,106.61000061035156,852.8400268554688,4.367000102996826
2002-07-29,302.5,31.329999923706055,107.0999984741211,898.9600219726562,4.5329999923706055
2002-07-30,303.70001220703125,31.920000076293945,106.80000305175781,902.780029296875,4.580999851226807
2002-07-31,303.20001220703125,32.029998779296875,107.41000366210938,911.6199951171875,4.465000152587891
2002-08-01,304.0,36.95000076293945,107.0199966430664,884.6599731445312,4.401000022888184
2002-08-02,307.0,41.290000915527344,106.66999816894531,864.239990234375,4.261000156402588
2002-08-05,307.79998779296875,45.08000183105469,107.2699966430664,834.5999755859375,4.23799991607666
2002-08-06,305.5,42.029998779296875,108.69000244140625,859.5700073242188,4.36899995803833
2002-08-07,314.29998779296875,38.72999954223633,107.8499984741211,876.77001953125,4.291999816894531
2002-08-08,310.3999938964844,36.33000183105469,108.66000366210938,905.4600219726562,4.414999961853027
2002-08-09,314.20001220703125,35.33000183105469,108.20999908447266,908.6400146484375,4.267000198364258
2002-08-12,314.1000061035156,37.04999923706055,107.41000366210938,903.7999877929688,4.2170000076293945
2002-08-13,314.20001220703125,35.81999969482422,107.11000061035156,884.2100219726562,4.116000175476074
2002-08-14,311.79998779296875,32.36000061035156,106.79000091552734,919.6199951171875,4.063000202178955
2002-08-15,314.29998779296875,29.43000030517578,106.72000122070312,930.25,4.163000106811523
2002-08-16,313.70001220703125,28.809999465942383,106.72000122070312,928.77001953125,4.316999912261963
2002-08-19,306.0,28.610000610351562,107.5199966430664,950.7000122070312,4.297999858856201
2002-08-20,308.70001220703125,29.59000015258789,107.30999755859375,937.4299926757812,4.158999919891357
2002-08-21,307.6000061035156,28.229999542236328,107.13999938964844,949.3599853515625,4.190000057220459
2002-08-22,306.6000061035156,27.75,108.12999725341797,962.7000122070312,4.289999961853027
2002-08-23,306.70001220703125,29.31999969482422,107.97000122070312,940.8599853515625,4.228000164031982
2002-08-26,309.3999938964844,29.889999389648438,107.86000061035156,947.9500122070312,4.205999851226807
2002-08-27,312.29998779296875,30.110000610351562,106.7699966430664,934.8200073242188,4.2820000648498535
2002-08-28,309.3999938964844,33.31999969482422,107.08000183105469,917.8699951171875,4.2179999351501465
2002-08-29,312.8999938964844,33.66999816894531,106.69999694824219,917.7999877929688,4.160999774932861
2002-08-30,312.3999938964844,32.63999938964844,106.9800033569336,916.0700073242188,4.13700008392334
2002-09-03,313.3999938964844,39.970001220703125,105.56999969482422,878.02001953125,3.9800000190734863
2002-09-04,314.8999938964844,37.439998626708984,106.0999984741211,893.4000244140625,3.953000068664551
2002-09-05,318.20001220703125,38.86000061035156,105.9800033569336,879.1500244140625,3.9100000858306885
2002-09-06,319.8999938964844,36.33000183105469,106.83999633789062,893.9199829101562,4.035999774932861
2002-09-09,321.29998779296875,36.45000076293945,107.0999984741211,902.9600219726562,4.046999931335449
2002-09-10,317.8999938964844,35.08000183105469,107.5199966430664,909.5800170898438,3.98799991607666
2002-09-11,316.6000061035156,34.810001373291016,107.62000274658203,909.4500122070312,4.058000087738037
2002-09-12,318.8999938964844,37.5,107.16000366210938,886.9099731445312,3.9670000076293945
2002-09-13,316.6000061035156,35.81999969482422,108.05999755859375,889.8099975585938,3.9000000953674316
2002-09-16,317.1000061035156,36.7400016784668,108.23999786376953,891.0999755859375,3.874000072479248
2002-09-17,317.0,38.0099983215332,108.33000183105469,873.52001953125,3.86299991607666
2002-09-18,320.6000061035156,37.52000045776367,107.76000213623047,869.4600219726562,3.8489999771118164
2002-09-19,322.6000061035156,40.650001525878906,107.0,843.3200073242188,3.7799999713897705
2002-09-20,321.8999938964844,38.97999954223633,107.52999877929688,845.3900146484375,3.7760000228881836
2002-09-23,323.0,39.68000030517578,107.86000061035156,833.7000122070312,3.680999994277954
2002-09-24,325.8999938964844,40.52000045776367,107.5199966430664,819.2899780273438,3.6459999084472656
2002-09-25,322.20001220703125,37.33000183105469,107.79000091552734,839.6599731445312,3.759000062942505
2002-09-26,320.29998779296875,34.599998474121094,107.68000030517578,854.9500122070312,3.7660000324249268
2002-09-27,319.70001220703125,36.970001220703125,107.52999877929688,827.3699951171875,3.688999891281128
2002-09-30,323.8999938964844,39.689998626708984,106.87000274658203,815.280029296875,3.6070001125335693
2002-10-01,320.8999938964844,34.119998931884766,107.06999969482422,847.9099731445312,3.6989998817443848
2002-10-02,321.5,36.83000183105469,107.16000366210938,827.9099731445312,3.700000047683716
2002-10-03,321.1000061035156,37.310001373291016,106.97000122070312,818.9500122070312,3.684000015258789
2002-10-04,322.1000061035156,39.459999084472656,107.5999984741211,800.5800170898438,3.684999942779541
2002-10-07,321.8999938964844,42.63999938964844,107.55000305175781,785.280029296875,3.630000114440918
2002-10-08,318.20001220703125,41.02000045776367,108.06999969482422,798.5499877929688,3.635999917984009
2002-10-09,319.6000061035156,42.130001068115234,106.94000244140625,776.760009765625,3.5799999237060547
2002-10-10,316.5,37.54999923706055,107.19999694824219,803.9199829101562,3.6549999713897705
2002-10-11,316.29998779296875,35.70000076293945,107.25,835.3200073242188,3.812999963760376
2002-10-14,317.79998779296875,36.040000915527344,107.1500015258789,841.4400024414062,3.811000108718872
2002-10-15,312.6000061035156,34.02000045776367,107.77999877929688,881.27001953125,3.996000051498413
2002-10-16,314.0,36.0,107.62999725341797,860.02001953125,4.033999919891357
2002-10-17,311.6000061035156,34.099998474121094,108.37000274658203,879.2000122070312,4.136000156402588
2002-10-18,312.70001220703125,33.529998779296875,108.5199966430664,884.3900146484375,4.133999824523926
2002-10-21,310.8999938964844,33.11000061035156,108.2300033569336,899.719970703125,4.2210001945495605
2002-10-22,313.0,34.09000015258789,107.94000244140625,890.1599731445312,4.251999855041504
2002-10-23,312.0,33.20000076293945,108.0,896.1400146484375,4.236000061035156
2002-10-24,310.70001220703125,34.029998779296875,107.91000366210938,882.5,4.142000198364258
2002-10-25,313.3999938964844,30.0,107.91999816894531,897.6500244140625,4.09499979019165
2002-10-28,315.20001220703125,31.06999969482422,107.16000366210938,890.22998046875,4.084000110626221
2002-10-29,317.70001220703125,32.27000045776367,107.06999969482422,882.1500244140625,3.934000015258789
2002-10-30,316.5,31.229999542236328,107.06999969482422,890.7100219726562,3.9660000801086426
2002-10-31,318.0,31.139999389648438,106.63999938964844,885.760009765625,3.9110000133514404
2002-11-01,318.79998779296875,29.299999237060547,106.08000183105469,900.9600219726562,3.9769999980926514
2002-11-04,318.29998779296875,30.81999969482422,106.12000274658203,908.3499755859375,4.045000076293945
2002-11-05,318.20001220703125,31.229999542236328,105.87000274658203,915.3900146484375,4.080999851226807
2002-11-06,317.5,30.729999542236328,105.5999984741211,923.760009765625,4.034999847412109
2002-11-07,320.5,31.420000076293945,104.97000122070312,902.6500244140625,3.881999969482422
2002-11-08,321.29998779296875,29.40999984741211,104.5,894.739990234375,3.8519999980926514
2002-11-11,321.20001220703125,31.299999237060547,104.56999969482422,876.1900024414062,3.8519999980926514
2002-11-12,324.5,30.579999923706055,104.66000366210938,882.9500122070312,3.8510000705718994
2002-11-13,318.70001220703125,31.239999771118164,105.0999984741211,882.530029296875,3.8380000591278076
2002-11-14,317.8999938964844,28.670000076293945,105.20999908447266,904.27001953125,4.020999908447266
2002-11-15,320.70001220703125,26.649999618530273,105.04000091552734,909.8300170898438,4.051000118255615
2002-11-18,319.20001220703125,27.65999984741211,105.19999694824219,900.3599853515625,4.019000053405762
2002-11-19,318.6000061035156,27.40999984741211,105.66999816894531,896.739990234375,3.9800000190734863
2002-11-20,317.3999938964844,25.31999969482422,105.87000274658203,914.1500244140625,4.074999809265137
2002-11-21,317.3999938964844,23.809999465942383,105.80999755859375,933.760009765625,4.14300012588501
2002-11-22,320.70001220703125,23.15999984741211,106.12000274658203,930.5499877929688,4.175000190734863
2002-11-25,317.79998779296875,24.06999969482422,106.54000091552734,932.8699951171875,4.184000015258789
2002-11-26,317.70001220703125,25.969999313354492,106.52999877929688,913.3099975585938,4.078999996185303
2002-11-27,316.79998779296875,27.25,106.7699966430664,938.8699951171875,4.260000228881836
2002-12-02,317.6000061035156,27.459999084472656,106.3499984741211,934.530029296875,4.218999862670898
2002-12-03,320.20001220703125,28.329999923706055,106.37000274658203,920.75,4.232999801635742
2002-12-04,322.20001220703125,28.920000076293945,106.13999938964844,917.5800170898438,4.171999931335449
2002-12-05,324.79998779296875,30.100000381469727,106.0999984741211,906.5499877929688,4.113999843597412
2002-12-06,326.29998779296875,28.8799991607666,105.36000061035156,912.22998046875,4.0929999351501465
2002-12-09,325.79998779296875,30.780000686645508,105.23999786376953,892.0,4.050000190734863
2002-12-10,323.5,28.760000228881836,105.37000274658203,904.4500122070312,4.048999786376953
2002-12-11,324.79998779296875,27.760000228881836,105.3499984741211,904.9600219726562,3.99399995803833
2002-12-12,331.3999938964844,27.290000915527344,104.51000213623047,901.5800170898438,4.00600004196167
2002-12-13,333.20001220703125,28.18000030517578,103.9800033569336,889.47998046875,4.061999797821045
2002-12-16,337.0,26.239999771118164,104.05999755859375,910.4000244140625,4.130000114440918
2002-12-17,337.3999938964844,26.65999984741211,103.51000213623047,902.989990234375,4.113999843597412
2002-12-18,342.1000061035156,28.290000915527344,103.62999725341797,891.1199951171875,4.053999900817871
2002-12-19,345.8999938964844,30.209999084472656,103.4800033569336,884.25,3.9489998817443848
2002-12-20,340.5,26.709999084472656,103.45999908447266,895.760009765625,3.953000068664551
2002-12-23,345.1000061035156,26.200000762939453,103.63999938964844,897.3800048828125,3.9670000076293945
2002-12-24,346.79998779296875,26.489999771118164,103.25,892.469970703125,3.936000108718872
2002-12-26,348.8999938964844,27.3700008392334,102.81999969482422,889.6599731445312,3.9140000343322754
2002-12-27,349.20001220703125,29.549999237060547,102.41000366210938,875.4000244140625,3.812999963760376
2002-12-30,343.3999938964844,29.6200008392334,102.01000213623047,879.3900146484375,3.7839999198913574
2002-12-31,347.6000061035156,28.6200008392334,101.8499984741211,879.8200073242188,3.818000078201294
2003-01-02,346.1000061035156,25.389999389648438,102.9800033569336,909.030029296875,4.0320000648498535
2003-01-03,351.20001220703125,24.68000030517578,102.47000122070312,908.5900268554688,4.038000106811523
2003-01-06,351.70001220703125,24.90999984741211,101.97000122070312,929.010009765625,4.065999984741211
2003-01-07,347.29998779296875,25.1299991607666,102.56999969482422,922.9299926757812,4.025000095367432
2003-01-08,353.8999938964844,25.530000686645508,101.87000274658203,909.9299926757812,3.9809999465942383
2003-01-09,353.29998779296875,24.25,101.94000244140625,927.5700073242188,4.1479997634887695
2003-01-10,354.5,24.31999969482422,101.2300033569336,927.5700073242188,4.1519999504089355
2003-01-13,354.70001220703125,24.899999618530273,101.47000122070312,926.260009765625,4.127999782562256
2003-01-14,352.0,24.56999969482422,101.20999908447266,931.6599731445312,4.085000038146973
2003-01-15,350.70001220703125,25.510000228881836,101.33999633789062,918.219970703125,4.072000026702881
2003-01-16,357.70001220703125,25.010000228881836,100.79000091552734,914.5999755859375,4.067999839782715
2003-01-17,356.6000061035156,25.700000762939453,100.55000305175781,901.780029296875,4.014999866485596
2003-01-21,357.29998779296875,27.59000015258789,100.2300033569336,887.6199951171875,3.989000082015991
2003-01-22,359.70001220703125,29.010000228881836,100.2300033569336,878.3599853515625,3.9230000972747803
2003-01-23,364.5,27.530000686645508,99.86000061035156,887.3400268554688,3.947000026702881
2003-01-24,368.20001220703125,31.510000228881836,99.22000122070312,861.4000244140625,3.9030001163482666
2003-01-27,369.3999938964844,34.689998626708984,99.26000213623047,847.47998046875,3.9570000171661377
2003-01-28,370.0,31.93000030517578,99.4800033569336,858.5399780273438,3.9779999256134033
2003-01-29,366.29998779296875,31.260000228881836,99.27999877929688,864.3599853515625,4.0329999923706055
2003-01-30,368.6000061035156,31.31999969482422,99.5199966430664,844.6099853515625,3.990000009536743
2003-01-31,368.29998779296875,31.170000076293945,99.91000366210938,855.7000122070312,3.9749999046325684
2003-02-03,370.79998779296875,31.020000457763672,99.9000015258789,860.3200073242188,3.992000102996826
2003-02-04,379.0,32.7599983215332,99.13999938964844,848.2000122070312,3.930999994277954
2003-02-05,376.3999938964844,33.040000915527344,99.6500015258789,843.5900268554688,4.000999927520752
2003-02-06,370.1000061035156,33.349998474121094,99.45999908447266,838.1500244140625,3.944999933242798
2003-02-07,369.8999938964844,34.0099983215332,99.56999969482422,829.6900024414062,3.9240000247955322
2003-02-10,363.70001220703125,33.9900016784668,100.2699966430664,835.969970703125,3.9769999980926514
2003-02-11,362.5,33.68000030517578,100.38999938964844,829.2000122070312,3.9570000171661377
2003-02-12,352.6000061035156,34.33000183105469,100.51000213623047,818.6799926757812,3.9119999408721924
2003-02-13,357.3999938964844,33.70000076293945,99.58999633789062,817.3699951171875,3.871000051498413
2003-02-14,351.8999938964844,32.619998931884766,100.04000091552734,834.8900146484375,3.9519999027252197
2003-02-18,344.20001220703125,31.110000610351562,100.52999877929688,851.1699829101562,3.947999954223633
2003-02-19,349.8999938964844,31.309999465942383,100.0,845.1300048828125,3.88100004196167
2003-02-20,353.1000061035156,31.15999984741211,99.55000305175781,837.0999755859375,3.8459999561309814
2003-02-21,351.79998779296875,30.25,100.08999633789062,848.1699829101562,3.8929998874664307
2003-02-24,356.29998779296875,31.979999542236328,99.66000366210938,832.5800170898438,3.8440001010894775
2003-02-25,352.29998779296875,31.739999771118164,99.83000183105469,838.5700073242188,3.808000087738037
2003-02-26,354.0,31.940000534057617,99.62000274658203,827.5499877929688,3.7730000019073486
2003-02-27,346.1000061035156,30.530000686645508,99.80999755859375,837.280029296875,3.752000093460083
2003-02-28,350.20001220703125,29.6299991607666,99.70999908447266,841.1500244140625,3.696000099182129
2003-03-03,349.20001220703125,30.43000030517578,99.0999984741211,834.8099975585938,3.6760001182556152
2003-03-04,353.20001220703125,31.829999923706055,99.12999725341797,821.989990234375,3.6449999809265137
2003-03-05,353.1000061035156,30.3799991607666,98.27999877929688,829.8499755859375,3.619999885559082
2003-03-06,356.79998779296875,31.3700008392334,98.30999755859375,822.0999755859375,3.6519999504089355
2003-03-07,350.79998779296875,31.079999923706055,98.04000091552734,828.8900146484375,3.619999885559082
2003-03-10,354.70001220703125,33.310001373291016,97.8499984741211,807.47998046875,3.5739998817443848
2003-03-11,350.5,33.61000061035156,97.98999786376953,800.72998046875,3.5859999656677246
2003-03-12,346.5,33.5099983215332,98.16000366210938,804.1900024414062,3.5889999866485596
2003-03-13,335.8999938964844,31.760000228881836,99.55000305175781,831.9000244140625,3.7320001125335693
2003-03-14,336.5,30.979999542236328,99.98999786376953,833.27001953125,3.7070000171661377
2003-03-17,337.1000061035156,31.75,100.73999786376953,862.7899780273438,3.815999984741211
2003-03-18,337.6000061035156,30.43000030517578,100.86000061035156,866.4500122070312,3.8980000019073486
2003-03-19,336.1000061035156,31.540000915527344,101.58000183105469,874.02001953125,3.9649999141693115
2003-03-20,332.8999938964844,30.440000534057617,101.1500015258789,875.6699829101562,4.00600004196167
2003-03-21,326.0,28.670000076293945,101.91999816894531,895.7899780273438,4.09499979019165
2003-03-24,329.5,30.389999389648438,100.9800033569336,864.22998046875,3.9730000495910645
2003-03-25,328.3999938964844,28.75,100.87000274658203,874.739990234375,3.9609999656677246
2003-03-26,330.29998779296875,28.229999542236328,100.61000061035156,869.9500122070312,3.944000005722046
2003-03-27,328.70001220703125,27.959999084472656,100.63999938964844,868.52001953125,3.9260001182556152
2003-03-28,328.70001220703125,27.75,99.95999908447266,863.5,3.8959999084472656
2003-03-31,335.8999938964844,29.149999618530273,99.05999755859375,848.1799926757812,3.822999954223633
2003-04-01,334.29998779296875,28.360000610351562,99.1500015258789,858.47998046875,3.8269999027252197
2003-04-02,329.6000061035156,28.020000457763672,100.08000183105469,880.9000244140625,3.931999921798706
2003-04-03,324.8999938964844,28.209999084472656,100.33999633789062,876.4500122070312,3.9159998893737793
2003-04-04,325.29998779296875,29.1299991607666,100.44999694824219,878.8499755859375,3.944000005722046
2003-04-07,321.5,28.450000762939453,101.04000091552734,879.9299926757812,4.013999938964844
2003-04-08,322.20001220703125,27.1299991607666,100.52999877929688,878.2899780273438,3.936000108718872
2003-04-09,325.6000061035156,27.110000610351562,100.16000366210938,865.989990234375,3.9010000228881836
2003-04-10,326.70001220703125,25.600000381469727,99.81999969482422,871.5800170898438,3.934000015258789
2003-04-11,327.8999938964844,24.440000534057617,100.18000030517578,868.2999877929688,3.9809999465942383
2003-04-14,324.20001220703125,23.40999984741211,99.95999908447266,885.22998046875,4.020999908447266
2003-04-15,324.8999938964844,22.559999465942383,99.76000213623047,890.8099975585938,3.9709999561309814
2003-04-16,325.79998779296875,22.520000457763672,99.05999755859375,879.9099731445312,3.937999963760376
2003-04-17,327.20001220703125,21.5,99.30000305175781,893.5800170898438,3.9570000171661377
2003-04-21,333.5,21.950000762939453,99.58999633789062,892.010009765625,3.9790000915527344
2003-04-22,334.3999938964844,20.700000762939453,98.7300033569336,911.3699951171875,3.9830000400543213
2003-04-23,331.5,20.799999237060547,98.77999877929688,919.02001953125,3.994999885559082
2003-04-24,334.79998779296875,20.329999923706055,98.33000183105469,911.4299926757812,3.9049999713897705
2003-04-25,333.3999938964844,20.799999237060547,98.36000061035156,898.8099975585938,3.885999917984009
2003-04-28,334.5,20.84000015258789,98.66999816894531,914.8400268554688,3.9000000953674316
2003-04-29,333.70001220703125,20.760000228881836,98.0199966430664,917.8400268554688,3.928999900817871
2003-04-30,339.1000061035156,21.209999084472656,97.19000244140625,916.9199829101562,3.8570001125335693
2003-05-01,342.1000061035156,21.59000015258789,96.69999694824219,916.2999877929688,3.8559999465942383
2003-05-02,341.0,20.6299991607666,96.76000213623047,930.0800170898438,3.9130001068115234
2003-05-05,342.29998779296875,21.1299991607666,96.37000274658203,926.5499877929688,3.88700008392334
2003-05-06,342.5,20.799999237060547,95.33999633789062,934.3900146484375,3.808000087738037
2003-05-07,341.8999938964844,21.0,95.58000183105469,929.6199951171875,3.693000078201294
2003-05-08,348.3999938964844,21.239999771118164,94.93000030517578,920.27001953125,3.6710000038146973
2003-05-09,348.6000061035156,19.690000534057617,94.9800033569336,933.4099731445312,3.690999984741211
2003-05-12,351.6000061035156,19.520000457763672,94.55000305175781,945.1099853515625,3.6389999389648438
2003-05-13,350.0,19.90999984741211,94.72000122070312,942.2999877929688,3.622999906539917
2003-05-14,352.29998779296875,20.0,94.58000183105469,939.280029296875,3.5369999408721924
2003-05-15,352.6000061035156,19.239999771118164,95.22000122070312,946.6699829101562,3.5369999408721924
2003-05-16,354.70001220703125,18.399999618530273,94.08000183105469,944.2999877929688,3.4619998931884766
2003-05-19,364.20001220703125,20.510000228881836,93.77999877929688,920.77001953125,3.4519999027252197
2003-05-20,366.29998779296875,21.290000915527344,93.26000213623047,919.72998046875,3.374000072479248
2003-05-21,372.0,21.209999084472656,93.54000091552734,923.4199829101562,3.390000104904175
2003-05-22,368.1000061035156,19.780000686645508,93.55999755859375,931.8699951171875,3.3389999866485596
2003-05-23,368.79998779296875,19.170000076293945,93.05000305175781,933.219970703125,3.3329999446868896
2003-05-27,367.79998779296875,19.989999771118164,92.72000122070312,951.47998046875,3.4010000228881836
2003-05-28,365.20001220703125,20.030000686645508,93.44999694824219,953.219970703125,3.430999994277954
2003-05-29,369.6000061035156,20.43000030517578,92.70999908447266,949.6400146484375,3.3389999866485596
2003-05-30,364.5,19.469999313354492,93.2699966430664,963.5900268554688,3.3499999046325684
2003-06-02,366.0,20.850000381469727,93.33999633789062,967.0,3.428999900817871
2003-06-03,365.20001220703125,20.84000015258789,93.52999877929688,971.5599975585938,3.3420000076293945
2003-06-04,362.6000061035156,20.6200008392334,93.7300033569336,986.239990234375,3.2909998893737793
2003-06-05,368.6000061035156,20.829999923706055,92.5199966430664,990.1400146484375,3.3310000896453857
2003-06-06,363.70001220703125,21.25,93.4800033569336,987.760009765625,3.3519999980926514
2003-06-09,361.79998779296875,22.149999618530273,93.30000305175781,975.9299926757812,3.2790000438690186
2003-06-10,352.20001220703125,20.639999389648438,93.55999755859375,984.8400268554688,3.194000005722046
2003-06-11,355.5,20.209999084472656,92.97000122070312,997.47998046875,3.187999963760376
2003-06-12,353.29998779296875,20.40999984741211,92.9000015258789,998.510009765625,3.1679999828338623
2003-06-13,356.6000061035156,20.65999984741211,92.22000122070312,988.6099853515625,3.1040000915527344
2003-06-16,359.0,20.219999313354492,92.4000015258789,1010.739990234375,3.1700000762939453
2003-06-17,363.20001220703125,20.010000228881836,92.61000061035156,1011.6599731445312,3.2660000324249268
2003-06-18,357.20001220703125,19.760000228881836,93.16999816894531,1010.0900268554688,3.359999895095825
2003-06-19,361.29998779296875,19.799999237060547,93.16000366210938,994.7000122070312,3.3410000801086426
2003-06-20,356.29998779296875,19.139999389648438,94.04000091552734,995.6900024414062,3.3959999084472656
2003-06-23,353.0,20.579999923706055,94.08000183105469,981.6400146484375,3.315000057220459
2003-06-24,346.29998779296875,20.75,94.38999938964844,983.4500122070312,3.265000104904175
2003-06-25,349.29998779296875,20.809999465942383,94.12000274658203,975.3200073242188,3.3610000610351562
2003-06-26,343.8999938964844,19.399999618530273,94.97000122070312,985.8200073242188,3.5339999198913574
2003-06-27,345.20001220703125,19.15999984741211,95.1500015258789,976.219970703125,3.5810000896453857
2003-06-30,346.0,19.520000457763672,94.7300033569336,974.5,3.5280001163482666
2003-07-01,351.3999938964844,19.459999084472656,94.30000305175781,982.3200073242188,3.5490000247955322
2003-07-02,351.29998779296875,19.030000686645508,94.12000274658203,993.75,3.5360000133514404
2003-07-03,351.0,19.389999389648438,94.41000366210938,985.7000122070312,3.6549999713897705
2003-07-07,348.1000061035156,20.059999465942383,95.51000213623047,1004.4199829101562,3.7070000171661377
2003-07-08,344.1000061035156,19.479999542236328,95.81999969482422,1007.8400268554688,3.7330000400543213
2003-07-09,343.6000061035156,18.93000030517578,95.58999633789062,1002.2100219726562,3.7060000896453857
2003-07-10,344.29998779296875,19.190000534057617,95.38999938964844,988.7000122070312,3.677000045776367
2003-07-11,344.79998779296875,18.469999313354492,95.80000305175781,998.1400146484375,3.640000104904175
2003-07-14,347.70001220703125,19.59000015258789,96.06999969482422,1003.8599853515625,3.7139999866485596
2003-07-15,342.1000061035156,19.549999237060547,96.06999969482422,1000.4199829101562,3.9140000343322754
2003-07-16,343.1000061035156,19.760000228881836,96.72000122070312,994.0900268554688,3.944999933242798
2003-07-17,344.20001220703125,20.219999313354492,96.86000061035156,981.72998046875,3.9539999961853027
2003-07-18,347.20001220703125,19.110000610351562,96.86000061035156,993.3200073242188,3.9690001010894775
2003-07-21,350.8999938964844,19.780000686645508,96.11000061035156,978.7999877929688,4.173999786376953
2003-07-22,350.6000061035156,19.170000076293945,96.37999725341797,988.1099853515625,4.150000095367432
2003-07-23,358.6000061035156,18.639999389648438,95.44000244140625,988.6099853515625,4.1020002365112305
2003-07-24,362.20001220703125,18.600000381469727,95.33999633789062,981.5999755859375,4.166999816894531
2003-07-25,362.70001220703125,17.75,94.95999908447266,998.6799926757812,4.177999973297119
2003-07-28,364.79998779296875,18.360000610351562,95.05999755859375,996.52001953125,4.283999919891357
2003-07-29,361.70001220703125,18.670000076293945,95.33000183105469,989.280029296875,4.3979997634887695
2003-07-30,356.20001220703125,18.850000381469727,96.06999969482422,987.489990234375,4.315000057220459
2003-07-31,354.0,19.489999771118164,96.88999938964844,990.3099975585938,4.473999977111816
2003-08-01,346.1000061035156,20.75,96.66000366210938,980.1500244140625,4.414999961853027
2003-08-04,349.20001220703125,21.270000457763672,96.18000030517578,982.8200073242188,4.320000171661377
2003-08-05,349.6000061035156,22.68000030517578,96.16000366210938,965.4600219726562,4.440999984741211
2003-08-06,350.79998779296875,21.5,96.2300033569336,967.0800170898438,4.288000106811523
2003-08-07,352.5,20.260000228881836,95.83000183105469,974.1199951171875,4.229000091552734
2003-08-08,356.29998779296875,19.59000015258789,96.36000061035156,977.5900268554688,4.289000034332275
2003-08-11,361.70001220703125,19.75,95.87000274658203,980.5900268554688,4.370999813079834
2003-08-12,358.5,17.940000534057617,96.1500015258789,990.3499755859375,4.35699987411499
2003-08-13,362.1000061035156,18.770000457763672,96.18000030517578,984.030029296875,4.559999942779541
2003-08-14,366.0,18.469999313354492,96.68000030517578,990.510009765625,4.585999965667725
2003-08-15,363.20001220703125,18.270000457763672,96.6500015258789,990.6699829101562,4.5279998779296875
2003-08-18,358.3999938964844,18.18000030517578,97.3499984741211,999.739990234375,4.4770002365112305
2003-08-19,361.6000061035156,17.860000610351562,97.30999755859375,1002.3499755859375,4.38100004196167
2003-08-20,365.6000061035156,17.81999969482422,97.37000274658203,1000.2999877929688,4.440999984741211
2003-08-21,360.6000061035156,17.84000015258789,98.61000061035156,1003.27001953125,4.506999969482422
2003-08-22,363.1000061035156,18.549999237060547,98.83000183105469,993.0599975585938,4.459000110626221
2003-08-25,361.29998779296875,19.530000686645508,98.83000183105469,993.7100219726562,4.5269999504089355
2003-08-26,365.79998779296875,19.489999771118164,98.76000213623047,996.72998046875,4.486000061035156
2003-08-27,373.5,19.1299991607666,98.86000061035156,996.7899780273438,4.535999774932861
2003-08-28,370.5,18.479999542236328,98.83000183105469,1002.8400268554688,4.429999828338623
2003-08-29,375.70001220703125,18.6299991607666,98.0999984741211,1008.010009765625,4.453999996185303
2003-09-02,373.20001220703125,19.020000457763672,98.94999694824219,1021.989990234375,4.60099983215332
2003-09-03,373.8999938964844,19.440000534057617,98.70999908447266,1026.27001953125,4.598999977111816
2003-09-04,372.8999938964844,18.709999084472656,98.19999694824219,1027.969970703125,4.513000011444092
2003-09-05,377.6000061035156,18.170000076293945,97.08999633789062,1021.3900146484375,4.354000091552734
2003-09-08,375.1000061035156,18.260000228881836,97.16000366210938,1031.6400146484375,4.388999938964844
2003-09-09,381.70001220703125,18.850000381469727,96.44000244140625,1023.1699829101562,4.370999813079834
2003-09-10,380.0,20.010000228881836,96.5,1010.9199829101562,4.269000053405762
2003-09-11,379.70001220703125,19.25,96.55999755859375,1016.4199829101562,4.334000110626221
2003-09-12,375.79998779296875,18.68000030517578,96.01000213623047,1018.6300048828125,4.269000053405762
2003-09-15,374.5,19.280000686645508,95.9800033569336,1014.8099975585938,4.244999885559082
2003-09-16,373.5,18.030000686645508,96.66999816894531,1029.3199462890625,4.290999889373779
2003-09-17,376.20001220703125,18.149999618530273,95.73999786376953,1025.969970703125,4.190999984741211
2003-09-18,376.6000061035156,17.56999969482422,95.94999694824219,1039.5799560546875,4.184000015258789
2003-09-19,381.79998779296875,17.540000915527344,94.95999908447266,1036.300048828125,4.1620001792907715
2003-09-22,387.20001220703125,19.649999618530273,93.8499984741211,1022.8200073242188,4.241000175476074
2003-09-23,385.8999938964844,19.469999313354492,93.98999786376953,1029.030029296875,4.214000225067139
2003-09-24,387.5,21.219999313354492,93.69999694824219,1009.3800048828125,4.135000228881836
2003-09-25,385.0,22.260000228881836,93.76000213623047,1003.27001953125,4.1020002365112305
2003-09-26,380.79998779296875,22.229999542236328,93.87000274658203,996.8499755859375,4.0229997634887695
2003-09-29,382.3999938964844,21.670000076293945,93.08000183105469,1006.5800170898438,4.077000141143799
2003-09-30,385.3999938964844,22.719999313354492,92.8499984741211,995.969970703125,3.937000036239624
2003-10-01,384.29998779296875,21.06999969482422,92.38999938964844,1018.219970703125,3.931999921798706
2003-10-02,383.1000061035156,20.799999237060547,92.41999816894531,1020.239990234375,4.008999824523926
2003-10-03,369.3999938964844,19.5,93.2300033569336,1029.8499755859375,4.195000171661377
2003-10-06,372.70001220703125,19.510000228881836,92.41000366210938,1034.3499755859375,4.151000022888184
2003-10-07,377.20001220703125,19.40999984741211,91.88999938964844,1039.25,4.24399995803833
2003-10-08,375.3999938964844,19.18000030517578,91.7300033569336,1033.780029296875,4.242000102996826
2003-10-09,369.20001220703125,18.81999969482422,91.98999786376953,1038.72998046875,4.302000045776367
2003-10-10,373.6000061035156,18.450000762939453,91.5199966430664,1038.06005859375,4.248000144958496
2003-10-13,375.20001220703125,17.549999237060547,91.88999938964844,1045.3499755859375,4.255000114440918
2003-10-14,375.70001220703125,17.3700008392334,91.83000183105469,1049.47998046875,4.349999904632568
2003-10-15,372.6000061035156,17.690000534057617,92.41999816894531,1046.760009765625,4.396999835968018
2003-10-16,372.70001220703125,17.190000534057617,92.61000061035156,1050.0699462890625,4.454999923706055
2003-10-17,371.79998779296875,17.6200008392334,92.29000091552734,1039.3199462890625,4.388000011444092
2003-10-20,374.0,17.040000915527344,92.43000030517578,1044.6800537109375,4.380000114440918
2003-10-21,381.70001220703125,16.549999237060547,92.37000274658203,1046.030029296875,4.366000175476074
2003-10-22,386.5,17.670000076293945,91.2699966430664,1030.3599853515625,4.2729997634887695
2003-10-23,384.70001220703125,17.68000030517578,91.51000213623047,1033.77001953125,4.315999984741211
2003-10-24,388.8999938964844,17.709999084472656,91.27999877929688,1028.9100341796875,4.211999893188477
2003-10-27,387.8999938964844,18.049999237060547,91.61000061035156,1031.1300048828125,4.264999866485596
2003-10-28,383.20001220703125,16.81999969482422,91.86000061035156,1046.7900390625,4.189000129699707
2003-10-29,386.79998779296875,16.43000030517578,91.86000061035156,1048.1099853515625,4.275000095367432
2003-10-30,384.29998779296875,16.329999923706055,92.20999908447266,1046.93994140625,4.339000225067139
2003-10-31,384.5,16.100000381469727,92.7300033569336,1050.7099609375,4.301000118255615
2003-11-03,377.0,16.549999237060547,93.66000366210938,1059.02001953125,4.368000030517578
2003-11-04,379.8999938964844,16.549999237060547,93.2300033569336,1053.25,4.304999828338623
2003-11-05,382.6000061035156,16.860000610351562,93.62999725341797,1051.81005859375,4.349999904632568
2003-11-06,380.6000061035156,16.739999771118164,93.88999938964844,1058.050048828125,4.418000221252441
2003-11-07,383.29998779296875,16.93000030517578,93.0199966430664,1053.2099609375,4.449999809265137
2003-11-10,386.6000061035156,17.6200008392334,93.05000305175781,1047.1099853515625,4.460000038146973
2003-11-12,394.8999938964844,16.75,92.30999755859375,1058.530029296875,4.4120001792907715
2003-11-13,394.1000061035156,16.469999313354492,91.61000061035156,1058.4100341796875,4.270999908447266
2003-11-14,397.79998779296875,16.940000534057617,91.44000244140625,1050.3499755859375,4.232999801635742
2003-11-17,391.5,18.600000381469727,91.52999877929688,1043.6300048828125,4.188000202178955
2003-11-18,397.6000061035156,19.110000610351562,90.33000183105469,1034.1500244140625,4.166999816894531
2003-11-19,394.8999938964844,18.799999237060547,90.9000015258789,1042.43994140625,4.235000133514404
2003-11-20,393.70001220703125,19.479999542236328,90.66000366210938,1033.6500244140625,4.1539998054504395
2003-11-21,396.0,18.979999542236328,90.5999984741211,1035.280029296875,4.146999835968018
2003-11-24,391.5,17.440000534057617,91.58999633789062,1052.0799560546875,4.2270002365112305
2003-11-25,391.1000061035156,16.709999084472656,91.45999908447266,1053.8900146484375,4.185999870300293
2003-11-26,396.79998779296875,16.229999542236328,90.5999984741211,1058.449951171875,4.242000102996826
2003-12-01,402.70001220703125,16.770000457763672,90.3499984741211,1070.1199951171875,4.392000198364258
2003-12-02,403.70001220703125,16.270000457763672,89.63999938964844,1066.6199951171875,4.380000114440918
2003-12-03,403.8999938964844,16.6299991607666,89.5,1064.72998046875,4.409999847412109
2003-12-04,403.29998779296875,16.299999237060547,89.5999984741211,1069.719970703125,4.36899995803833
2003-12-05,406.3999938964844,17.09000015258789,89.13999938964844,1061.5,4.215000152587891
2003-12-08,406.6000061035156,16.540000915527344,88.75,1069.300048828125,4.2779998779296875
2003-12-09,408.20001220703125,17.6299991607666,88.61000061035156,1060.1800537109375,4.3520002365112305
2003-12-10,406.20001220703125,17.8700008392334,88.8499984741211,1059.050048828125,4.317999839782715
2003-12-11,404.6000061035156,16.729999542236328,88.87999725341797,1071.2099609375,4.23799991607666
2003-12-12,409.3999938964844,16.40999984741211,88.48999786376953,1074.1400146484375,4.242000102996826
2003-12-15,409.20001220703125,17.229999542236328,88.45999908447266,1068.0400390625,4.275000095367432
2003-12-16,407.70001220703125,15.930000305175781,88.30999755859375,1075.1300048828125,4.234000205993652
2003-12-17,412.0,15.579999923706055,87.94000244140625,1076.47998046875,4.189000129699707
2003-12-18,410.3999938964844,16.15999984741211,87.8499984741211,1089.1800537109375,4.140999794006348
2003-12-19,409.20001220703125,16.420000076293945,88.11000061035156,1088.6600341796875,4.132999897003174
2003-12-22,410.6000061035156,16.940000534057617,87.98999786376953,1092.93994140625,4.164000034332275
2003-12-23,411.0,16.489999771118164,87.98999786376953,1096.02001953125,4.269000053405762
2003-12-24,412.29998779296875,16.65999984741211,87.54000091552734,1094.0400390625,4.186999797821045
2003-12-29,414.79998779296875,17.09000015258789,87.3499984741211,1109.47998046875,4.230000019073486
2003-12-30,416.8999938964844,17.68000030517578,87.0,1109.6400146484375,4.2789998054504395
2003-12-31,415.70001220703125,18.309999465942383,86.91999816894531,1111.9200439453125,4.256999969482422
2004-01-05,424.3999938964844,17.489999771118164,86.06999969482422,1122.219970703125,4.38700008392334
2004-01-06,422.79998779296875,16.729999542236328,85.62999725341797,1123.6700439453125,4.2769999504089355
2004-01-07,421.8999938964844,15.5,86.19999694824219,1126.3299560546875,4.245999813079834
2004-01-08,424.0,15.609999656677246,85.56999969482422,1131.9200439453125,4.249000072479248
2004-01-09,426.3999938964844,16.75,85.11000061035156,1121.8599853515625,4.085999965667725
2004-01-12,426.29998779296875,16.81999969482422,85.55000305175781,1127.22998046875,4.083000183105469
2004-01-13,423.70001220703125,18.040000915527344,85.51000213623047,1121.219970703125,4.0279998779296875
2004-01-14,421.70001220703125,16.75,86.02999877929688,1130.52001953125,3.9860000610351562
2004-01-15,408.3999938964844,15.5600004196167,86.55999755859375,1132.050048828125,3.9709999561309814
2004-01-16,406.70001220703125,15.0,87.7300033569336,1139.8299560546875,4.013999938964844
2004-01-20,412.70001220703125,15.210000038146973,86.70999908447266,1138.77001953125,4.057000160217285
2004-01-21,411.1000061035156,14.34000015258789,86.36000061035156,1147.6199951171875,4.0370001792907715
2004-01-22,410.0,14.710000038146973,85.81999969482422,1143.93994140625,3.9690001010894775
2004-01-23,407.8999938964844,14.84000015258789,86.55999755859375,1141.550048828125,4.065999984741211
2004-01-26,406.6000061035156,14.550000190734863,87.25,1155.3699951171875,4.139999866485596
2004-01-27,410.0,15.350000381469727,86.27999877929688,1144.050048828125,4.086999893188477
2004-01-28,414.5,16.780000686645508,86.97000122070312,1128.47998046875,4.195000171661377
2004-01-29,398.5,17.139999389648438,87.58000183105469,1134.1099853515625,4.197000026702881
2004-01-30,402.20001220703125,16.6299991607666,87.19999694824219,1131.1300048828125,4.138000011444092
2004-02-02,398.70001220703125,17.110000610351562,87.52999877929688,1135.260009765625,4.151000022888184
2004-02-03,399.20001220703125,17.34000015258789,86.79000091552734,1136.030029296875,4.099999904632568
2004-02-04,401.0,17.8700008392334,86.83999633789062,1126.52001953125,4.124000072479248
2004-02-05,398.1000061035156,17.709999084472656,86.9000015258789,1128.5899658203125,4.173999786376953
2004-02-06,403.6000061035156,16.0,86.0199966430664,1142.760009765625,4.089000225067139
2004-02-09,406.79998779296875,16.389999389648438,86.0,1139.81005859375,4.065000057220459
2004-02-10,406.3999938964844,15.9399995803833,85.83999633789062,1145.5400390625,4.1020002365112305
2004-02-11,410.20001220703125,15.390000343322754,85.19999694824219,1157.760009765625,4.020999908447266
2004-02-12,413.70001220703125,15.3100004196167,85.29000091552734,1152.1099853515625,4.058000087738037
2004-02-13,410.29998779296875,15.579999923706055,85.55999755859375,1145.81005859375,4.047999858856201
2004-02-17,416.0,15.399999618530273,85.0199966430664,1156.989990234375,4.047999858856201
2004-02-18,412.29998779296875,15.59000015258789,85.87999725341797,1151.8199462890625,4.048999786376953
2004-02-19,409.79998779296875,15.800000190734863,85.94999694824219,1147.06005859375,4.052000045776367
2004-02-20,397.5,16.040000915527344,87.23999786376953,1144.1099853515625,4.0980000495910645
2004-02-23,399.0,16.290000915527344,87.04000091552734,1140.989990234375,4.050000190734863
2004-02-24,404.5,15.899999618530273,86.13999938964844,1139.0899658203125,4.0289998054504395
2004-02-25,395.79998779296875,14.930000305175781,87.25,1143.6700439453125,4.014999866485596
2004-02-26,395.79998779296875,14.829999923706055,87.68000030517578,1144.9100341796875,4.046000003814697
2004-02-27,396.3999938964844,14.550000190734863,87.30999755859375,1144.93994140625,3.9839999675750732
2004-03-01,399.29998779296875,14.4399995803833,87.5199966430664,1155.969970703125,3.992000102996826
2004-03-02,393.5,14.859999656677246,88.83000183105469,1149.0999755859375,4.046000003814697
2004-03-03,392.3999938964844,14.550000190734863,89.02999877929688,1151.030029296875,4.059999942779541
2004-03-04,392.8999938964844,14.399999618530273,89.13999938964844,1154.8699951171875,4.0289998054504395
2004-03-05,401.29998779296875,14.479999542236328,88.18000030517578,1156.8599853515625,3.8310000896453857
2004-03-08,400.6000061035156,15.789999961853027,88.0,1147.199951171875,3.7760000228881836
2004-03-09,404.20001220703125,16.600000381469727,88.29000091552734,1140.5799560546875,3.7190001010894775
2004-03-10,400.0,18.670000076293945,88.94999694824219,1123.8900146484375,3.734999895095825
2004-03-11,400.70001220703125,20.670000076293945,88.51000213623047,1106.780029296875,3.746999979019165
2004-03-12,395.29998779296875,18.299999237060547,89.12000274658203,1120.5699462890625,3.759999990463257
2004-03-15,399.3999938964844,21.1299991607666,88.80999755859375,1104.489990234375,3.7679998874664307
2004-03-16,402.3999938964844,20.34000015258789,88.58999633789062,1110.699951171875,3.687999963760376
2004-03-17,406.8999938964844,18.110000610351562,88.6500015258789,1123.75,3.683000087738037
2004-03-18,411.1000061035156,18.530000686645508,87.69999694824219,1122.3199462890625,3.749000072479248
2004-03-19,412.5,19.149999618530273,88.16000366210938,1109.780029296875,3.7880001068115234
2004-03-22,417.3999938964844,21.579999923706055,87.80999755859375,1095.4000244140625,3.7239999771118164
2004-03-23,419.79998779296875,20.670000076293945,87.8499984741211,1093.949951171875,3.7109999656677246
2004-03-24,417.20001220703125,19.809999465942383,88.93000030517578,1091.3299560546875,3.7139999866485596
2004-03-25,416.70001220703125,17.8799991607666,88.9000015258789,1109.18994140625,3.739000082015991
2004-03-26,422.1000061035156,17.329999923706055,88.88999938964844,1108.06005859375,3.8429999351501465
2004-03-29,417.1000061035156,16.5,88.62999725341797,1122.469970703125,3.890000104904175
2004-03-30,421.70001220703125,16.280000686645508,88.43000030517578,1127.0,3.9019999504089355
2004-03-31,427.29998779296875,16.739999771118164,87.61000061035156,1126.2099609375,3.8369998931884766
2004-04-01,427.79998779296875,16.649999618530273,87.20999908447266,1132.1700439453125,3.8980000019073486
2004-04-02,421.6000061035156,15.640000343322754,88.51000213623047,1141.81005859375,4.139999866485596
2004-04-05,415.3999938964844,14.970000267028809,89.22000122070312,1150.5699462890625,4.21999979019165
2004-04-06,418.8999938964844,15.319999694824219,88.75,1148.1600341796875,4.171000003814697
2004-04-07,422.79998779296875,15.760000228881836,88.2699966430664,1140.530029296875,4.166999816894531
2004-04-08,419.8999938964844,16.260000228881836,89.0199966430664,1139.3199462890625,4.197000026702881
2004-04-12,420.1000061035156,15.279999732971191,88.94999694824219,1145.199951171875,4.230000019073486
2004-04-13,407.0,17.260000228881836,89.83000183105469,1129.43994140625,4.340000152587891
2004-04-14,399.79998779296875,15.619999885559082,90.23999786376953,1128.1700439453125,4.381999969482422
2004-04-15,397.70001220703125,15.739999771118164,90.05999755859375,1128.8399658203125,4.40500020980835
2004-04-16,401.0,14.9399995803833,89.94000244140625,1134.6099853515625,4.3520002365112305
2004-04-19,400.6000061035156,15.420000076293945,89.80000305175781,1135.8199462890625,4.372000217437744
2004-04-20,397.70001220703125,16.670000076293945,90.48999786376953,1118.1500244140625,4.414999961853027
2004-04-21,390.79998779296875,15.600000381469727,91.12000274658203,1124.0899658203125,4.422999858856201
2004-04-22,393.29998779296875,14.609999656677246,90.81999969482422,1139.9300537109375,4.370999813079834
2004-04-23,395.1000061035156,14.010000228881836,91.08000183105469,1140.5999755859375,4.452000141143799
2004-04-26,396.0,14.770000457763672,90.62000274658203,1135.530029296875,4.433000087738037
2004-04-27,398.6000061035156,15.069999694824219,90.41000366210938,1138.1099853515625,4.4039998054504395
2004-04-28,385.3999938964844,16.290000915527344,91.16999816894531,1122.4100341796875,4.4670000076293945
2004-04-29,386.6000061035156,16.600000381469727,90.56999969482422,1113.8900146484375,4.539999961853027
2004-04-30,387.0,17.190000534057617,90.4800033569336,1107.300048828125,4.500999927520752
2004-05-03,387.0,16.6200008392334,90.76000213623047,1117.489990234375,4.500999927520752
2004-05-04,391.3999938964844,16.549999237060547,89.80999755859375,1119.550048828125,4.543000221252441
2004-05-05,393.3999938964844,15.770000457763672,89.30999755859375,1121.530029296875,4.571000099182129
2004-05-06,388.0,17.049999237060547,89.87999725341797,1113.989990234375,4.6020002365112305
2004-05-07,378.70001220703125,18.1299991607666,91.12999725341797,1098.699951171875,4.765999794006348
2004-05-10,378.29998779296875,19.770000457763672,91.55999755859375,1087.1199951171875,4.781000137329102
2004-05-11,376.8999938964844,18.56999969482422,91.66000366210938,1095.449951171875,4.76800012588501
2004-05-12,377.3999938964844,18.139999389648438,91.29000091552734,1097.280029296875,4.796999931335449
2004-05-13,374.79998779296875,18.860000610351562,91.95999908447266,1096.43994140625,4.85099983215332
2004-05-14,377.0,18.469999313354492,91.66000366210938,1095.699951171875,4.788000106811523
2004-05-17,379.5,19.959999084472656,91.0,1084.0999755859375,4.698999881744385
2004-05-18,375.79998779296875,19.329999923706055,91.25,1091.489990234375,4.736000061035156
2004-05-19,382.8999938964844,18.93000030517578,90.52999877929688,1088.6800537109375,4.794000148773193
2004-05-20,378.3999938964844,18.670000076293945,91.02999877929688,1089.18994140625,4.7179999351501465
2004-05-21,384.79998779296875,18.489999771118164,90.48999786376953,1093.56005859375,4.763999938964844
2004-05-24,385.6000061035156,18.079999923706055,90.4800033569336,1095.4100341796875,4.739999771118164
2004-05-25,388.29998779296875,15.960000038146973,89.83999633789062,1113.050048828125,4.723999977111816
2004-05-26,388.29998779296875,15.970000267028809,89.72000122070312,1114.93994140625,4.671000003814697
2004-05-27,394.8999938964844,15.279999732971191,88.66999816894531,1121.280029296875,4.5879998207092285
2004-05-28,394.0,15.5,88.94999694824219,1120.6800537109375,4.65500020980835
2004-06-01,394.6000061035156,16.299999237060547,88.87999725341797,1121.199951171875,4.703999996185303
2004-06-02,390.70001220703125,16.079999923706055,88.83999633789062,1124.989990234375,4.730000019073486
2004-06-03,388.1000061035156,17.030000686645508,88.94999694824219,1116.6400146484375,4.711999893188477
2004-06-04,390.8999938964844,16.780000686645508,88.54000091552734,1122.5,4.77400016784668
2004-06-07,393.79998779296875,15.390000343322754,88.25,1140.4200439453125,4.764999866485596
2004-06-08,391.0,15.010000228881836,88.51000213623047,1142.1800537109375,4.770999908447266
2004-06-09,384.5,15.390000343322754,89.7300033569336,1131.3299560546875,4.811999797821045
2004-06-10,385.8999938964844,15.039999961853027,89.25,1136.469970703125,4.790999889373779
2004-06-14,383.6000061035156,16.06999969482422,89.94000244140625,1125.2900390625,4.869999885559082
2004-06-15,388.1000061035156,15.050000190734863,89.08999633789062,1132.010009765625,4.685999870300293
2004-06-16,384.6000061035156,14.789999961853027,90.04000091552734,1133.56005859375,4.73199987411499
2004-06-17,388.8999938964844,15.149999618530273,89.5999984741211,1132.050048828125,4.691999912261963
2004-06-18,395.1000061035156,14.989999771118164,89.08000183105469,1135.02001953125,4.710000038146973
2004-06-21,394.0,15.260000228881836,89.29000091552734,1130.300048828125,4.690000057220459
2004-06-22,395.0,14.3100004196167,89.43000030517578,1134.4100341796875,4.703999996185303
2004-06-23,395.0,13.979999542236328,89.41999816894531,1144.06005859375,4.697999954223633
2004-06-24,403.1000061035156,14.8100004196167,88.75,1140.6500244140625,4.645999908447266
2004-06-25,402.8999938964844,15.1899995803833,88.87999725341797,1134.4300537109375,4.644999980926514
2004-06-28,401.0,16.06999969482422,88.72000122070312,1133.3499755859375,4.738999843597412
2004-06-29,392.5,15.470000267028809,89.41000366210938,1136.199951171875,4.695000171661377
2004-06-30,392.6000061035156,14.34000015258789,88.80000305175781,1140.8399658203125,4.617000102996826
2004-07-01,396.0,15.199999809265137,88.79000091552734,1128.93994140625,4.564000129699707
2004-07-02,398.29998779296875,15.079999923706055,87.97000122070312,1125.3800048828125,4.458000183105469
2004-07-06,392.6000061035156,16.25,88.12000274658203,1116.2099609375,4.480000019073486
2004-07-07,402.29998779296875,15.8100004196167,87.6500015258789,1118.3299560546875,4.4720001220703125
2004-07-08,407.79998779296875,16.200000762939453,87.54000091552734,1109.1099853515625,4.46999979019165
2004-07-09,407.5,15.779999732971191,87.41999816894531,1112.81005859375,4.466000080108643
2004-07-12,408.1000061035156,14.960000038146973,87.38999938964844,1114.3499755859375,4.442999839782715
2004-07-13,402.0,14.460000038146973,87.81999969482422,1115.1400146484375,4.479000091552734
2004-07-14,405.3999938964844,13.760000228881836,87.58000183105469,1111.469970703125,4.484000205993652
2004-07-15,404.20001220703125,14.710000038146973,87.98999786376953,1106.68994140625,4.485000133514404
2004-07-16,406.6000061035156,14.34000015258789,87.13999938964844,1101.3900146484375,4.361000061035156
2004-07-19,405.6000061035156,15.170000076293945,87.18000030517578,1100.9000244140625,4.361000061035156
2004-07-20,401.8999938964844,14.170000076293945,87.83000183105469,1108.6700439453125,4.447999954223633
2004-07-21,397.1000061035156,16.40999984741211,88.55999755859375,1093.8800048828125,4.486999988555908
2004-07-22,395.20001220703125,15.75,88.44999694824219,1096.8399658203125,4.461999893188477
2004-07-23,390.5,16.5,89.26000213623047,1086.199951171875,4.432000160217285
2004-07-26,390.29998779296875,17.299999237060547,89.02999877929688,1084.0699462890625,4.474999904632568
2004-07-27,387.0,16.549999237060547,89.79000091552734,1094.8299560546875,4.59499979019165
2004-07-28,389.0,16.149999618530273,89.75,1095.4200439453125,4.585000038146973
2004-07-29,387.0,15.680000305175781,89.94999694824219,1100.4300537109375,4.572999954223633
2004-07-30,391.0,15.319999694824219,89.95999908447266,1101.719970703125,4.474999904632568
2004-08-02,391.70001220703125,15.369999885559082,89.75,1106.6199951171875,4.454999923706055
2004-08-03,394.0,16.030000686645508,89.56999969482422,1099.68994140625,4.421999931335449
2004-08-04,392.20001220703125,16.209999084472656,89.68000030517578,1098.6300048828125,4.428999900817871
2004-08-05,392.29998779296875,18.31999969482422,89.63999938964844,1080.699951171875,4.400000095367432
2004-08-06,399.79998779296875,19.34000015258789,88.36000061035156,1063.969970703125,4.218999862670898
2004-08-09,400.70001220703125,18.889999389648438,88.38999938964844,1065.219970703125,4.24399995803833
2004-08-10,400.0,17.469999313354492,88.79000091552734,1079.0400390625,4.2870001792907715
2004-08-11,395.5,18.040000915527344,88.8499984741211,1075.7900390625,4.275000095367432
2004-08-12,394.29998779296875,19.079999923706055,88.69000244140625,1063.22998046875,4.25
2004-08-13,398.8999938964844,17.979999542236328,87.9000015258789,1064.800048828125,4.2129998207092285
2004-08-16,402.8999938964844,17.56999969482422,87.95999908447266,1079.3399658203125,4.257999897003174
2004-08-17,404.3999938964844,17.020000457763672,88.05999755859375,1081.7099609375,4.205999851226807
2004-08-18,404.29998779296875,16.229999542236328,88.08000183105469,1095.1700439453125,4.2270002365112305
2004-08-19,407.1000061035156,16.959999084472656,87.79000091552734,1091.22998046875,4.210999965667725
2004-08-20,413.20001220703125,16.0,88.12000274658203,1098.3499755859375,4.230999946594238
2004-08-23,410.5,15.880000114440918,89.05999755859375,1095.6800537109375,4.2789998054504395
2004-08-24,403.0,15.329999923706055,89.45999908447266,1096.18994140625,4.2829999923706055
2004-08-25,407.8999938964844,14.979999542236328,89.41999816894531,1104.9599609375,4.261000156402588
2004-08-26,407.3999938964844,14.90999984741211,89.30000305175781,1105.0899658203125,4.2270002365112305
2004-08-27,403.29998779296875,14.710000038146973,89.7699966430664,1107.77001953125,4.2270002365112305
2004-08-30,407.79998779296875,15.4399995803833,89.69000244140625,1099.1500244140625,4.188000202178955
2004-08-31,410.3999938964844,15.289999961853027,88.94000244140625,1104.239990234375,4.131999969482422
2004-09-01,408.79998779296875,14.90999984741211,88.87000274658203,1105.9100341796875,4.123000144958496
2004-09-02,406.0,14.279999732971191,88.9800033569336,1118.31005859375,4.193999767303467
2004-09-03,400.5,13.90999984741211,89.62999725341797,1113.6300048828125,4.293000221252441
2004-09-07,397.3999938964844,14.069999694824219,89.2300033569336,1121.300048828125,4.245999813079834
2004-09-08,399.3999938964844,14.0600004196167,88.7699966430664,1116.27001953125,4.163000106811523
2004-09-09,398.5,14.010000228881836,88.83000183105469,1118.3800048828125,4.198999881744385
2004-09-10,401.8999938964844,13.760000228881836,88.38999938964844,1123.9200439453125,4.179999828338623
2004-09-13,404.1000061035156,13.170000076293945,88.55000305175781,1125.8199462890625,4.151000022888184
2004-09-14,405.70001220703125,13.5600004196167,88.45999908447266,1128.3299560546875,4.132999897003174
2004-09-15,405.0,14.640000343322754,89.1500015258789,1120.3699951171875,4.170000076293945
2004-09-16,404.70001220703125,14.390000343322754,88.79000091552734,1123.5,4.068999767303467
2004-09-17,405.79998779296875,14.029999732971191,88.91000366210938,1128.550048828125,4.126999855041504
2004-09-20,405.29998779296875,14.430000305175781,88.98999786376953,1122.199951171875,4.058000087738037
2004-09-21,408.29998779296875,13.65999984741211,88.12999725341797,1129.300048828125,4.0370001792907715
2004-09-22,407.20001220703125,14.739999771118164,88.51000213623047,1113.56005859375,3.989000082015991
2004-09-23,410.8999938964844,14.800000190734863,88.44000244140625,1108.3599853515625,4.0279998779296875
2004-09-24,408.1000061035156,14.279999732971191,88.4000015258789,1110.1099853515625,4.031000137329102
2004-09-27,409.1000061035156,14.619999885559082,88.29000091552734,1103.52001953125,3.996999979019165
2004-09-28,412.5,13.829999923706055,88.11000061035156,1110.06005859375,4.01200008392334
2004-09-29,413.0,13.210000038146973,88.0999984741211,1114.800048828125,4.090000152587891
2004-09-30,418.70001220703125,13.34000015258789,87.36000061035156,1114.5799560546875,4.11899995803833
2004-10-01,419.5,12.75,87.62999725341797,1131.5,4.190999984741211
2004-10-04,414.0,13.40999984741211,88.37999725341797,1135.1700439453125,4.172999858856201
2004-10-05,418.20001220703125,13.949999809265137,88.16999816894531,1134.47998046875,4.172999858856201
2004-10-06,418.3999938964844,13.279999732971191,88.4800033569336,1142.050048828125,4.223999977111816
2004-10-07,418.0,14.5,88.33999633789062,1130.6500244140625,4.24399995803833
2004-10-08,423.1000061035156,15.050000190734863,87.44999694824219,1122.1400146484375,4.132999897003174
2004-10-11,422.0,14.710000038146973,87.54000091552734,1124.3900146484375,4.132999897003174
2004-10-12,415.1000061035156,15.050000190734863,88.0199966430664,1121.8399658203125,4.1020002365112305
2004-10-13,413.20001220703125,15.420000076293945,87.87999725341797,1113.6500244140625,4.078000068664551
2004-10-14,418.1000061035156,16.43000030517578,87.55000305175781,1103.2900390625,4.014999866485596
2004-10-15,418.70001220703125,15.039999961853027,87.08999633789062,1108.199951171875,4.052999973297119
2004-10-18,416.20001220703125,14.710000038146973,87.0199966430664,1114.02001953125,4.052999973297119
2004-10-19,420.29998779296875,15.130000114440918,86.83999633789062,1103.22998046875,4.038000106811523
2004-10-20,423.5,14.850000381469727,86.3499984741211,1103.6600341796875,3.990999937057495
2004-10-21,424.3999938964844,14.539999961853027,86.0199966430664,1106.489990234375,3.996999979019165
2004-10-22,424.6000061035156,15.279999732971191,85.87000274658203,1095.739990234375,3.9839999675750732
2004-10-25,429.0,16.579999923706055,84.97000122070312,1094.800048828125,3.9709999561309814
2004-10-26,426.79998779296875,16.389999389648438,85.20999908447266,1111.0899658203125,3.989000082015991
2004-10-27,424.79998779296875,15.720000267028809,85.44000244140625,1125.4000244140625,4.0879998207092285
2004-10-28,425.1000061035156,15.390000343322754,85.27999877929688,1127.43994140625,4.079999923706055
2004-10-29,428.5,16.270000457763672,84.91000366210938,1130.199951171875,4.0289998054504395
2004-11-01,427.29998779296875,16.270000457763672,85.19999694824219,1130.510009765625,4.090000152587891
2004-11-02,420.0,16.18000030517578,85.47000122070312,1130.56005859375,4.074999809265137
2004-11-03,424.6000061035156,14.039999961853027,84.69999694824219,1143.199951171875,4.070000171661377
2004-11-04,430.1000061035156,13.970000267028809,84.54000091552734,1161.6700439453125,4.067999839782715
2004-11-05,433.6000061035156,13.84000015258789,84.01000213623047,1166.1700439453125,4.185999870300293
2004-11-08,432.70001220703125,13.800000190734863,84.08999633789062,1164.8900146484375,4.215000152587891
2004-11-09,435.70001220703125,13.609999656677246,84.29000091552734,1164.0799560546875,4.2179999351501465
2004-11-10,434.0,13.079999923706055,84.43000030517578,1162.9100341796875,4.252999782562256
2004-11-11,434.8999938964844,13.039999961853027,84.37000274658203,1173.47998046875,4.252999782562256
2004-11-12,437.8999938964844,13.329999923706055,83.69000244140625,1184.1700439453125,4.197999954223633
2004-11-15,437.0,13.380000114440918,84.0,1183.81005859375,4.190000057220459
2004-11-16,440.20001220703125,13.210000038146973,83.80000305175781,1175.4300537109375,4.208000183105469
2004-11-17,444.79998779296875,13.210000038146973,83.29000091552734,1181.93994140625,4.144000053405762
2004-11-18,442.6000061035156,12.979999542236328,83.69000244140625,1183.550048828125,4.117000102996826
2004-11-19,446.79998779296875,13.5,83.30999755859375,1170.3399658203125,4.196000099182129
2004-11-22,448.79998779296875,12.970000267028809,83.19000244140625,1177.239990234375,4.164999961853027
2004-11-23,447.79998779296875,12.670000076293945,82.97000122070312,1176.93994140625,4.184000015258789
2004-11-24,449.29998779296875,12.720000267028809,82.41000366210938,1181.760009765625,4.195000171661377
2004-11-29,453.70001220703125,13.300000190734863,81.93000030517578,1178.5699462890625,4.329999923706055
2004-11-30,451.29998779296875,13.239999771118164,81.81999969482422,1173.8199462890625,4.357999801635742
2004-12-01,454.0,12.970000267028809,81.55999755859375,1191.3699951171875,4.375
2004-12-02,450.3999938964844,12.979999542236328,81.94999694824219,1190.3299560546875,4.396999835968018
2004-12-03,456.0,12.960000038146973,80.9800033569336,1191.1700439453125,4.269999980926514
2004-12-06,454.20001220703125,13.1899995803833,81.27999877929688,1190.25,4.239999771118164
2004-12-07,452.0,13.670000076293945,81.23999786376953,1177.0699462890625,4.2270002365112305
2004-12-08,437.20001220703125,13.1899995803833,81.9000015258789,1182.81005859375,4.133999824523926
2004-12-09,435.79998779296875,12.880000114440918,82.02999877929688,1189.239990234375,4.160999774932861
2004-12-10,433.8999938964844,12.760000228881836,82.55000305175781,1188.0,4.156000137329102
2004-12-13,438.8999938964844,12.539999961853027,82.0999984741211,1198.6800537109375,4.151000022888184
2004-12-14,435.8999938964844,12.729999542236328,82.31999969482422,1203.3800048828125,4.131999969482422
2004-12-15,440.79998779296875,12.350000381469727,81.62999725341797,1205.719970703125,4.076000213623047
2004-12-16,436.8999938964844,12.270000457763672,82.5,1203.2099609375,4.184999942779541
2004-12-17,441.6000061035156,11.949999809265137,82.16000366210938,1194.199951171875,4.206999778747559
2004-12-20,442.3999938964844,11.829999923706055,81.66999816894531,1194.6500244140625,4.198999881744385
2004-12-21,441.79998779296875,11.550000190734863,81.94000244140625,1205.449951171875,4.168000221252441
2004-12-22,440.29998779296875,11.449999809265137,81.93000030517578,1209.5699462890625,4.201000213623047
2004-12-23,441.8999938964844,11.229999542236328,81.33999633789062,1210.1300048828125,4.2179999351501465
2004-12-27,445.20001220703125,12.140000343322754,80.72000122070312,1204.9200439453125,4.290999889373779
2004-12-28,444.29998779296875,12.0,80.72000122070312,1213.5400390625,4.290999889373779
2004-12-29,436.0,11.619999885559082,80.97000122070312,1213.449951171875,4.322000026702881
2004-12-30,437.5,12.5600004196167,80.52999877929688,1213.550048828125,4.263000011444092
2005-01-03,428.70001220703125,14.079999923706055,81.30000305175781,1202.0799560546875,4.21999979019165
2005-01-04,428.5,13.979999542236328,82.56999969482422,1188.050048828125,4.2829999923706055
2005-01-05,426.6000061035156,14.09000015258789,82.54000091552734,1183.739990234375,4.2769999504089355
2005-01-06,421.0,13.579999923706055,83.1500015258789,1187.8900146484375,4.271999835968018
2005-01-07,418.8999938964844,13.489999771118164,83.61000061035156,1186.18994140625,4.284999847412109
2005-01-10,419.1000061035156,13.229999542236328,83.29000091552734,1190.25,4.2779998779296875
2005-01-11,421.8999938964844,13.1899995803833,83.0199966430664,1182.989990234375,4.24399995803833
2005-01-12,426.1000061035156,12.5600004196167,82.13999938964844,1187.699951171875,4.236000061035156
2005-01-13,424.5,12.84000015258789,82.51000213623047,1177.449951171875,4.186999797821045
2005-01-14,422.70001220703125,12.430000305175781,83.05999755859375,1184.52001953125,4.216000080108643
2005-01-18,423.20001220703125,12.470000267028809,83.36000061035156,1195.97998046875,4.195000171661377
2005-01-19,423.0,13.180000305175781,83.5999984741211,1184.6300048828125,4.186999797821045
2005-01-20,422.3999938964844,13.829999923706055,83.83999633789062,1175.4100341796875,4.164999961853027
2005-01-21,426.70001220703125,14.359999656677246,83.26000213623047,1167.8699951171875,4.142000198364258
2005-01-24,426.8999938964844,14.649999618530273,83.23999786376953,1163.75,4.122000217437744
2005-01-25,422.0,14.0600004196167,83.98999786376953,1168.4100341796875,4.189000129699707
2005-01-26,426.8999938964844,13.4399995803833,83.30000305175781,1174.0699462890625,4.191999912261963
2005-01-27,426.29998779296875,13.239999771118164,83.43000030517578,1174.550048828125,4.206999778747559
2005-01-28,425.79998779296875,13.239999771118164,83.4800033569336,1171.3599853515625,4.138000011444092
2005-01-31,421.79998779296875,12.819999694824219,83.5999984741211,1181.27001953125,4.132999897003174
2005-02-01,420.79998779296875,12.029999732971191,83.44999694824219,1189.4100341796875,4.136000156402588
2005-02-02,421.1000061035156,11.65999984741211,83.5199966430664,1193.18994140625,4.139999866485596
2005-02-03,416.6000061035156,11.789999961853027,83.97000122070312,1189.8900146484375,4.163000106811523
2005-02-04,414.0,11.210000038146973,84.38999938964844,1203.030029296875,4.072999954223633
2005-02-07,413.6000061035156,11.729999542236328,85.04000091552734,1201.719970703125,4.052000045776367
2005-02-08,412.6000061035156,11.600000381469727,85.0999984741211,1202.300048828125,4.0370001792907715
2005-02-09,412.8999938964844,12.0,85.0199966430664,1191.989990234375,3.9769999980926514
2005-02-10,417.20001220703125,11.510000228881836,84.54000091552734,1197.010009765625,4.072999954223633
2005-02-11,420.5,11.430000305175781,84.56999969482422,1205.300048828125,4.09499979019165
2005-02-14,425.79998779296875,11.520000457763672,83.95999908447266,1206.1400146484375,4.072999954223633
2005-02-15,425.8999938964844,11.270000457763672,83.58999633789062,1210.1199951171875,4.0980000495910645
2005-02-16,425.5,11.100000381469727,83.66999816894531,1210.3399658203125,4.1579999923706055
2005-02-17,427.29998779296875,11.770000457763672,83.47000122070312,1200.75,4.184999942779541
2005-02-18,427.1000061035156,11.180000305175781,83.48999786376953,1201.5899658203125,4.260000228881836
2005-02-22,434.5,13.140000343322754,82.41000366210938,1184.1600341796875,4.284999847412109
2005-02-23,434.8999938964844,12.390000343322754,82.68000030517578,1190.800048828125,4.26800012588501
2005-02-24,434.5,11.569999694824219,82.87999725341797,1200.199951171875,4.281000137329102
2005-02-25,434.8999938964844,11.489999771118164,82.66000366210938,1211.3699951171875,4.271999835968018
2005-02-28,436.5,12.079999923706055,82.51000213623047,1203.5999755859375,4.359000205993652
2005-03-01,432.8999938964844,12.039999961853027,82.7699966430664,1210.4100341796875,4.372000217437744
2005-03-02,432.79998779296875,12.5,83.08000183105469,1210.0799560546875,4.379000186920166
2005-03-03,429.8999938964844,12.930000305175781,83.27999877929688,1210.469970703125,4.382999897003174
2005-03-04,434.20001220703125,11.9399995803833,82.54000091552734,1222.1199951171875,4.309999942779541
2005-03-07,435.0,12.260000228881836,82.79000091552734,1225.31005859375,4.303999900817871
2005-03-08,440.29998779296875,12.399999618530273,81.9800033569336,1219.4300537109375,4.375
2005-03-09,442.1000061035156,12.699999809265137,81.62999725341797,1207.010009765625,4.513999938964844
2005-03-10,442.79998779296875,12.489999771118164,81.56999969482422,1209.25,4.459000110626221
2005-03-11,446.20001220703125,12.800000190734863,81.41999816894531,1200.0799560546875,4.534999847412109
2005-03-14,441.1000061035156,12.390000343322754,81.97000122070312,1206.8299560546875,4.515999794006348
2005-03-15,440.8999938964844,13.149999618530273,82.12000274658203,1197.75,4.541999816894531
2005-03-16,443.70001220703125,13.489999771118164,81.62000274658203,1188.0699462890625,4.51800012588501
2005-03-17,438.70001220703125,13.289999961853027,81.83999633789062,1190.2099609375,4.46999979019165
2005-03-18,439.29998779296875,13.140000343322754,82.12999725341797,1189.6500244140625,4.511000156402588
2005-03-21,431.1000061035156,13.609999656677246,82.87999725341797,1183.780029296875,4.525000095367432
2005-03-22,431.29998779296875,14.270000457763672,83.36000061035156,1171.7099609375,4.610000133514404
2005-03-23,425.20001220703125,14.0600004196167,84.0,1172.530029296875,4.60699987411499
2005-03-24,424.70001220703125,13.420000076293945,84.12999725341797,1171.4200439453125,4.591000080108643
2005-03-28,425.8999938964844,13.75,84.62000274658203,1174.280029296875,4.624000072479248
2005-03-29,426.0,14.489999771118164,84.31999969482422,1165.3599853515625,4.591000080108643
2005-03-31,428.70001220703125,14.020000457763672,84.05999755859375,1180.5899658203125,4.495999813079834
2005-04-01,425.8999938964844,14.09000015258789,84.43000030517578,1172.9200439453125,4.451000213623047
2005-04-04,423.8999938964844,14.109999656677246,84.77999877929688,1176.1199951171875,4.455999851226807
2005-04-05,424.5,13.680000305175781,84.66000366210938,1181.3900146484375,4.46999979019165
2005-04-06,427.1000061035156,13.149999618530273,84.68000030517578,1184.0699462890625,4.435999870300293
2005-04-07,426.5,12.329999923706055,84.87000274658203,1191.1400146484375,4.4720001220703125
2005-04-08,426.8999938964844,12.619999885559082,84.47000122070312,1181.199951171875,4.491000175476074
2005-04-11,428.6000061035156,11.979999542236328,84.16000366210938,1181.2099609375,4.445000171661377
2005-04-12,427.6000061035156,11.300000190734863,84.41999816894531,1187.760009765625,4.360000133514404
2005-04-13,429.29998779296875,13.3100004196167,84.41999816894531,1173.7900390625,4.374000072479248
2005-04-14,424.0,14.529999732971191,85.0,1162.050048828125,4.357999801635742
2005-04-15,424.8999938964844,17.739999771118164,84.55999755859375,1142.6199951171875,4.270999908447266
2005-04-18,427.5,16.559999465942383,84.0,1145.97998046875,4.249000072479248
2005-04-19,432.8999938964844,14.960000038146973,83.76000213623047,1152.780029296875,4.203000068664551
2005-04-20,435.29998779296875,16.920000076293945,83.5199966430664,1137.5,4.210999965667725
2005-04-21,433.0,14.40999984741211,83.69999694824219,1159.949951171875,4.300000190734863
2005-04-22,434.29998779296875,15.380000114440918,83.5,1152.1199951171875,4.255000114440918
2005-04-25,434.6000061035156,14.619999885559082,83.81999969482422,1162.0999755859375,4.250999927520752
2005-04-26,437.8999938964844,14.90999984741211,83.95999908447266,1151.8299560546875,4.267000198364258
2005-04-27,433.0,14.869999885559082,84.12000274658203,1156.3800048828125,4.236999988555908
2005-04-29,435.0,15.3100004196167,84.43000030517578,1156.8499755859375,4.201000213623047
2005-05-02,429.5,15.119999885559082,84.48999786376953,1162.1600341796875,4.193999767303467
2005-05-03,426.70001220703125,14.529999732971191,84.51000213623047,1161.1700439453125,4.185999870300293
2005-05-04,429.0,13.850000381469727,84.0,1175.6500244140625,4.185999870300293
2005-05-05,429.79998779296875,13.979999542236328,83.94000244140625,1172.6300048828125,4.1620001792907715
2005-05-06,426.1000061035156,14.050000190734863,84.61000061035156,1171.3499755859375,4.265999794006348
2005-05-09,426.20001220703125,13.75,84.63999938964844,1178.8399658203125,4.2779998779296875
2005-05-10,427.20001220703125,14.90999984741211,84.44999694824219,1166.219970703125,4.2220001220703125
2005-05-11,427.20001220703125,14.449999809265137,84.94000244140625,1171.1099853515625,4.202000141143799
2005-05-12,421.6000061035156,16.1200008392334,85.48999786376953,1159.3599853515625,4.184000015258789
2005-05-13,420.20001220703125,16.31999969482422,86.0999984741211,1154.050048828125,4.120999813079834
2005-05-16,418.8999938964844,15.680000305175781,86.12000274658203,1165.68994140625,4.125
2005-05-17,419.3999938964844,14.569999694824219,86.20999908447266,1173.800048828125,4.117000102996826
2005-05-18,421.5,13.630000114440918,85.81999969482422,1185.56005859375,4.067999839782715
2005-05-19,420.5,13.319999694824219,86.08999633789062,1191.0799560546875,4.107999801635742
2005-05-20,417.3999938964844,13.140000343322754,86.62999725341797,1189.280029296875,4.125
2005-05-23,416.6000061035156,12.949999809265137,86.4000015258789,1193.8599853515625,4.072000026702881
2005-05-24,417.5,12.6899995803833,86.37000274658203,1194.0699462890625,4.0370001792907715
2005-05-25,418.79998779296875,12.579999923706055,86.3499984741211,1190.010009765625,4.072000026702881
2005-05-26,418.0,12.239999771118164,86.8499984741211,1197.6199951171875,4.080999851226807
2005-05-27,419.79998779296875,12.149999618530273,86.41999816894531,1198.780029296875,4.072999954223633
2005-05-31,416.29998779296875,13.289999961853027,87.76000213623047,1191.5,4.00600004196167
2005-06-01,415.29998779296875,12.359999656677246,88.11000061035156,1202.219970703125,3.9070000648498535
2005-06-02,422.70001220703125,11.84000015258789,87.75,1204.2900390625,3.890000104904175
2005-06-03,423.70001220703125,12.149999618530273,88.04000091552734,1196.02001953125,3.9790000915527344
2005-06-06,426.5,12.279999732971191,87.5999984741211,1197.510009765625,3.9619998931884766
2005-06-07,424.79998779296875,12.390000343322754,87.48999786376953,1197.260009765625,3.9110000133514404
2005-06-08,424.70001220703125,12.699999809265137,87.87999725341797,1194.6700439453125,3.940000057220459
2005-06-09,424.20001220703125,12.079999923706055,88.06999969482422,1200.9300537109375,3.9649999141693115
2005-06-10,427.3999938964844,11.960000038146973,88.69000244140625,1198.1099853515625,4.046999931335449
2005-06-13,429.29998779296875,11.649999618530273,88.94999694824219,1200.8199462890625,4.085999965667725
2005-06-14,427.5,11.789999961853027,89.26000213623047,1203.9100341796875,4.126999855041504
2005-06-15,429.1000061035156,11.460000038146973,88.6500015258789,1206.5799560546875,4.114999771118164
2005-06-16,436.20001220703125,11.149999618530273,88.72000122070312,1210.9599609375,4.076000213623047
2005-06-17,438.29998779296875,11.479999542236328,87.7300033569336,1216.9599609375,4.078000068664551
2005-06-20,438.3999938964844,11.470000267028809,88.48999786376953,1216.0999755859375,4.103000164031982
2005-06-21,438.8999938964844,11.079999923706055,88.18000030517578,1213.6099853515625,4.048999786376953
2005-06-22,438.1000061035156,11.050000190734863,88.55999755859375,1213.8800048828125,3.944999933242798
2005-06-23,441.70001220703125,12.130000114440918,89.12000274658203,1200.72998046875,3.9590001106262207
2005-06-24,440.5,12.180000305175781,88.77999877929688,1191.5699462890625,3.9140000343322754
2005-06-27,440.29998779296875,12.520000457763672,88.44999694824219,1190.68994140625,3.9019999504089355
2005-06-28,436.3999938964844,11.579999923706055,88.98999786376953,1201.5699462890625,3.9760000705718994
2005-06-30,435.8999938964844,12.039999961853027,89.11000061035156,1191.3299560546875,3.944999933242798
2005-07-01,427.79998779296875,11.399999618530273,90.12999725341797,1194.43994140625,4.048999786376953
2005-07-05,422.8999938964844,11.680000305175781,90.44000244140625,1204.989990234375,4.098999977111816
2005-07-06,423.5,12.270000457763672,90.37999725341797,1194.93994140625,4.074999809265137
2005-07-07,423.29998779296875,12.489999771118164,90.27999877929688,1197.8699951171875,4.031000137329102
2005-07-08,422.8999938964844,11.449999809265137,90.25,1211.8599853515625,4.109000205993652
2005-07-11,425.5,11.279999732971191,89.45999908447266,1219.43994140625,4.1020002365112305
2005-07-12,426.29998779296875,10.949999809265137,88.41000366210938,1222.2099609375,4.140999794006348
2005-07-13,423.8999938964844,10.84000015258789,89.30999755859375,1223.2900390625,4.163000106811523
2005-07-14,419.6000061035156,10.8100004196167,89.4000015258789,1226.5,4.179999828338623
2005-07-15,420.70001220703125,10.329999923706055,89.72000122070312,1227.9200439453125,4.175000190734863
2005-07-18,420.5,10.770000457763672,89.63999938964844,1221.1300048828125,4.2230000495910645
2005-07-19,419.70001220703125,10.449999809265137,89.8499984741211,1229.3499755859375,4.189000129699707
2005-07-20,421.70001220703125,10.229999542236328,89.33999633789062,1235.199951171875,4.177000045776367
2005-07-21,425.3999938964844,10.970000267028809,88.93000030517578,1227.0400390625,4.2820000648498535
2005-07-22,424.70001220703125,10.520000457763672,89.63999938964844,1233.6800537109375,4.2230000495910645
2005-07-25,425.70001220703125,11.100000381469727,89.5999984741211,1229.030029296875,4.247000217437744
2005-07-26,423.3999938964844,10.989999771118164,90.0,1231.1600341796875,4.238999843597412
2005-07-27,424.70001220703125,10.359999656677246,89.7300033569336,1236.7900390625,4.261000156402588
2005-07-28,427.29998779296875,10.520000457763672,89.33999633789062,1243.719970703125,4.196000099182129
2005-07-29,429.8999938964844,11.569999694824219,89.3499984741211,1234.1800537109375,4.285999774932861
2005-08-01,431.8999938964844,12.079999923706055,88.80000305175781,1235.3499755859375,4.318999767303467
2005-08-02,431.8999938964844,11.75,88.76000213623047,1244.1199951171875,4.335999965667725
2005-08-03,436.8999938964844,11.829999923706055,87.98999786376953,1245.0400390625,4.300000190734863
2005-08-04,437.8999938964844,12.520000457763672,87.80000305175781,1235.8599853515625,4.318999767303467
2005-08-05,437.20001220703125,12.479999542236328,88.05999755859375,1226.4200439453125,4.392000198364258
2005-08-08,434.70001220703125,13.210000038146973,87.91999816894531,1223.1300048828125,4.419000148773193
2005-08-09,434.20001220703125,12.399999618530273,87.88999938964844,1231.3800048828125,4.394000053405762
2005-08-10,436.5,12.380000114440918,87.61000061035156,1229.1300048828125,4.4039998054504395
2005-08-11,445.5,12.420000076293945,87.0999984741211,1237.81005859375,4.334000110626221
2005-08-12,445.8999938964844,12.739999771118164,86.9800033569336,1230.3900146484375,4.23799991607666
2005-08-15,442.20001220703125,12.260000228881836,87.31999969482422,1233.8699951171875,4.269999980926514
2005-08-16,446.1000061035156,13.520000457763672,87.43000030517578,1219.3399658203125,4.2270002365112305
2005-08-17,439.8999938964844,13.300000190734863,88.0,1220.239990234375,4.2729997634887695
2005-08-18,439.5,13.420000076293945,88.58999633789062,1219.02001953125,4.216000080108643
2005-08-19,437.20001220703125,13.420000076293945,88.58000183105469,1219.7099609375,4.210999965667725
2005-08-22,438.1000061035156,13.420000076293945,88.13999938964844,1221.72998046875,4.218999862670898
2005-08-23,439.3999938964844,13.34000015258789,88.08000183105469,1217.5899658203125,4.186999797821045
2005-08-24,437.29998779296875,14.170000076293945,87.91000366210938,1209.5899658203125,4.178999900817871
2005-08-25,438.3999938964844,13.729999542236328,87.63999938964844,1212.3699951171875,4.159999847412109
2005-08-26,437.3999938964844,13.720000267028809,87.86000061035156,1205.0999755859375,4.189000129699707
2005-08-29,437.0,13.520000457763672,88.25,1212.280029296875,4.172999858856201
2005-08-30,431.20001220703125,13.649999618530273,88.3499984741211,1208.4100341796875,4.090000152587891
2005-08-31,433.79998779296875,12.600000381469727,87.58000183105469,1220.3299560546875,4.019999980926514
2005-09-01,442.29998779296875,13.149999618530273,86.55000305175781,1221.5899658203125,4.019000053405762
2005-09-02,444.20001220703125,13.569999694824219,86.30000305175781,1218.02001953125,4.0289998054504395
2005-09-06,444.3999938964844,12.930000305175781,86.56999969482422,1233.3900146484375,4.085000038146973
2005-09-07,444.8999938964844,12.520000457763672,86.97000122070312,1236.3599853515625,4.138000011444092
2005-09-08,446.70001220703125,12.930000305175781,87.04000091552734,1231.6700439453125,4.138999938964844
2005-09-09,449.0,11.979999542236328,86.88999938964844,1241.47998046875,4.123000144958496
2005-09-12,449.70001220703125,11.649999618530273,87.70999908447266,1240.56005859375,4.169000148773193
2005-09-13,446.1000061035156,12.390000343322754,87.75,1231.199951171875,4.133999824523926
2005-09-14,449.79998779296875,12.90999984741211,87.66999816894531,1227.1600341796875,4.168000221252441
2005-09-15,455.5,12.489999771118164,88.12999725341797,1227.72998046875,4.214000225067139
2005-09-16,459.5,11.220000267028809,88.05000305175781,1237.9100341796875,4.26200008392334
2005-09-19,466.70001220703125,12.140000343322754,88.44000244140625,1231.02001953125,4.247000217437744
2005-09-20,466.20001220703125,12.640000343322754,88.5999984741211,1221.3399658203125,4.243000030517578
2005-09-21,468.8999938964844,13.789999961853027,88.13999938964844,1210.199951171875,4.188000202178955
2005-09-22,466.6000061035156,13.329999923706055,88.55999755859375,1214.6199951171875,4.176000118255615
2005-09-23,463.5,12.960000038146973,89.20999908447266,1215.2900390625,4.248000144958496
2005-09-26,465.8999938964844,13.039999961853027,89.11000061035156,1215.6300048828125,4.294000148773193
2005-09-27,462.6000061035156,12.760000228881836,89.5999984741211,1215.6600341796875,4.301000118255615
2005-09-28,469.70001220703125,12.630000114440918,89.47000122070312,1216.8900146484375,4.26200008392334
2005-09-29,472.20001220703125,12.239999771118164,89.4000015258789,1227.6800537109375,4.289000034332275
2005-09-30,469.0,11.920000076293945,89.5199966430664,1228.81005859375,4.328000068664551
2005-10-03,466.1000061035156,12.460000038146973,90.12999725341797,1226.699951171875,4.386000156402588
2005-10-04,466.1000061035156,13.199999809265137,90.0999984741211,1214.469970703125,4.375999927520752
2005-10-05,466.1000061035156,14.550000190734863,89.9800033569336,1196.3900146484375,4.361000061035156
2005-10-06,471.8999938964844,14.960000038146973,88.66000366210938,1191.489990234375,4.366000175476074
2005-10-07,474.70001220703125,14.59000015258789,89.16999816894531,1195.9000244140625,4.361000061035156
2005-10-11,477.1000061035156,15.630000114440918,89.97000122070312,1184.8699951171875,4.383999824523926
2005-10-12,473.8999938964844,16.219999313354492,89.62999725341797,1177.6800537109375,4.440999984741211
2005-10-13,471.1000061035156,16.469999313354492,89.80999755859375,1176.8399658203125,4.474999904632568
2005-10-14,469.20001220703125,14.869999885559082,89.3499984741211,1186.5699462890625,4.491000175476074
2005-10-17,474.1000061035156,14.670000076293945,89.80000305175781,1190.0999755859375,4.488999843597412
2005-10-18,472.1000061035156,15.329999923706055,90.29000091552734,1178.1400146484375,4.480999946594238
2005-10-19,463.5,13.5,89.98999786376953,1195.760009765625,4.4629998207092285
2005-10-20,461.0,16.110000610351562,89.91000366210938,1177.800048828125,4.459000110626221
2005-10-21,467.0,16.1299991607666,90.30999755859375,1179.5899658203125,4.389999866485596
2005-10-24,465.0,14.739999771118164,90.11000061035156,1199.3800048828125,4.446000099182129
2005-10-25,472.79998779296875,14.529999732971191,89.23999786376953,1196.5400390625,4.507999897003174
2005-10-26,471.20001220703125,14.59000015258789,89.48999786376953,1191.3800048828125,4.591000080108643
2005-10-27,473.79998779296875,16.020000457763672,89.0999984741211,1178.9000244140625,4.558000087738037
2005-10-28,473.0,14.25,89.58999633789062,1198.4100341796875,4.566999912261963
2005-10-31,465.1000061035156,15.319999694824219,90.06999969482422,1207.010009765625,4.559000015258789
2005-11-01,458.79998779296875,14.850000381469727,90.08000183105469,1202.760009765625,4.577000141143799
2005-11-02,462.79998779296875,13.479999542236328,89.72000122070312,1214.760009765625,4.610000133514404
2005-11-03,460.1000061035156,13.0,90.44000244140625,1219.93994140625,4.644000053405762
2005-11-04,456.29998779296875,13.170000076293945,91.26000213623047,1220.1400146484375,4.6570000648498535
2005-11-07,459.0,13.100000381469727,91.29000091552734,1222.81005859375,4.638999938964844
2005-11-08,460.8999938964844,13.079999923706055,91.37000274658203,1218.5899658203125,4.565000057220459
2005-11-09,466.29998779296875,12.800000190734863,91.5,1220.6500244140625,4.635000228881836
2005-11-10,466.6000061035156,11.899999618530273,92.08000183105469,1230.9599609375,4.564000129699707
2005-11-14,468.20001220703125,12.180000305175781,92.12999725341797,1233.760009765625,4.604000091552734
2005-11-15,468.1000061035156,12.229999542236328,92.08999633789062,1229.010009765625,4.557000160217285
2005-11-16,478.29998779296875,12.260000228881836,92.33000183105469,1231.2099609375,4.484000205993652
2005-11-17,486.20001220703125,11.25,91.87999725341797,1242.800048828125,4.459000110626221
2005-11-18,485.6000061035156,11.119999885559082,91.93000030517578,1248.27001953125,4.501999855041504
2005-11-21,489.0,10.819999694824219,92.02999877929688,1254.8499755859375,4.460999965667725
2005-11-22,492.6000061035156,10.600000381469727,91.5,1261.22998046875,4.427999973297119
2005-11-23,492.1000061035156,10.960000038146973,91.51000213623047,1265.6099853515625,4.473999977111816
2005-11-28,498.29998779296875,11.84000015258789,90.9800033569336,1257.4599609375,4.406000137329102
2005-11-29,499.1000061035156,11.890000343322754,91.62000274658203,1257.47998046875,4.48199987411499
2005-11-30,494.6000061035156,12.0600004196167,91.56999969482422,1249.47998046875,4.5
2005-12-01,502.5,11.239999771118164,91.81999969482422,1264.6700439453125,4.520999908447266
2005-12-02,503.29998779296875,11.010000228881836,91.94999694824219,1265.0799560546875,4.519000053405762
2005-12-05,508.8999938964844,11.600000381469727,91.4800033569336,1262.0899658203125,4.566999912261963
2005-12-06,510.20001220703125,11.520000457763672,91.44000244140625,1263.699951171875,4.49399995803833
2005-12-07,514.2999877929688,12.180000305175781,91.88999938964844,1257.3699951171875,4.517000198364258
2005-12-08,519.2999877929688,12.210000038146973,91.26000213623047,1255.8399658203125,4.464000225067139
2005-12-09,527.0,11.6899995803833,91.25,1259.3699951171875,4.5370001792907715
2005-12-12,528.4000244140625,11.470000267028809,90.3499984741211,1260.4300537109375,4.546999931335449
2005-12-13,521.0,11.109999656677246,90.37999725341797,1267.4300537109375,4.534999847412109
2005-12-14,506.5,10.479999542236328,89.83000183105469,1272.739990234375,4.449999809265137
2005-12-15,503.8999938964844,10.729999542236328,90.0199966430664,1270.93994140625,4.4679999351501465
2005-12-16,503.3999938964844,10.680000305175781,89.69999694824219,1267.3199462890625,4.447999954223633
2005-12-19,503.6000061035156,11.380000114440918,89.87000274658203,1259.9200439453125,4.441999912261963
2005-12-20,494.6000061035156,11.1899995803833,90.77999877929688,1259.6199951171875,4.466000080108643
2005-12-21,493.0,10.8100004196167,90.94000244140625,1262.7900390625,4.486000061035156
2005-12-22,502.70001220703125,10.289999961853027,90.72000122070312,1268.1199951171875,4.433000087738037
2005-12-23,503.0,10.270000457763672,90.83999633789062,1268.6600341796875,4.380000114440918
2005-12-27,508.0,11.569999694824219,91.19000244140625,1256.5400390625,4.341000080108643
2005-12-28,514.2000122070312,11.350000381469727,91.26000213623047,1258.1700439453125,4.377999782562256
2005-12-29,515.7000122070312,11.609999656677246,91.0999984741211,1254.4200439453125,4.375999927520752
2005-12-30,517.0999755859375,12.069999694824219,91.16999816894531,1248.2900390625,4.394999980926514
2006-01-03,530.7000122070312,11.140000343322754,89.83999633789062,1268.800048828125,4.369999885559082
2006-01-04,533.9000244140625,11.369999885559082,89.13999938964844,1273.4599609375,4.355999946594238
2006-01-05,526.2999877929688,11.3100004196167,89.33000183105469,1273.47998046875,4.355999946594238
2006-01-06,539.7000122070312,11.0,88.8499984741211,1285.449951171875,4.379000186920166
2006-01-09,549.0999755859375,11.130000114440918,89.25,1290.1500244140625,4.379000186920166
2006-01-10,544.2999877929688,10.859999656677246,89.33000183105469,1289.68994140625,4.427999973297119
2006-01-11,548.7999877929688,10.9399995803833,88.98999786376953,1294.1800537109375,4.458000183105469
2006-01-12,548.2999877929688,11.199999809265137,89.44000244140625,1286.06005859375,4.409999847412109
2006-01-13,556.0999755859375,11.229999542236328,88.88999938964844,1287.6099853515625,4.349999904632568
2006-01-17,553.4000244140625,11.90999984741211,89.30000305175781,1282.9300537109375,4.331999778747559
2006-01-18,543.7000122070312,12.25,89.26000213623047,1277.9300537109375,4.340000152587891
2006-01-19,558.4000244140625,11.979999542236328,89.38999938964844,1285.0400390625,4.379000186920166
2006-01-20,553.5,14.5600004196167,88.94999694824219,1261.489990234375,4.361000061035156
2006-01-23,558.2999877929688,13.930000305175781,87.94999694824219,1263.8199462890625,4.35699987411499
2006-01-24,557.7000122070312,13.3100004196167,88.05999755859375,1266.8599853515625,4.389999866485596
2006-01-25,562.2000122070312,12.869999885559082,88.33000183105469,1264.6800537109375,4.479000091552734
2006-01-26,559.7000122070312,12.420000076293945,88.62000274658203,1273.8299560546875,4.5229997634887695
2006-01-27,558.7000122070312,11.970000267028809,89.31999969482422,1283.719970703125,4.502999782562256
2006-01-30,565.7999877929688,12.390000343322754,89.41999816894531,1285.18994140625,4.534999847412109
2006-01-31,570.7999877929688,12.949999809265137,88.95999908447266,1280.0799560546875,4.5269999504089355
2006-02-01,569.4000244140625,12.359999656677246,89.51000213623047,1282.4599609375,4.560999870300293
2006-02-02,572.5,13.229999542236328,89.37000274658203,1270.8399658203125,4.560999870300293
2006-02-03,567.4000244140625,12.960000038146973,89.88999938964844,1264.030029296875,4.5329999923706055
2006-02-06,570.2000122070312,13.039999961853027,90.29000091552734,1265.02001953125,4.545000076293945
2006-02-07,551.0,13.59000015258789,90.23999786376953,1254.780029296875,4.566999912261963
2006-02-08,550.0999755859375,12.829999923706055,90.43000030517578,1265.6500244140625,4.59499979019165
2006-02-09,564.5,13.119999885559082,90.29000091552734,1263.780029296875,4.540999889373779
2006-02-10,550.2000122070312,12.869999885559082,90.55000305175781,1266.989990234375,4.580999851226807
2006-02-13,539.0,13.350000381469727,90.54000091552734,1262.8599853515625,4.583000183105469
2006-02-14,545.9000244140625,12.25,90.54000091552734,1275.530029296875,4.613999843597412
2006-02-15,539.7000122070312,12.3100004196167,90.72000122070312,1280.0,4.605999946594238
2006-02-16,546.0,11.479999542236328,90.7300033569336,1289.3800048828125,4.5960001945495605
2006-02-17,551.7999877929688,12.010000228881836,90.63999938964844,1287.239990234375,4.540999889373779
2006-02-21,553.9000244140625,12.40999984741211,90.55000305175781,1283.030029296875,4.563000202178955
2006-02-22,553.9000244140625,11.880000114440918,90.66999816894531,1292.6700439453125,4.531000137329102
2006-02-23,548.4000244140625,11.869999885559082,90.38999938964844,1287.7900390625,4.566999912261963
2006-02-24,558.7999877929688,11.460000038146973,90.61000061035156,1289.4300537109375,4.566999912261963
2006-02-27,554.7000122070312,11.59000015258789,90.62999725341797,1294.1199951171875,4.590000152587891
2006-02-28,561.5999755859375,12.34000015258789,90.11000061035156,1280.6600341796875,4.546999931335449
2006-03-01,563.5,11.539999961853027,90.22000122070312,1291.239990234375,4.589000225067139
2006-03-02,568.2000122070312,11.720000267028809,89.55999755859375,1289.1400146484375,4.638000011444092
2006-03-03,566.0,11.960000038146973,89.66000366210938,1287.22998046875,4.684000015258789
2006-03-06,554.9000244140625,12.739999771118164,89.88999938964844,1278.260009765625,4.73799991607666
2006-03-07,552.7000122070312,12.65999984741211,90.7699966430664,1275.8800048828125,4.736000061035156
2006-03-08,542.5,12.319999694824219,90.62000274658203,1278.469970703125,4.734000205993652
2006-03-09,545.5,12.680000305175781,90.75,1272.22998046875,4.730000019073486
2006-03-10,539.9000244140625,11.850000381469727,90.8499984741211,1281.4200439453125,4.755000114440918
2006-03-13,546.0999755859375,11.369999885559082,90.54000091552734,1284.1300048828125,4.775000095367432
2006-03-14,551.7000122070312,10.739999771118164,90.0,1297.47998046875,4.696000099182129
2006-03-15,553.0999755859375,11.350000381469727,89.69999694824219,1303.02001953125,4.730999946594238
2006-03-16,554.4000244140625,11.979999542236328,89.06999969482422,1305.3299560546875,4.645999908447266
2006-03-17,554.0999755859375,12.119999885559082,88.91999816894531,1307.25,4.673999786376953
2006-03-20,555.2000122070312,11.789999961853027,89.12999725341797,1305.0799560546875,4.656000137329102
2006-03-21,552.4000244140625,11.619999885559082,89.62000274658203,1297.22998046875,4.7170000076293945
2006-03-22,550.9000244140625,11.210000038146973,89.72000122070312,1305.0400390625,4.703000068664551
2006-03-23,550.0999755859375,11.170000076293945,90.45999908447266,1301.6700439453125,4.738999843597412
2006-03-24,560.0,11.1899995803833,90.06999969482422,1302.949951171875,4.675000190734863
2006-03-27,567.0,11.460000038146973,90.06999969482422,1301.6099853515625,4.701000213623047
2006-03-28,566.5999755859375,11.579999923706055,90.25,1293.22998046875,4.7779998779296875
2006-03-29,573.0,10.949999809265137,90.25,1302.8900146484375,4.809999942779541
2006-03-30,586.7000122070312,11.569999694824219,89.38999938964844,1300.25,4.855000019073486
2006-03-31,581.7999877929688,11.390000343322754,89.7300033569336,1294.8699951171875,4.853000164031982
2006-04-03,589.4000244140625,11.569999694824219,89.62999725341797,1297.81005859375,4.874000072479248
2006-04-04,586.0,11.140000343322754,88.83000183105469,1305.9300537109375,4.872000217437744
2006-04-05,587.9000244140625,11.130000114440918,88.62999725341797,1311.56005859375,4.839000225067139
2006-04-06,595.2000122070312,11.449999809265137,88.95999908447266,1309.0400390625,4.89300012588501
2006-04-07,588.4000244140625,12.260000228881836,89.62999725341797,1295.5,4.9629998207092285
2006-04-10,597.5999755859375,12.1899995803833,89.72000122070312,1296.6199951171875,4.9629998207092285
2006-04-11,595.2000122070312,13.0,89.44000244140625,1286.5699462890625,4.932000160217285
2006-04-12,597.5,12.760000228881836,89.62000274658203,1288.1199951171875,4.97599983215332
2006-04-13,596.5,12.380000114440918,89.62000274658203,1289.1199951171875,5.035999774932861
2006-04-17,615.4000244140625,12.579999923706055,88.63999938964844,1285.3299560546875,5.006999969482422
2006-04-18,620.0,11.399999618530273,88.23999786376953,1307.280029296875,4.973999977111816
2006-04-19,632.5999755859375,11.319999694824219,87.79000091552734,1309.9300537109375,5.0279998779296875
2006-04-20,619.7999877929688,11.640000343322754,88.25,1311.4599609375,5.039000034332275
2006-04-21,632.2000122070312,11.59000015258789,88.05000305175781,1311.280029296875,5.01200008392334
2006-04-24,620.5999755859375,11.75,87.44999694824219,1308.1099853515625,4.985000133514404
2006-04-25,631.0,11.75,87.31999969482422,1301.739990234375,5.071000099182129
2006-04-26,638.7999877929688,11.760000228881836,87.22000122070312,1305.4100341796875,5.105000019073486
2006-04-27,633.2999877929688,11.84000015258789,86.62999725341797,1309.719970703125,5.084000110626221
2006-04-28,651.7999877929688,11.59000015258789,86.11000061035156,1310.6099853515625,5.068999767303467
2006-05-01,657.5,12.539999961853027,85.97000122070312,1305.18994140625,5.13100004196167
2006-05-02,664.7000122070312,11.989999771118164,85.79000091552734,1313.2099609375,5.110000133514404
2006-05-03,665.9000244140625,11.989999771118164,85.83999633789062,1308.1199951171875,5.144000053405762
2006-05-04,674.2000122070312,11.859999656677246,85.83999633789062,1312.25,5.150000095367432
2006-05-05,682.2000122070312,11.619999885559082,85.12000274658203,1325.760009765625,5.107999801635742
2006-05-08,677.7999877929688,12.0,85.2300033569336,1324.6600341796875,5.11899995803833
2006-05-09,699.4000244140625,11.989999771118164,84.83000183105469,1325.1400146484375,5.125
2006-05-10,703.7000122070312,11.779999732971191,84.5,1322.8499755859375,5.125
2006-05-11,719.7999877929688,12.489999771118164,84.2699966430664,1305.9200439453125,5.15500020980835
2006-05-12,710.2999877929688,14.1899995803833,83.95999908447266,1291.239990234375,5.185999870300293
2006-05-15,683.5999755859375,13.569999694824219,84.54000091552734,1294.5,5.1529998779296875
2006-05-16,691.5,13.350000381469727,84.16999816894531,1292.0799560546875,5.105000019073486
2006-05-17,690.5,16.260000228881836,84.8499984741211,1270.3199462890625,5.1529998779296875
2006-05-18,679.5999755859375,16.989999771118164,84.51000213623047,1261.81005859375,5.072999954223633
2006-05-19,656.7000122070312,17.18000030517578,84.87999725341797,1267.030029296875,5.053999900817871
2006-05-22,657.0,17.719999313354492,84.3499984741211,1262.0699462890625,5.035999774932861
2006-05-23,673.0,18.260000228881836,84.3499984741211,1256.5799560546875,5.065999984741211
2006-05-24,637.0,17.360000610351562,84.94999694824219,1258.5699462890625,5.033999919891357
2006-05-25,648.4000244140625,15.5,84.6500015258789,1272.8800048828125,5.073999881744385
2006-05-26,650.9000244140625,14.260000228881836,85.26000213623047,1280.1600341796875,5.052000045776367
2006-05-30,653.9000244140625,18.65999984741211,84.27999877929688,1259.8699951171875,5.085999965667725
2006-05-31,642.5,16.440000534057617,84.72000122070312,1270.0899658203125,5.11299991607666
2006-06-01,627.5999755859375,14.520000457763672,84.79000091552734,1285.7099609375,5.107999801635742
2006-06-02,635.5,14.319999694824219,84.05000305175781,1288.219970703125,4.99399995803833
2006-06-05,643.2000122070312,16.649999618530273,84.13999938964844,1265.2900390625,5.026000022888184
2006-06-06,629.4000244140625,17.34000015258789,84.7300033569336,1263.8499755859375,5.00600004196167
2006-06-07,627.4000244140625,17.799999237060547,84.98999786376953,1256.1500244140625,5.026000022888184
2006-06-08,609.0999755859375,18.350000381469727,85.91000366210938,1257.9300537109375,4.992000102996826
2006-06-09,608.2000122070312,18.1200008392334,85.72000122070312,1252.300048828125,4.980999946594238
2006-06-12,606.7999877929688,20.959999084472656,85.8499984741211,1237.43994140625,4.986999988555908
2006-06-13,562.5,23.809999465942383,86.43000030517578,1223.68994140625,4.960999965667725
2006-06-14,562.2999877929688,21.459999084472656,86.13999938964844,1230.0400390625,5.050000190734863
2006-06-15,566.5,15.899999618530273,86.0199966430664,1256.1600341796875,5.0980000495910645
2006-06-16,578.0,17.25,85.91999816894531,1251.5400390625,5.127999782562256
2006-06-19,568.7999877929688,17.829999923706055,86.30999755859375,1240.1300048828125,5.144999980926514
2006-06-20,576.9000244140625,16.690000534057617,86.18000030517578,1240.1199951171875,5.1570000648498535
2006-06-21,587.5,15.520000457763672,85.77999877929688,1252.199951171875,5.15500020980835
2006-06-22,582.2000122070312,15.880000114440918,86.38999938964844,1245.5999755859375,5.197999954223633
2006-06-23,584.7999877929688,15.890000343322754,86.81999969482422,1244.5,5.228000164031982
2006-06-26,584.7999877929688,15.619999885559082,86.48999786376953,1250.56005859375,5.238999843597412
2006-06-27,581.5999755859375,16.399999618530273,86.47000122070312,1239.199951171875,5.210000038146973
2006-06-28,578.2999877929688,15.789999961853027,86.62999725341797,1246.0,5.244999885559082
2006-06-29,586.5,13.029999732971191,85.87000274658203,1272.8699951171875,5.199999809265137
2006-06-30,613.5,13.079999923706055,85.22000122070312,1270.199951171875,5.138000011444092
2006-07-05,627.2999877929688,14.149999618530273,85.5999984741211,1270.9100341796875,5.2270002365112305
2006-07-06,634.0999755859375,13.649999618530273,85.3499984741211,1274.0799560546875,5.184999942779541
2006-07-07,632.7999877929688,13.970000267028809,84.9800033569336,1265.47998046875,5.131999969482422
2006-07-10,624.0999755859375,14.020000457763672,85.5,1267.3399658203125,5.130000114440918
2006-07-11,641.2000122070312,13.140000343322754,85.36000061035156,1272.4300537109375,5.099999904632568
2006-07-12,649.4000244140625,14.489999771118164,85.91000366210938,1258.5999755859375,5.099999904632568
2006-07-13,652.9000244140625,17.790000915527344,85.79000091552734,1242.280029296875,5.071000099182129
2006-07-14,666.5999755859375,18.049999237060547,86.08999633789062,1236.199951171875,5.059000015258789
2006-07-17,650.5999755859375,18.639999389648438,86.95999908447266,1234.489990234375,5.068999767303467
2006-07-18,628.2999877929688,17.739999771118164,87.01000213623047,1236.8599853515625,5.130000114440918
2006-07-19,641.5999755859375,15.550000190734863,86.45999908447266,1259.81005859375,5.059000015258789
2006-07-20,631.7000122070312,16.209999084472656,86.22000122070312,1249.1300048828125,5.0279998779296875
2006-07-21,619.5999755859375,17.399999618530273,85.93000030517578,1240.2900390625,5.045000076293945
2006-07-24,612.7000122070312,14.979999542236328,86.33999633789062,1260.9100341796875,5.044000148773193
2006-07-25,617.5999755859375,14.850000381469727,86.63999938964844,1268.8800048828125,5.065000057220459
2006-07-26,621.5999755859375,14.619999885559082,85.93000030517578,1268.4000244140625,5.035999774932861
2006-07-27,632.4000244140625,14.9399995803833,85.87000274658203,1263.199951171875,5.039999961853027
2006-07-28,634.7999877929688,14.329999923706055,85.44000244140625,1278.550048828125,4.989999771118164
2006-07-31,634.2000122070312,14.949999809265137,85.30000305175781,1276.6600341796875,4.98799991607666
2006-08-01,646.2999877929688,15.050000190734863,85.05000305175781,1270.9200439453125,4.982999801635742
2006-08-02,651.5999755859375,14.34000015258789,85.05000305175781,1277.4100341796875,4.960999965667725
2006-08-03,644.9000244140625,14.460000038146973,85.0199966430664,1280.27001953125,4.951000213623047
2006-08-04,644.0,14.34000015258789,84.56999969482422,1279.3599853515625,4.901000022888184
2006-08-07,647.7999877929688,15.229999542236328,84.75,1275.77001953125,4.921000003814697
2006-08-08,645.7000122070312,15.229999542236328,84.66000366210938,1271.47998046875,4.922999858856201
2006-08-09,650.5,15.199999809265137,84.70999908447266,1265.949951171875,4.936999797821045
2006-08-10,634.9000244140625,14.460000038146973,85.08000183105469,1271.81005859375,4.927000045776367
2006-08-11,633.5,14.300000190734863,85.5199966430664,1266.739990234375,4.9670000076293945
2006-08-14,628.5,14.260000228881836,85.63999938964844,1268.2099609375,5.000999927520752
2006-08-15,622.5,13.420000076293945,85.22000122070312,1285.5799560546875,4.931000232696533
2006-08-16,628.7000122070312,12.40999984741211,84.87999725341797,1295.4300537109375,4.870999813079834
2006-08-17,615.4000244140625,12.239999771118164,85.04000091552734,1297.47998046875,4.867000102996826
2006-08-18,612.0999755859375,11.640000343322754,85.08999633789062,1302.300048828125,4.835000038146973
2006-08-21,625.7000122070312,12.220000267028809,84.62999725341797,1297.52001953125,4.818999767303467
2006-08-22,624.5999755859375,12.1899995803833,85.18000030517578,1298.8199462890625,4.810999870300293
2006-08-23,623.7000122070312,12.399999618530273,85.12999725341797,1292.989990234375,4.818999767303467
2006-08-24,619.5,12.399999618530273,85.27999877929688,1296.06005859375,4.802999973297119
2006-08-25,622.0,12.3100004196167,85.37999725341797,1295.0899658203125,4.790999889373779
2006-08-28,615.2999877929688,12.180000305175781,85.2300033569336,1301.780029296875,4.796999931335449
2006-08-29,610.7000122070312,12.279999732971191,84.91000366210938,1304.280029296875,4.7829999923706055
2006-08-30,617.7000122070312,12.220000267028809,84.97000122070312,1305.3699951171875,4.763000011444092
2006-08-31,625.9000244140625,12.3100004196167,85.05000305175781,1303.8199462890625,4.73199987411499
2006-09-01,624.4000244140625,11.960000038146973,84.94000244140625,1311.010009765625,4.72599983215332
2006-09-05,638.5,12.630000114440918,85.0,1313.25,4.781000137329102
2006-09-06,633.5,13.739999771118164,85.0999984741211,1300.260009765625,4.801000118255615
2006-09-07,617.0,13.880000114440918,85.52999877929688,1294.02001953125,4.795000076293945
2006-09-08,609.5999755859375,13.15999984741211,85.94999694824219,1298.9200439453125,4.770999908447266
2006-09-11,590.0,12.989999771118164,85.91999816894531,1299.5400390625,4.798999786376953
2006-09-12,586.9000244140625,11.920000076293945,85.91999816894531,1313.0,4.7729997634887695
2006-09-13,589.0999755859375,11.180000305175781,85.87000274658203,1318.0699462890625,4.764999866485596
2006-09-14,579.2999877929688,11.550000190734863,85.66000366210938,1316.280029296875,4.793000221252441
2006-09-15,576.4000244140625,11.760000228881836,85.98999786376953,1319.6600341796875,4.797999858856201
2006-09-18,586.2000122070312,11.779999732971191,85.80999755859375,1321.1800537109375,4.809999942779541
2006-09-19,576.7999877929688,11.979999542236328,85.94000244140625,1317.6400146484375,4.736999988555908
2006-09-20,580.0,11.390000343322754,85.80999755859375,1325.1800537109375,4.729000091552734
2006-09-21,582.2000122070312,12.25,85.18000030517578,1318.030029296875,4.6479997634887695
2006-09-22,589.4000244140625,12.59000015258789,85.19999694824219,1314.780029296875,4.5970001220703125
2006-09-25,589.9000244140625,12.119999885559082,85.29000091552734,1326.3699951171875,4.554999828338623
2006-09-26,591.2000122070312,11.529999732971191,85.62999725341797,1336.3499755859375,4.585000038146973
2006-09-27,597.2999877929688,11.579999923706055,85.66000366210938,1336.5899658203125,4.593999862670898
2006-09-28,605.0,11.720000267028809,85.72000122070312,1338.8800048828125,4.625999927520752
2006-09-29,598.5999755859375,11.979999542236328,85.97000122070312,1335.8499755859375,4.632999897003174
2006-10-02,597.7000122070312,12.569999694824219,85.58999633789062,1331.3199462890625,4.618000030517578
2006-10-03,576.2999877929688,12.239999771118164,85.70999908447266,1334.1099853515625,4.616000175476074
2006-10-04,562.0,11.859999656677246,85.83999633789062,1350.199951171875,4.565000057220459
2006-10-05,571.0,11.979999542236328,85.91999816894531,1353.219970703125,4.607999801635742
2006-10-06,572.4000244140625,11.5600004196167,86.44000244140625,1349.5899658203125,4.696000099182129
2006-10-10,571.9000244140625,11.520000457763672,87.0199966430664,1353.4200439453125,4.748000144958496
2006-10-11,572.2999877929688,11.619999885559082,87.12000274658203,1349.949951171875,4.783999919891357
2006-10-12,576.2999877929688,11.09000015258789,86.91999816894531,1362.8299560546875,4.7779998779296875
2006-10-13,588.7999877929688,10.75,87.12000274658203,1365.6199951171875,4.806000232696533
2006-10-16,594.7000122070312,11.09000015258789,87.0,1369.06005859375,4.788000106811523
2006-10-17,589.7000122070312,11.729999542236328,86.87000274658203,1364.050048828125,4.7779998779296875
2006-10-18,588.9000244140625,11.34000015258789,86.87999725341797,1365.800048828125,4.763999938964844
2006-10-19,599.0,10.899999618530273,86.23999786376953,1366.9599609375,4.785999774932861
2006-10-20,593.0,10.630000114440918,86.2699966430664,1368.5999755859375,4.783999919891357
2006-10-23,579.7000122070312,11.079999923706055,86.70999908447266,1377.02001953125,4.826000213623047
2006-10-24,584.4000244140625,10.779999732971191,86.62999725341797,1377.3800048828125,4.823999881744385
2006-10-25,587.5999755859375,10.65999984741211,86.37999725341797,1382.219970703125,4.7729997634887695
2006-10-26,596.7999877929688,10.5600004196167,85.88999938964844,1389.0799560546875,4.7210001945495605
2006-10-27,598.2000122070312,10.800000190734863,85.55999755859375,1377.3399658203125,4.675000190734863
2006-10-30,604.7000122070312,11.199999809265137,85.58999633789062,1377.9300537109375,4.672999858856201
2006-10-31,604.0999755859375,11.100000381469727,85.31999969482422,1377.93994140625,4.605999946594238
2006-11-01,616.5999755859375,11.510000228881836,85.31999969482422,1367.81005859375,4.560999870300293
2006-11-02,625.4000244140625,11.420000076293945,85.33999633789062,1367.3399658203125,4.5960001945495605
2006-11-03,626.9000244140625,11.15999984741211,85.70999908447266,1364.300048828125,4.715000152587891
2006-11-06,625.7999877929688,11.15999984741211,85.75,1379.780029296875,4.709000110626221
2006-11-07,625.7000122070312,11.09000015258789,85.43000030517578,1382.8399658203125,4.658999919891357
2006-11-08,616.4000244140625,10.75,85.41000366210938,1385.719970703125,4.632999897003174
2006-11-09,635.0,11.010000228881836,85.18000030517578,1378.3299560546875,4.632999897003174
2006-11-10,628.4000244140625,10.789999961853027,85.05000305175781,1380.9000244140625,4.585999965667725
2006-11-13,624.2000122070312,10.859999656677246,85.36000061035156,1384.4200439453125,4.605000019073486
2006-11-14,623.7999877929688,10.5,85.23999786376953,1393.219970703125,4.567999839782715
2006-11-15,622.5,10.3100004196167,85.33999633789062,1396.5699462890625,4.614999771118164
2006-11-16,620.5999755859375,10.15999984741211,85.5,1399.760009765625,4.65500020980835
2006-11-17,621.5,10.050000190734863,85.37000274658203,1401.199951171875,4.60699987411499
2006-11-20,621.2000122070312,9.970000267028809,85.41999816894531,1400.5,4.59499979019165
2006-11-21,628.2000122070312,9.899999618530273,85.23999786376953,1402.81005859375,4.578000068664551
2006-11-22,628.7000122070312,10.140000343322754,84.6500015258789,1406.0899658203125,4.567999839782715
2006-11-24,628.7000122070312,10.729999542236328,83.70999908447266,1400.949951171875,4.547999858856201
2006-11-28,637.2000122070312,11.619999885559082,83.20999908447266,1386.719970703125,4.508999824523926
2006-11-29,635.5,10.829999923706055,83.44000244140625,1399.47998046875,4.520999908447266
2006-11-30,646.9000244140625,10.90999984741211,82.91999816894531,1400.6300048828125,4.458000183105469
2006-12-01,644.7000122070312,11.65999984741211,82.4800033569336,1396.7099609375,4.425000190734863
2006-12-04,645.2000122070312,11.229999542236328,82.48999786376953,1409.1199951171875,4.433000087738037
2006-12-05,642.2999877929688,11.270000457763672,82.44999694824219,1414.760009765625,4.441999912261963
2006-12-06,630.5,11.329999923706055,82.7699966430664,1412.9000244140625,4.480999946594238
2006-12-07,631.9000244140625,12.670000076293945,82.80000305175781,1407.2900390625,4.482999801635742
2006-12-08,626.0999755859375,12.069999694824219,83.33000183105469,1409.8399658203125,4.552000045776367
2006-12-11,630.0,10.710000038146973,83.12000274658203,1413.0400390625,4.519999980926514
2006-12-12,627.0,10.649999618530273,82.97000122070312,1411.56005859375,4.491000175476074
2006-12-13,627.9000244140625,10.180000305175781,82.97000122070312,1413.2099609375,4.577000141143799
2006-12-14,626.5999755859375,9.970000267028809,83.6500015258789,1425.489990234375,4.59499979019165
2006-12-15,615.0,10.050000190734863,84.05999755859375,1427.0899658203125,4.5970001220703125
2006-12-18,614.0,10.600000381469727,83.9800033569336,1422.47998046875,4.586999893188477
2006-12-19,621.5999755859375,10.300000190734863,83.45999908447266,1425.550048828125,4.598999977111816
2006-12-20,620.5999755859375,10.260000228881836,83.5199966430664,1423.530029296875,4.59499979019165
2006-12-21,618.2000122070312,10.529999732971191,83.56999969482422,1418.300048828125,4.548999786376953
2006-12-22,619.0999755859375,11.359999656677246,83.94000244140625,1410.760009765625,4.624000072479248
2006-12-26,623.7000122070312,11.260000228881836,84.06999969482422,1416.9000244140625,4.603000164031982
2006-12-27,627.2000122070312,10.640000343322754,83.94000244140625,1426.8399658203125,4.6539998054504395
2006-12-28,634.0999755859375,10.989999771118164,83.81999969482422,1424.72998046875,4.690000057220459
2006-12-29,635.2000122070312,11.5600004196167,83.72000122070312,1418.300048828125,4.710000038146973
2007-01-03,627.0999755859375,12.039999961853027,83.91999816894531,1416.5999755859375,4.664000034332275
2007-01-04,623.9000244140625,11.510000228881836,84.31999969482422,1418.3399658203125,4.618000030517578
2007-01-05,604.9000244140625,12.140000343322754,84.62999725341797,1409.7099609375,4.645999908447266
2007-01-08,607.5,12.0,84.5999984741211,1412.8399658203125,4.659999847412109
2007-01-09,613.0999755859375,11.90999984741211,84.73999786376953,1412.1099853515625,4.656000137329102
2007-01-10,611.5999755859375,11.470000267028809,85.08000183105469,1414.8499755859375,4.682000160217285
2007-01-11,612.4000244140625,10.869999885559082,85.30999755859375,1423.8199462890625,4.736999988555908
2007-01-12,625.5,10.149999618530273,85.02999877929688,1430.72998046875,4.770999908447266
2007-01-16,624.5999755859375,10.739999771118164,85.05000305175781,1431.9000244140625,4.750999927520752
2007-01-17,632.0999755859375,10.59000015258789,84.9800033569336,1430.6199951171875,4.7870001792907715
2007-01-18,627.0999755859375,10.850000381469727,84.91000366210938,1426.3699951171875,4.750999927520752
2007-01-19,635.5,10.399999618530273,84.86000061035156,1430.5,4.7729997634887695
2007-01-22,633.2999877929688,10.770000457763672,85.0199966430664,1422.949951171875,4.758999824523926
2007-01-23,645.2000122070312,10.34000015258789,84.66999816894531,1427.989990234375,4.803999900817871
2007-01-24,647.5999755859375,9.890000343322754,84.94000244140625,1440.1300048828125,4.809999942779541
2007-01-25,647.7999877929688,11.220000267028809,85.11000061035156,1423.9000244140625,4.867000102996826
2007-01-26,644.5,11.130000114440918,85.27999877929688,1422.1800537109375,4.879000186920166
2007-01-29,643.0999755859375,11.449999809265137,85.0999984741211,1420.6199951171875,4.892000198364258
2007-01-30,644.2000122070312,10.960000038146973,85.02999877929688,1428.8199462890625,4.875
2007-01-31,652.0,10.420000076293945,84.61000061035156,1438.239990234375,4.826000213623047
2007-02-01,657.4000244140625,10.3100004196167,84.62999725341797,1445.93994140625,4.836999893188477
2007-02-02,646.2000122070312,10.079999923706055,84.95999908447266,1448.3900146484375,4.827000141143799
2007-02-05,650.9000244140625,10.550000190734863,85.08000183105469,1446.989990234375,4.808000087738037
2007-02-06,653.5999755859375,10.649999618530273,84.77999877929688,1448.0,4.764999866485596
2007-02-07,652.2999877929688,10.319999694824219,84.75,1450.02001953125,4.744999885559082
2007-02-08,658.0,10.4399995803833,84.69999694824219,1448.31005859375,4.730000019073486
2007-02-09,667.5,11.100000381469727,84.87000274658203,1438.06005859375,4.783999919891357
2007-02-12,662.5999755859375,11.609999656677246,85.1500015258789,1433.3699951171875,4.803999900817871
2007-02-13,663.9000244140625,10.34000015258789,84.7300033569336,1444.260009765625,4.814000129699707
2007-02-14,667.4000244140625,10.229999542236328,84.19999694824219,1455.300048828125,4.730000019073486
2007-02-15,667.2999877929688,10.220000267028809,84.01000213623047,1456.81005859375,4.705999851226807
2007-02-16,668.7999877929688,10.020000457763672,84.08999633789062,1455.5400390625,4.690000057220459
2007-02-20,657.0999755859375,10.239999771118164,84.19000244140625,1459.6800537109375,4.679999828338623
2007-02-21,680.2000122070312,10.199999809265137,84.20999908447266,1457.6300048828125,4.691999912261963
2007-02-22,679.4000244140625,10.180000305175781,84.31999969482422,1456.3800048828125,4.730000019073486
2007-02-23,683.0999755859375,10.579999923706055,84.06999969482422,1451.18994140625,4.677999973297119
2007-02-26,686.5,11.149999618530273,83.93000030517578,1449.3699951171875,4.63100004196167
2007-02-27,683.9000244140625,18.309999465942383,83.4800033569336,1399.0400390625,4.513000011444092
2007-02-28,669.4000244140625,15.420000076293945,83.56999969482422,1406.8199462890625,4.550000190734863
2007-03-01,662.2999877929688,15.819999694824219,83.68000030517578,1403.1700439453125,4.556000232696533
2007-03-02,641.5,18.610000610351562,83.73999786376953,1387.1700439453125,4.514999866485596
2007-03-05,636.7000122070312,19.6299991607666,84.1500015258789,1374.1199951171875,4.51800012588501
2007-03-06,643.7999877929688,15.960000038146973,84.06999969482422,1395.4100341796875,4.5279998779296875
2007-03-07,650.5999755859375,15.239999771118164,83.77999877929688,1391.969970703125,4.497000217437744
2007-03-08,653.4000244140625,14.289999961853027,84.0999984741211,1401.8900146484375,4.508999824523926
2007-03-09,650.0,14.09000015258789,84.23999786376953,1402.8399658203125,4.589000225067139
2007-03-12,648.4000244140625,13.989999771118164,83.86000061035156,1406.5999755859375,4.552999973297119
2007-03-13,647.5999755859375,18.1299991607666,83.7300033569336,1377.949951171875,4.494999885559082
2007-03-14,640.9000244140625,17.270000457763672,83.61000061035156,1387.1700439453125,4.521999835968018
2007-03-15,645.7000122070312,16.43000030517578,83.68000030517578,1392.280029296875,4.535999774932861
2007-03-16,652.5999755859375,16.790000915527344,83.2300033569336,1386.949951171875,4.545000076293945
2007-03-19,653.0999755859375,14.59000015258789,83.38999938964844,1402.06005859375,4.571000099182129
2007-03-20,657.9000244140625,13.270000457763672,83.11000061035156,1410.93994140625,4.546999931335449
2007-03-21,659.0,12.1899995803833,82.7699966430664,1435.0400390625,4.51800012588501
2007-03-22,663.4000244140625,12.930000305175781,83.08999633789062,1434.5400390625,4.589000225067139
2007-03-23,656.7000122070312,12.949999809265137,83.27999877929688,1436.1099853515625,4.61299991607666
2007-03-26,663.4000244140625,13.15999984741211,83.08000183105469,1437.5,4.586999893188477
2007-03-27,662.0999755859375,13.479999542236328,83.01000213623047,1428.6099853515625,4.611999988555908
2007-03-28,666.5,14.979999542236328,83.02999877929688,1417.22998046875,4.619999885559082
2007-03-29,661.5,15.140000343322754,83.08999633789062,1422.530029296875,4.631999969482422
2007-03-30,663.0,14.640000343322754,82.93000030517578,1420.8599853515625,4.6479997634887695
2007-04-02,665.7000122070312,14.529999732971191,82.87000274658203,1424.550048828125,4.642000198364258
2007-04-03,664.0,13.460000038146973,83.1500015258789,1437.77001953125,4.664000034332275
2007-04-04,672.0999755859375,13.239999771118164,82.95999908447266,1439.3699951171875,4.6519999504089355
2007-04-05,674.2000122070312,13.229999542236328,82.68000030517578,1443.760009765625,4.673999786376953
2007-04-09,671.9000244140625,13.140000343322754,83.0999984741211,1444.6099853515625,4.744999885559082
2007-04-10,676.5,12.680000305175781,82.69999694824219,1448.3900146484375,4.723999977111816
2007-04-11,676.7999877929688,13.489999771118164,82.66999816894531,1438.8699951171875,4.738999843597412
2007-04-12,675.0999755859375,12.710000038146973,82.37000274658203,1447.800048828125,4.736999988555908
2007-04-13,685.4000244140625,12.199999809265137,82.12999725341797,1452.8499755859375,4.761000156402588
2007-04-16,690.0999755859375,11.979999542236328,82.06999969482422,1468.3299560546875,4.735000133514404
2007-04-17,688.2000122070312,12.140000343322754,81.83000183105469,1471.47998046875,4.688000202178955
2007-04-18,689.0999755859375,12.420000076293945,81.73999786376953,1472.5,4.6539998054504395
2007-04-19,684.2999877929688,12.539999961853027,81.63999938964844,1470.72998046875,4.670000076293945
2007-04-20,692.0,12.069999694824219,81.63999938964844,1484.3499755859375,4.671999931335449
2007-04-23,690.5999755859375,13.039999961853027,81.73999786376953,1480.9300537109375,4.650000095367432
2007-04-24,684.2000122070312,13.119999885559082,81.55000305175781,1480.4100341796875,4.622000217437744
2007-04-25,684.0999755859375,13.210000038146973,81.43000030517578,1495.4200439453125,4.645999908447266
2007-04-26,674.9000244140625,12.789999961853027,81.75,1494.25,4.684000015258789
2007-04-27,678.7000122070312,12.449999809265137,81.52999877929688,1494.0699462890625,4.697999954223633
2007-04-30,680.5,14.220000267028809,81.44999694824219,1482.3699951171875,4.630000114440918
2007-05-01,674.4000244140625,13.510000228881836,81.5999984741211,1486.300048828125,4.642000198364258
2007-05-02,672.2999877929688,13.079999923706055,81.73999786376953,1495.9200439453125,4.645999908447266
2007-05-03,681.7999877929688,13.09000015258789,81.94999694824219,1502.3900146484375,4.673999786376953
2007-05-04,687.2000122070312,12.90999984741211,81.73999786376953,1505.6199951171875,4.639999866485596
2007-05-07,688.0,13.149999618530273,81.68000030517578,1509.47998046875,4.636000156402588
2007-05-08,685.0999755859375,13.210000038146973,81.94000244140625,1507.719970703125,4.633999824523926
2007-05-09,680.2999877929688,12.880000114440918,82.0199966430664,1512.5799560546875,4.668000221252441
2007-05-10,665.0999755859375,13.600000381469727,82.29000091552734,1491.469970703125,4.6479997634887695
2007-05-11,670.5999755859375,12.949999809265137,82.12000274658203,1505.8499755859375,4.670000076293945
2007-05-14,668.5,13.960000038146973,82.06999969482422,1503.1500244140625,4.690000057220459
2007-05-15,673.0,14.010000228881836,81.75,1501.18994140625,4.711999893188477
2007-05-16,660.2000122070312,13.5,82.16000366210938,1514.1400146484375,4.708000183105469
2007-05-17,656.2000122070312,13.510000228881836,82.31999969482422,1512.75,4.75600004196167
2007-05-18,661.0,12.760000228881836,82.19999694824219,1522.75,4.803999900817871
2007-05-21,662.9000244140625,13.300000190734863,82.36000061035156,1525.0999755859375,4.788000106811523
2007-05-22,659.0999755859375,13.0600004196167,82.38999938964844,1524.1199951171875,4.830999851226807
2007-05-23,661.9000244140625,13.239999771118164,82.30999755859375,1522.280029296875,4.859000205993652
2007-05-24,653.0,14.079999923706055,82.41000366210938,1507.510009765625,4.85699987411499
2007-05-25,655.0999755859375,13.34000015258789,82.33000183105469,1515.72998046875,4.861000061035156
2007-05-29,657.0999755859375,13.529999732971191,82.30999755859375,1518.1099853515625,4.881999969482422
2007-05-30,653.0999755859375,12.829999923706055,82.43000030517578,1530.22998046875,4.877999782562256
2007-05-31,661.0,13.050000190734863,82.30000305175781,1530.6199951171875,4.889999866485596
2007-06-01,671.2000122070312,12.779999732971191,82.31999969482422,1536.3399658203125,4.955999851226807
2007-06-04,670.7000122070312,13.289999961853027,82.05999755859375,1539.1800537109375,4.928999900817871
2007-06-05,669.5999755859375,13.630000114440918,81.88999938964844,1530.949951171875,4.97599983215332
2007-06-06,669.2999877929688,14.869999885559082,81.9000015258789,1517.3800048828125,4.96999979019165
2007-06-07,660.0999755859375,17.059999465942383,82.29000091552734,1490.719970703125,5.098999977111816
2007-06-08,645.5,14.84000015258789,82.69000244140625,1507.6700439453125,5.118000030517578
2007-06-11,654.2999877929688,14.710000038146973,82.70999908447266,1509.1199951171875,5.13700008392334
2007-06-12,648.5,16.670000076293945,82.88999938964844,1493.0,5.248000144958496
2007-06-13,648.2000122070312,14.729999542236328,83.04000091552734,1515.6700439453125,5.199999809265137
2007-06-14,651.5999755859375,13.640000343322754,83.12999725341797,1522.969970703125,5.2170000076293945
2007-06-15,654.5,13.9399995803833,82.8499984741211,1532.9100341796875,5.171000003814697
2007-06-18,655.7999877929688,13.420000076293945,82.70999908447266,1531.050048828125,5.142000198364258
2007-06-19,660.7000122070312,12.850000381469727,82.54000091552734,1533.699951171875,5.085999965667725
2007-06-20,656.0999755859375,14.670000076293945,82.5199966430664,1512.8399658203125,5.123000144958496
2007-06-21,650.5999755859375,14.210000038146973,82.7300033569336,1522.18994140625,5.163000106811523
2007-06-22,653.5,15.75,82.33999633789062,1502.56005859375,5.138000011444092
2007-06-25,651.2999877929688,16.649999618530273,82.31999969482422,1497.739990234375,5.078000068664551
2007-06-26,642.0999755859375,18.889999389648438,82.29000091552734,1492.8900146484375,5.10099983215332
2007-06-27,641.7000122070312,15.529999732971191,82.31999969482422,1506.3399658203125,5.070000171661377
2007-06-28,647.5,15.539999961853027,82.33000183105469,1505.7099609375,5.118000030517578
2007-06-29,648.0999755859375,16.229999542236328,81.91999816894531,1503.3499755859375,5.0329999923706055
2007-07-02,656.5,15.399999618530273,81.38999938964844,1519.4300537109375,4.998000144958496
2007-07-03,652.9000244140625,14.920000076293945,81.43000030517578,1524.8699951171875,5.050000190734863
2007-07-05,648.4000244140625,15.479999542236328,81.54000091552734,1525.4000244140625,5.144000053405762
2007-07-06,652.7000122070312,14.720000267028809,81.45999908447266,1530.43994140625,5.195000171661377
2007-07-09,660.5,15.15999984741211,81.43000030517578,1531.8499755859375,5.158999919891357
2007-07-10,662.5,17.56999969482422,80.86000061035156,1510.1199951171875,5.038000106811523
2007-07-11,660.2999877929688,16.639999389648438,80.7300033569336,1518.760009765625,5.079999923706055
2007-07-12,666.7000122070312,15.539999961853027,80.63999938964844,1547.699951171875,5.116000175476074
2007-07-13,665.7999877929688,15.149999618530273,80.58000183105469,1552.5,5.10699987411499
2007-07-16,665.0,15.59000015258789,80.5199966430664,1549.52001953125,5.040999889373779
2007-07-17,664.7000122070312,15.630000114440918,80.54000091552734,1549.3699951171875,5.078000068664551
2007-07-18,672.5999755859375,16.0,80.41999816894531,1546.1700439453125,5.010000228881836
2007-07-19,677.2000122070312,15.229999542236328,80.41999816894531,1553.0799560546875,5.0279998779296875
2007-07-20,683.9000244140625,16.950000762939453,80.29000091552734,1534.0999755859375,4.955999851226807
2007-07-23,680.7999877929688,16.809999465942383,80.3499984741211,1541.5699462890625,4.964000225067139
2007-07-24,684.2000122070312,18.549999237060547,80.08000183105469,1511.0400390625,4.943999767303467
2007-07-25,673.2999877929688,18.100000381469727,80.6500015258789,1518.0899658203125,4.9039998054504395
2007-07-26,662.5,20.739999771118164,80.44999694824219,1482.6600341796875,4.7769999504089355
2007-07-27,660.0,24.170000076293945,80.94999694824219,1458.949951171875,4.788000106811523
2007-07-30,664.0999755859375,20.8700008392334,80.8499984741211,1473.9100341796875,4.803999900817871
2007-07-31,666.9000244140625,23.520000457763672,80.7699966430664,1455.27001953125,4.770999908447266
2007-08-01,663.5999755859375,23.670000076293945,80.87000274658203,1465.81005859375,4.758999824523926
2007-08-02,664.5999755859375,21.219999313354492,80.70999908447266,1472.199951171875,4.752999782562256
2007-08-03,672.5,25.15999984741211,80.18000030517578,1433.06005859375,4.699999809265137
2007-08-06,671.5,22.940000534057617,80.25,1467.6700439453125,4.730999946594238
2007-08-07,670.5999755859375,21.559999465942383,80.4800033569336,1476.7099609375,4.743000030517578
2007-08-08,674.5,21.450000762939453,80.33999633789062,1497.489990234375,4.860000133514404
2007-08-09,661.4000244140625,26.479999542236328,80.73999786376953,1453.0899658203125,4.789999961853027
2007-08-10,670.2999877929688,28.299999237060547,80.68000030517578,1453.6400146484375,4.776000022888184
2007-08-13,669.7000122070312,26.56999969482422,81.05000305175781,1452.9200439453125,4.7779998779296875
2007-08-14,668.5999755859375,27.68000030517578,81.48999786376953,1426.5400390625,4.73199987411499
2007-08-15,668.9000244140625,30.670000076293945,81.81999969482422,1406.699951171875,4.705999851226807
2007-08-16,648.2999877929688,30.829999923706055,81.7300033569336,1411.27001953125,4.599999904632568
2007-08-17,656.9000244140625,29.989999771118164,81.43000030517578,1445.93994140625,4.672999858856201
2007-08-20,656.7000122070312,26.329999923706055,81.4000015258789,1445.550048828125,4.633999824523926
2007-08-21,656.7000122070312,25.25,81.48999786376953,1447.1199951171875,4.590000152587891
2007-08-22,659.0999755859375,22.889999389648438,81.25,1464.0699462890625,4.619999885559082
2007-08-23,658.9000244140625,22.6200008392334,81.13999938964844,1462.5,4.618000030517578
2007-08-24,668.0,20.719999313354492,80.66999816894531,1479.3699951171875,4.632999897003174
2007-08-27,666.7999877929688,22.719999313354492,80.73999786376953,1466.7900390625,4.5960001945495605
2007-08-28,664.4000244140625,26.299999237060547,80.76000213623047,1432.3599853515625,4.53000020980835
2007-08-29,666.2999877929688,23.809999465942383,80.69999694824219,1463.760009765625,4.552999973297119
2007-08-30,665.0,25.059999465942383,80.79000091552734,1457.6400146484375,4.501999855041504
2007-08-31,673.0,23.3799991607666,80.79000091552734,1473.989990234375,4.5370001792907715
2007-09-04,682.5,22.780000686645508,80.87999725341797,1489.4200439453125,4.558000087738037
2007-09-05,681.7000122070312,24.579999923706055,80.62000274658203,1472.2900390625,4.4730000495910645
2007-09-06,695.5999755859375,23.989999771118164,80.47000122070312,1478.550048828125,4.5
2007-09-07,700.7999877929688,26.229999542236328,79.95999908447266,1453.550048828125,4.368000030517578
2007-09-10,703.2999877929688,27.3799991607666,79.81999969482422,1451.699951171875,4.323999881744385
2007-09-11,712.2000122070312,25.270000457763672,79.69999694824219,1471.489990234375,4.363999843597412
2007-09-12,711.9000244140625,24.959999084472656,79.36000061035156,1471.56005859375,4.4079999923706055
2007-09-13,709.5,24.760000228881836,79.51000213623047,1483.949951171875,4.48199987411499
2007-09-14,709.5999755859375,24.920000076293945,79.62000274658203,1484.25,4.461999893188477
2007-09-17,715.7999877929688,26.479999542236328,79.72000122070312,1476.6500244140625,4.46999979019165
2007-09-18,715.7999877929688,20.350000381469727,79.20999908447266,1519.780029296875,4.480000019073486
2007-09-19,722.0,20.030000686645508,79.30000305175781,1529.030029296875,4.52400016784668
2007-09-20,732.4000244140625,20.450000762939453,78.58000183105469,1518.75,4.671999931335449
2007-09-21,731.4000244140625,19.0,78.5999984741211,1525.75,4.631999969482422
2007-09-24,732.0999755859375,19.3700008392334,78.52999877929688,1517.72998046875,4.624000072479248
2007-09-25,731.5999755859375,18.600000381469727,78.30999755859375,1517.2099609375,4.613999843597412
2007-09-26,728.2999877929688,17.6299991607666,78.48999786376953,1525.4200439453125,4.619999885559082
2007-09-27,732.7000122070312,17.0,78.33999633789062,1531.3800048828125,4.572999954223633
2007-09-28,742.7999877929688,18.0,77.72000122070312,1526.75,4.578999996185303
2007-10-01,747.2000122070312,17.84000015258789,77.9000015258789,1547.0400390625,4.557000160217285
2007-10-02,729.7999877929688,18.489999771118164,78.30000305175781,1546.6300048828125,4.5289998054504395
2007-10-03,729.2999877929688,18.799999237060547,78.56999969482422,1539.5899658203125,4.543000221252441
2007-10-04,737.7999877929688,18.440000534057617,78.4800033569336,1542.8399658203125,4.5229997634887695
2007-10-05,741.2999877929688,16.90999984741211,78.30999755859375,1557.5899658203125,4.639999866485596
2007-10-08,732.7999877929688,17.459999084472656,78.66999816894531,1552.5799560546875,4.638000011444092
2007-10-09,737.4000244140625,16.1200008392334,78.52999877929688,1565.1500244140625,4.651000022888184
2007-10-10,740.4000244140625,16.670000076293945,78.37999725341797,1562.469970703125,4.646999835968018
2007-10-11,751.2999877929688,18.8799991607666,78.08000183105469,1554.4100341796875,4.658999919891357
2007-10-12,748.7000122070312,17.729999542236328,78.22000122070312,1561.800048828125,4.686999797821045
2007-10-15,757.0999755859375,19.25,78.08999633789062,1548.7099609375,4.672999858856201
2007-10-16,757.0,20.020000457763672,78.25,1538.530029296875,4.65500020980835
2007-10-17,757.5,18.540000915527344,78.12000274658203,1541.239990234375,4.546000003814697
2007-10-18,764.0999755859375,18.5,77.58999633789062,1540.0799560546875,4.502999782562256
2007-10-19,764.0,22.959999084472656,77.41000366210938,1500.6300048828125,4.401000022888184
2007-10-22,755.7999877929688,21.639999389648438,78.05999755859375,1506.3299560546875,4.39300012588501
2007-10-23,759.0,20.40999984741211,77.58999633789062,1519.5899658203125,4.40500020980835
2007-10-24,761.5999755859375,20.799999237060547,77.55000305175781,1515.8800048828125,4.330999851226807
2007-10-25,767.2999877929688,21.170000076293945,77.27999877929688,1514.4000244140625,4.3520002365112305
2007-10-26,783.9000244140625,19.559999465942383,77.02999877929688,1535.280029296875,4.388999938964844
2007-10-29,789.0999755859375,19.8700008392334,76.83999633789062,1540.97998046875,4.382999897003174
2007-10-30,784.2999877929688,21.06999969482422,76.7699966430664,1531.02001953125,4.382999897003174
2007-10-31,792.0,18.530000686645508,76.4800033569336,1549.3800048828125,4.474999904632568
2007-11-01,790.7000122070312,23.209999084472656,76.58999633789062,1508.43994140625,4.361000061035156
2007-11-02,805.7000122070312,23.010000228881836,76.33999633789062,1509.6500244140625,4.290999889373779
2007-11-05,808.0999755859375,24.309999465942383,76.43000030517578,1502.1700439453125,4.317999839782715
2007-11-06,820.7999877929688,21.389999389648438,76.04000091552734,1520.27001953125,4.35699987411499
2007-11-07,831.0,26.489999771118164,75.41000366210938,1475.6199951171875,4.334000110626221
2007-11-08,835.2000122070312,26.15999984741211,75.45999908447266,1474.77001953125,4.2729997634887695
2007-11-09,832.5,28.5,75.4000015258789,1453.699951171875,4.224999904632568
2007-11-12,805.7999877929688,31.09000015258789,75.9000015258789,1439.1800537109375,4.210999965667725
2007-11-13,797.2000122070312,24.100000381469727,75.87999725341797,1481.050048828125,4.25600004196167
2007-11-14,813.0,25.940000534057617,75.80999755859375,1470.5799560546875,4.269000053405762
2007-11-15,785.9000244140625,28.059999465942383,76.06999969482422,1451.1500244140625,4.158999919891357
2007-11-16,785.7000122070312,25.489999771118164,75.83000183105469,1458.739990234375,4.150000095367432
2007-11-19,776.7999877929688,26.010000228881836,75.77999877929688,1433.27001953125,4.078999996185303
2007-11-20,790.2999877929688,24.8799991607666,75.20999908447266,1439.699951171875,4.053999900817871
2007-11-21,797.5999755859375,26.84000015258789,75.06999969482422,1416.77001953125,4.02400016784668
2007-11-23,824.0,25.610000610351562,75.05000305175781,1440.699951171875,4.01200008392334
2007-11-26,826.0,28.90999984741211,74.86000061035156,1407.219970703125,3.8469998836517334
2007-11-27,813.7000122070312,26.280000686645508,75.0999984741211,1428.22998046875,3.944000005722046
2007-11-28,800.0999755859375,24.110000610351562,75.08000183105469,1469.02001953125,4.025000095367432
2007-11-29,795.2999877929688,23.969999313354492,75.58999633789062,1469.719970703125,3.940000057220459
2007-11-30,782.2000122070312,22.8700008392334,76.1500015258789,1481.1400146484375,3.9719998836517334
2007-12-03,788.2999877929688,23.610000610351562,75.93000030517578,1472.4200439453125,3.8949999809265137
2007-12-04,801.2999877929688,23.790000915527344,75.69000244140625,1462.7900390625,3.8889999389648438
2007-12-05,797.5,22.530000686645508,76.41000366210938,1485.010009765625,3.9110000133514404
2007-12-06,801.2000122070312,20.959999084472656,76.37999725341797,1507.3399658203125,3.997999906539917
2007-12-07,794.4000244140625,20.850000381469727,76.29000091552734,1504.6600341796875,4.119999885559082
2007-12-10,807.7000122070312,20.739999771118164,76.05999755859375,1515.9599609375,4.14900016784668
2007-12-11,811.4000244140625,23.59000015258789,76.22000122070312,1477.6500244140625,3.990000009536743
2007-12-12,813.5,22.469999313354492,76.13999938964844,1486.5899658203125,4.076000213623047
2007-12-13,799.0,22.559999465942383,76.55999755859375,1488.4100341796875,4.170000076293945
2007-12-14,793.2999877929688,23.270000457763672,77.44000244140625,1467.949951171875,4.23199987411499
2007-12-17,794.7999877929688,24.520000457763672,77.4000015258789,1445.9000244140625,4.192999839782715
2007-12-18,803.0,22.639999389648438,77.41000366210938,1454.97998046875,4.119999885559082
2007-12-19,801.0999755859375,21.68000030517578,77.58999633789062,1453.0,4.070000171661377
2007-12-20,799.2000122070312,20.579999923706055,77.79000091552734,1460.1199951171875,4.026000022888184
2007-12-21,811.5999755859375,18.469999313354492,77.72000122070312,1484.4599609375,4.168000221252441
2007-12-24,812.7999877929688,18.600000381469727,77.56999969482422,1496.449951171875,4.211999893188477
2007-12-26,826.0,18.65999984741211,77.1500015258789,1497.6600341796875,4.281000137329102
2007-12-27,828.5999755859375,20.260000228881836,76.61000061035156,1476.27001953125,4.198999881744385
2007-12-28,839.5999755859375,20.739999771118164,76.22000122070312,1478.489990234375,4.0960001945495605
2007-12-31,834.9000244140625,22.5,76.69999694824219,1468.3599853515625,4.034999847412109
2008-01-02,857.0,23.170000076293945,75.97000122070312,1447.1600341796875,3.9010000228881836
2008-01-03,866.4000244140625,22.489999771118164,75.88999938964844,1447.1600341796875,3.9010000228881836
2008-01-04,863.0999755859375,23.940000534057617,75.79000091552734,1411.6300048828125,3.8540000915527344
2008-01-07,859.5999755859375,23.790000915527344,76.16999816894531,1416.1800537109375,3.8389999866485596
2008-01-08,878.0,25.43000030517578,76.11000061035156,1390.18994140625,3.8399999141693115
2008-01-09,879.5,24.1200008392334,76.41999816894531,1409.1300048828125,3.7909998893737793
2008-01-10,891.7000122070312,23.450000762939453,75.93000030517578,1420.3299560546875,3.88700008392334
2008-01-11,896.0999755859375,23.68000030517578,75.9800033569336,1401.02001953125,3.809999942779541
2008-01-14,901.5999755859375,22.899999618530273,75.61000061035156,1416.25,3.7929999828338623
2008-01-15,901.0,23.34000015258789,75.56999969482422,1380.949951171875,3.7009999752044678
2008-01-16,880.5999755859375,24.3799991607666,76.26000213623047,1373.199951171875,3.7119998931884766
2008-01-17,879.5,28.459999084472656,76.16999816894531,1333.25,3.640000104904175
2008-01-18,880.7999877929688,27.18000030517578,76.37999725341797,1325.18994140625,3.6480000019073486
2008-01-22,889.5999755859375,31.010000228881836,76.3499984741211,1310.5,3.4839999675750732
2008-01-23,882.5,29.020000457763672,76.4000015258789,1338.5999755859375,3.4260001182556152
2008-01-24,905.5,27.780000686645508,75.69000244140625,1352.0699462890625,3.640000104904175
2008-01-25,910.5,29.079999923706055,75.97000122070312,1330.6099853515625,3.5840001106262207
2008-01-28,927.0999755859375,27.780000686645508,75.58000183105469,1353.9599609375,3.5859999656677246
2008-01-29,925.0999755859375,27.31999969482422,75.54000091552734,1362.300048828125,3.6579999923706055
2008-01-30,920.5999755859375,27.6200008392334,75.02999877929688,1355.81005859375,3.7330000400543213
2008-01-31,922.7000122070312,26.200000762939453,75.18000030517578,1378.550048828125,3.6389999389648438
2008-02-01,908.7000122070312,24.020000457763672,75.44999694824219,1395.4200439453125,3.5999999046325684
2008-02-04,904.9000244140625,25.989999771118164,75.37000274658203,1380.8199462890625,3.6429998874664307
2008-02-05,885.9000244140625,28.239999771118164,76.12000274658203,1336.6400146484375,3.5869998931884766
2008-02-06,900.7000122070312,28.969999313354492,76.13999938964844,1326.449951171875,3.614000082015991
2008-02-07,906.0999755859375,27.65999984741211,76.94000244140625,1336.9100341796875,3.7360000610351562
2008-02-08,918.4000244140625,28.010000228881836,76.66999816894531,1331.2900390625,3.6540000438690186
2008-02-11,922.9000244140625,27.600000381469727,76.58000183105469,1339.1300048828125,3.618000030517578
2008-02-12,907.4000244140625,26.329999923706055,76.31999969482422,1348.8599853515625,3.678999900817871
2008-02-13,906.5,24.8799991607666,76.4000015258789,1367.2099609375,3.694000005722046
2008-02-14,907.4000244140625,25.540000915527344,76.1500015258789,1348.8599853515625,3.818000078201294
2008-02-15,902.7999877929688,25.020000457763672,76.0999984741211,1349.989990234375,3.7799999713897705
2008-02-19,926.5999755859375,25.59000015258789,76.0,1348.780029296875,3.875
2008-02-20,934.5999755859375,24.399999618530273,76.12000274658203,1360.030029296875,3.9170000553131104
2008-02-21,946.0999755859375,25.1200008392334,75.5999984741211,1342.530029296875,3.7839999198913574
2008-02-22,944.7000122070312,24.059999465942383,75.5199966430664,1353.1099853515625,3.7899999618530273
2008-02-25,937.5999755859375,23.030000686645508,75.52999877929688,1371.800048828125,3.9019999504089355
2008-02-26,946.0999755859375,21.899999618530273,74.76000213623047,1381.2900390625,3.859999895095825
2008-02-27,958.2000122070312,22.690000534057617,74.20999908447266,1380.02001953125,3.8499999046325684
2008-02-28,964.5,23.530000686645508,73.72000122070312,1367.6800537109375,3.7149999141693115
2008-02-29,972.0999755859375,26.540000915527344,73.70999908447266,1330.6300048828125,3.5339999198913574
2008-03-03,981.5,26.280000686645508,73.69999694824219,1331.3399658203125,3.5339999198913574
2008-03-04,963.9000244140625,25.520000457763672,73.66000366210938,1326.75,3.5789999961853027
2008-03-05,986.2000122070312,24.600000381469727,73.4800033569336,1333.699951171875,3.693000078201294
2008-03-06,975.0,27.549999237060547,73.0,1304.3399658203125,3.621999979019165
2008-03-07,972.2000122070312,27.489999771118164,73.02999877929688,1293.3699951171875,3.5409998893737793
2008-03-10,969.9000244140625,29.3799991607666,72.98999786376953,1273.3699951171875,3.437999963760376
2008-03-11,974.2000122070312,26.360000610351562,73.27999877929688,1320.6500244140625,3.5959999561309814
2008-03-12,978.7999877929688,27.219999313354492,72.4000015258789,1308.77001953125,3.4830000400543213
2008-03-13,992.2999877929688,27.290000915527344,72.06999969482422,1315.47998046875,3.5339999198913574
2008-03-14,998.2000122070312,31.15999984741211,71.66000366210938,1288.1400146484375,3.4210000038146973
2008-03-17,1001.4000244140625,32.2400016784668,71.45999908447266,1276.5999755859375,3.313999891281128
2008-03-18,1003.2000122070312,25.790000915527344,71.56999969482422,1330.739990234375,3.4509999752044678
2008-03-19,944.7000122070312,29.84000015258789,72.13999938964844,1298.4200439453125,3.361999988555908
2008-03-20,919.5999755859375,26.6200008392334,72.75,1329.510009765625,3.328000068664551
2008-03-24,918.2999877929688,25.729999542236328,72.94999694824219,1349.8800048828125,3.5220000743865967
2008-03-25,934.5999755859375,25.719999313354492,72.27999877929688,1352.989990234375,3.492000102996826
2008-03-26,949.0,26.079999923706055,71.51000213623047,1341.1300048828125,3.49399995803833
2008-03-27,948.7999877929688,25.8799991607666,71.66000366210938,1325.760009765625,3.5339999198913574
2008-03-28,930.5999755859375,25.709999084472656,71.68000030517578,1315.219970703125,3.4660000801086426
2008-03-31,916.2000122070312,25.610000610351562,71.80000305175781,1322.699951171875,3.431999921798706
2008-04-01,882.9000244140625,22.68000030517578,72.55999755859375,1370.1800537109375,3.5450000762939453
2008-04-02,895.2000122070312,23.43000030517578,72.26000213623047,1367.530029296875,3.5829999446868896
2008-04-03,905.0,23.209999084472656,72.22000122070312,1369.31005859375,3.5910000801086426
2008-04-04,909.0,22.450000762939453,72.0199966430664,1370.4000244140625,3.4809999465942383
2008-04-07,922.7000122070312,22.420000076293945,72.19999694824219,1372.5400390625,3.555999994277954
2008-04-08,914.0,22.360000610351562,72.2300033569336,1365.5400390625,3.558000087738037
2008-04-09,933.5999755859375,22.809999465942383,71.83000183105469,1354.489990234375,3.4660000801086426
2008-04-10,928.2999877929688,21.979999542236328,72.12000274658203,1360.550048828125,3.5320000648498535
2008-04-11,923.5999755859375,23.459999084472656,71.80999755859375,1332.8299560546875,3.4709999561309814
2008-04-14,925.4000244140625,23.81999969482422,71.87999725341797,1328.3199462890625,3.503000020980835
2008-04-15,928.7000122070312,22.780000686645508,72.0199966430664,1334.4300537109375,3.569999933242798
2008-04-16,945.0999755859375,20.530000686645508,71.41000366210938,1364.7099609375,3.696000099182129
2008-04-17,939.7999877929688,20.3700008392334,71.68000030517578,1365.56005859375,3.7290000915527344
2008-04-18,912.2000122070312,20.1299991607666,72.01000213623047,1390.3299560546875,3.743000030517578
2008-04-21,914.7000122070312,20.5,71.6500015258789,1388.1700439453125,3.7119998931884766
2008-04-22,922.2999877929688,20.8700008392334,71.33000183105469,1375.93994140625,3.7200000286102295
2008-04-23,906.2000122070312,20.260000228881836,71.81999969482422,1379.9300537109375,3.7300000190734863
2008-04-24,886.7999877929688,20.059999465942383,72.54000091552734,1388.8199462890625,3.8269999027252197
2008-04-25,887.2000122070312,19.59000015258789,72.79000091552734,1397.8399658203125,3.865999937057495
2008-04-28,892.9000244140625,19.639999389648438,72.79000091552734,1396.3699951171875,3.8350000381469727
2008-04-29,874.2000122070312,20.239999771118164,72.88999938964844,1390.93994140625,3.825000047683716
2008-04-30,862.7999877929688,20.790000915527344,72.51000213623047,1385.5899658203125,3.759000062942505
2008-05-01,848.9000244140625,18.8799991607666,73.27999877929688,1409.3399658203125,3.749000072479248
2008-05-02,856.0999755859375,18.18000030517578,73.5,1413.9000244140625,3.8450000286102295
2008-05-05,872.2999877929688,18.899999618530273,73.19000244140625,1407.489990234375,3.8450000286102295
2008-05-06,876.0,18.209999084472656,73.0,1418.260009765625,3.8929998874664307
2008-05-07,869.5999755859375,19.729999542236328,73.51000213623047,1392.5699462890625,3.867000102996826
2008-05-08,880.5999755859375,19.399999618530273,73.4800033569336,1397.6800537109375,3.805000066757202
2008-05-09,884.5,19.40999984741211,73.05000305175781,1388.280029296875,3.7669999599456787
2008-05-12,883.7000122070312,17.790000915527344,72.94999694824219,1403.5799560546875,3.7750000953674316
2008-05-13,868.5,17.979999542236328,73.2699966430664,1403.0400390625,3.9089999198913574
2008-05-14,865.4000244140625,17.65999984741211,73.4000015258789,1408.6600341796875,3.937999963760376
2008-05-15,879.0,16.299999237060547,73.3499984741211,1423.5699462890625,3.8429999351501465
2008-05-16,899.0,16.469999313354492,72.83999633789062,1425.3499755859375,3.8499999046325684
2008-05-19,905.0,17.010000228881836,73.04000091552734,1426.6300048828125,3.8389999866485596
2008-05-20,919.5,17.579999923706055,72.4000015258789,1413.4000244140625,3.7760000228881836
2008-05-21,928.0,18.59000015258789,71.94000244140625,1390.7099609375,3.822000026702881
2008-05-22,917.9000244140625,18.049999237060547,72.27999877929688,1394.3499755859375,3.9210000038146973
2008-05-23,925.5999755859375,19.549999237060547,71.88999938964844,1375.9300537109375,3.8310000896453857
2008-05-27,907.7000122070312,19.639999389648438,72.33999633789062,1385.3499755859375,3.9210000038146973
2008-05-28,900.5,19.06999969482422,72.55000305175781,1390.8399658203125,4.008999824523926
2008-05-29,877.2000122070312,18.139999389648438,73.0199966430664,1398.260009765625,4.078999996185303
2008-05-30,887.2999877929688,17.829999923706055,72.87999725341797,1400.3800048828125,4.046000003814697
2008-06-02,892.9000244140625,19.829999923706055,72.93000030517578,1385.6700439453125,3.9709999561309814
2008-06-03,881.5999755859375,20.239999771118164,73.23999786376953,1377.6500244140625,3.8980000019073486
2008-06-04,879.9000244140625,20.799999237060547,73.41999816894531,1377.199951171875,3.940000057220459
2008-06-05,871.7999877929688,18.6299991607666,73.04000091552734,1404.050048828125,4.025000095367432
2008-06-06,895.4000244140625,23.559999465942383,72.38999938964844,1360.6800537109375,3.937999963760376
2008-06-09,894.7000122070312,23.1200008392334,72.8499984741211,1361.760009765625,3.992000102996826
2008-06-10,867.9000244140625,23.18000030517578,73.69999694824219,1358.43994140625,4.098999977111816
2008-06-11,879.7000122070312,24.1200008392334,73.20999908447266,1335.489990234375,4.072999954223633
2008-06-12,869.2000122070312,23.329999923706055,73.86000061035156,1339.8699951171875,4.204999923706055
2008-06-13,870.2999877929688,21.219999313354492,74.1500015258789,1360.030029296875,4.261000156402588
2008-06-16,883.5999755859375,20.950000762939453,73.61000061035156,1360.1400146484375,4.244999885559082
2008-06-17,884.2999877929688,21.1299991607666,73.51000213623047,1350.9300537109375,4.224999904632568
2008-06-18,890.9000244140625,22.239999771118164,73.44000244140625,1337.81005859375,4.1539998054504395
2008-06-19,901.7000122070312,21.579999923706055,73.4800033569336,1342.8299560546875,4.198999881744385
2008-06-20,901.2999877929688,22.8700008392334,73.02999877929688,1317.9300537109375,4.13700008392334
2008-06-23,884.7999877929688,22.639999389648438,73.43000030517578,1318.0,4.168000221252441
2008-06-24,889.2000122070312,22.420000076293945,73.23999786376953,1314.2900390625,4.105000019073486
2008-06-25,880.0,21.139999389648438,72.93000030517578,1321.969970703125,4.114999771118164
2008-06-26,913.0999755859375,23.93000030517578,72.48999786376953,1283.1500244140625,4.0329999923706055
2008-06-27,929.2999877929688,23.440000534057617,72.36000061035156,1278.3800048828125,3.990000009536743
2008-06-30,926.2000122070312,23.950000762939453,72.45999908447266,1280.0,3.9790000915527344
2008-07-01,942.5,23.649999618530273,72.37000274658203,1284.9100341796875,3.992000102996826
2008-07-02,944.7999877929688,25.920000076293945,72.02999877929688,1261.52001953125,3.9590001106262207
2008-07-03,931.9000244140625,24.780000686645508,72.73999786376953,1262.9000244140625,3.9730000495910645
2008-07-07,927.2999877929688,25.780000686645508,72.66999816894531,1252.31005859375,3.930000066757202
2008-07-08,921.9000244140625,23.149999618530273,73.01000213623047,1273.699951171875,3.880000114440918
2008-07-09,927.2999877929688,25.229999542236328,72.58000183105469,1244.68994140625,3.8340001106262207
2008-07-10,940.9000244140625,25.59000015258789,72.48999786376953,1253.3900146484375,3.811000108718872
2008-07-11,959.5,27.489999771118164,72.0999984741211,1239.489990234375,3.940000057220459
2008-07-14,972.7000122070312,28.479999542236328,71.91999816894531,1228.300048828125,3.880000114440918
2008-07-15,977.7000122070312,28.540000915527344,71.87000274658203,1214.9100341796875,3.8440001010894775
2008-07-16,961.7999877929688,25.100000381469727,72.05999755859375,1245.3599853515625,3.934000015258789
2008-07-17,970.0,25.010000228881836,72.23999786376953,1260.3199462890625,4.038000106811523
2008-07-18,957.2999877929688,24.049999237060547,72.19000244140625,1260.6800537109375,4.080999851226807
2008-07-21,963.0999755859375,23.049999237060547,71.98999786376953,1260.0,4.066999912261963
2008-07-22,948.0,21.18000030517578,72.44999694824219,1277.0,4.0970001220703125
2008-07-23,922.4000244140625,21.309999465942383,72.80999755859375,1282.18994140625,4.1479997634887695
2008-07-24,922.0,23.440000534057617,72.93000030517578,1252.5400390625,4.015999794006348
2008-07-25,926.5999755859375,22.90999984741211,72.86000061035156,1257.760009765625,4.111000061035156
2008-07-28,927.5999755859375,24.229999542236328,72.6500015258789,1234.3699951171875,4.01800012588501
2008-07-29,916.4000244140625,22.030000686645508,73.30999755859375,1263.199951171875,4.044000148773193
2008-07-30,902.9000244140625,21.209999084472656,73.31999969482422,1284.260009765625,4.047999858856201
2008-07-31,913.9000244140625,22.940000534057617,73.2300033569336,1267.3800048828125,3.9790000915527344
2008-08-01,909.0,22.56999969482422,73.41999816894531,1260.31005859375,3.947999954223633
2008-08-04,900.0999755859375,23.489999771118164,73.45999908447266,1249.010009765625,3.9719998836517334
2008-08-05,878.5999755859375,21.139999389648438,73.87999725341797,1284.8800048828125,4.006999969482422
2008-08-06,875.5999755859375,20.229999542236328,74.23999786376953,1289.18994140625,4.047999858856201
2008-08-07,870.7000122070312,21.149999618530273,74.55000305175781,1266.0699462890625,3.934999942779541
2008-08-08,857.7999877929688,20.65999984741211,75.8499984741211,1296.3199462890625,3.950000047683716
2008-08-11,821.5,20.1200008392334,76.12999725341797,1305.3199462890625,4.001999855041504
2008-08-12,808.2000122070312,21.170000076293945,76.1500015258789,1289.5899658203125,3.9179999828338623
2008-08-13,825.0,21.549999237060547,76.20999908447266,1285.8299560546875,3.947000026702881
2008-08-14,808.2000122070312,20.34000015258789,76.66999816894531,1292.9300537109375,3.8919999599456787
2008-08-15,786.0,19.579999923706055,77.18000030517578,1298.199951171875,3.8519999980926514
2008-08-18,799.7000122070312,20.979999542236328,77.12000274658203,1278.5999755859375,3.815999984741211
2008-08-19,811.0999755859375,21.280000686645508,76.83999633789062,1266.68994140625,3.8420000076293945
2008-08-20,810.2999877929688,20.420000076293945,76.95999908447266,1274.5400390625,3.7990000247955322
2008-08-21,833.0,19.81999969482422,76.19999694824219,1277.719970703125,3.8380000591278076
2008-08-22,827.4000244140625,18.809999465942383,76.80999755859375,1292.199951171875,3.867000102996826
2008-08-25,819.7999877929688,20.969999313354492,76.79000091552734,1266.8399658203125,3.7909998893737793
2008-08-26,822.2000122070312,20.489999771118164,77.25,1271.510009765625,3.7839999198913574
2008-08-27,828.0999755859375,19.760000228881836,77.05000305175781,1281.6600341796875,3.7720000743865967
2008-08-28,830.9000244140625,19.43000030517578,77.1500015258789,1300.6800537109375,3.7950000762939453
2008-08-29,829.2999877929688,20.649999618530273,77.37999725341797,1282.8299560546875,3.812999963760376
2008-09-02,805.0,21.989999771118164,78.05999755859375,1277.5799560546875,3.746000051498413
2008-09-03,802.7000122070312,21.43000030517578,78.08999633789062,1274.97998046875,3.697000026702881
2008-09-04,797.9000244140625,24.030000686645508,78.61000061035156,1236.8299560546875,3.6429998874664307
2008-09-05,797.5999755859375,23.059999465942383,78.93000030517578,1242.31005859375,3.6600000858306885
2008-09-08,797.5,22.639999389648438,79.58999633789062,1267.7900390625,3.6649999618530273
2008-09-09,787.0999755859375,25.469999313354492,79.25,1224.510009765625,3.5959999561309814
2008-09-10,757.9000244140625,24.520000457763672,79.8499984741211,1232.0400390625,3.6410000324249268
2008-09-11,741.2999877929688,24.389999389648438,80.1500015258789,1249.050048828125,3.621999979019165
2008-09-12,760.2999877929688,25.65999984741211,78.97000122070312,1251.699951171875,3.7300000190734863
2008-09-15,783.0999755859375,31.700000762939453,78.91000366210938,1192.699951171875,3.4830000400543213
2008-09-16,776.5,30.299999237060547,79.06999969482422,1213.5999755859375,3.490999937057495
2008-09-17,846.5999755859375,36.220001220703125,78.0999984741211,1156.3900146484375,3.4100000858306885
2008-09-18,892.7000122070312,33.099998474121094,78.0199966430664,1206.510009765625,3.437000036239624
2008-09-19,860.5999755859375,32.06999969482422,77.68000030517578,1255.0799560546875,3.7690000534057617
2008-09-22,903.9000244140625,33.849998474121094,76.1500015258789,1207.0899658203125,3.8259999752044678
2008-09-23,885.5,35.720001220703125,76.47000122070312,1188.219970703125,3.8410000801086426
2008-09-24,889.0,35.189998626708984,76.79000091552734,1185.8699951171875,3.7709999084472656
2008-09-25,877.7000122070312,32.81999969482422,76.98999786376953,1209.1800537109375,3.861999988555908
2008-09-26,882.9000244140625,34.7400016784668,76.94999694824219,1213.27001953125,3.8269999027252197
2008-09-29,888.2000122070312,46.720001220703125,77.47000122070312,1106.4200439453125,3.631999969482422
2008-09-30,874.2000122070312,39.38999938964844,79.44999694824219,1166.3599853515625,3.8269999027252197
2008-10-01,880.7000122070312,39.810001373291016,79.45999908447266,1161.06005859375,3.7679998874664307
2008-10-02,839.0,45.2599983215332,80.44000244140625,1114.280029296875,3.6459999084472656
2008-10-03,828.9000244140625,45.13999938964844,80.30999755859375,1099.22998046875,3.6440000534057617
2008-10-06,862.7000122070312,52.04999923706055,81.68000030517578,1056.8900146484375,3.4260001182556152
2008-10-07,878.4000244140625,53.68000030517578,80.97000122070312,996.22998046875,3.50600004196167
2008-10-08,903.0999755859375,57.529998779296875,80.91000366210938,984.9400024414062,3.7149999141693115
2008-10-09,883.0999755859375,63.91999816894531,81.16000366210938,909.9199829101562,3.8340001106262207
2008-10-10,855.4000244140625,69.94999694824219,83.0,899.219970703125,3.8610000610351562
2008-10-13,838.9000244140625,54.9900016784668,81.87999725341797,1003.3499755859375,3.8610000610351562
2008-10-14,836.2999877929688,55.130001068115234,81.36000061035156,998.010009765625,4.0229997634887695
2008-10-15,835.5,69.25,82.05000305175781,907.8400268554688,4.011000156402588
2008-10-16,801.5,67.61000061035156,82.45999908447266,946.4299926757812,3.936000108718872
2008-10-17,785.0999755859375,70.33000183105469,82.41000366210938,940.5499877929688,3.937999963760376
2008-10-20,787.5999755859375,52.970001220703125,83.0999984741211,985.4000244140625,3.885999917984009
2008-10-21,766.0999755859375,53.11000061035156,83.98999786376953,955.0499877929688,3.703000068664551
2008-10-22,733.2999877929688,69.6500015258789,85.37000274658203,896.780029296875,3.618000030517578
2008-10-23,713.2999877929688,67.80000305175781,85.36000061035156,908.1099853515625,3.5339999198913574
2008-10-24,729.0999755859375,79.12999725341797,86.44000244140625,876.77001953125,3.697000026702881
2008-10-27,741.7000122070312,80.05999755859375,86.93000030517578,848.9199829101562,3.7290000915527344
2008-10-28,739.2999877929688,66.95999908447266,87.02999877929688,940.510009765625,3.819999933242798
2008-10-29,752.7999877929688,69.95999908447266,85.06999969482422,930.0900268554688,3.874000072479248
2008-10-30,737.2000122070312,62.900001525878906,84.55999755859375,954.0900268554688,3.938999891281128
2008-10-31,716.7999877929688,59.88999938964844,85.62999725341797,968.75,3.9700000286102295
2008-11-03,725.4000244140625,53.68000030517578,86.3499984741211,966.2999877929688,3.9040000438690186
2008-11-04,756.0,47.72999954223633,84.77999877929688,1005.75,3.765000104904175
2008-11-05,741.2999877929688,54.560001373291016,84.61000061035156,952.77001953125,3.694000005722046
2008-11-06,731.2000122070312,63.68000030517578,85.88999938964844,904.8800048828125,3.7070000171661377
2008-11-07,733.2000122070312,56.099998474121094,85.91000366210938,930.989990234375,3.7799999713897705
2008-11-10,745.5999755859375,59.97999954223633,85.91000366210938,919.2100219726562,3.759999990463257
2008-11-11,732.0,61.439998626708984,87.06999969482422,898.9500122070312,3.755000114440918
2008-11-12,717.7000122070312,66.45999908447266,87.47000122070312,852.2999877929688,3.6649999618530273
2008-11-13,704.9000244140625,59.83000183105469,86.94000244140625,911.2899780273438,3.818000078201294
2008-11-14,742.4000244140625,66.30999755859375,86.36000061035156,873.2899780273438,3.75
2008-11-17,741.9000244140625,69.1500015258789,86.80999755859375,850.75,3.684000015258789
2008-11-18,732.5999755859375,67.63999938964844,87.37000274658203,859.1199951171875,3.5350000858306885
2008-11-19,735.9000244140625,74.26000213623047,87.30999755859375,806.5800170898438,3.3910000324249268
2008-11-20,748.5999755859375,80.86000061035156,87.97000122070312,752.4400024414062,3.1440000534057617
2008-11-21,791.7000122070312,72.66999816894531,88.19000244140625,800.030029296875,3.1670000553131104
2008-11-24,819.4000244140625,64.69999694824219,86.08000183105469,851.8099975585938,3.3399999141693115
2008-11-25,818.4000244140625,60.900001525878906,85.0,857.3900146484375,3.0920000076293945
2008-11-26,808.5,54.91999816894531,85.66999816894531,887.6799926757812,3.000999927520752
2008-11-28,816.2000122070312,55.279998779296875,86.5199966430664,896.239990234375,2.9570000171661377
2008-12-01,774.5999755859375,68.51000213623047,86.72000122070312,816.2100219726562,2.7190001010894775
2008-12-02,781.2999877929688,62.97999954223633,86.69999694824219,848.8099975585938,2.693000078201294
2008-12-03,768.7999877929688,60.720001220703125,87.02999877929688,870.739990234375,2.6760001182556152
2008-12-04,763.7999877929688,63.63999938964844,86.44000244140625,845.219970703125,2.569999933242798
2008-12-05,750.5,59.93000030517578,87.12000274658203,876.0700073242188,2.6570000648498535
2008-12-08,767.4000244140625,58.4900016784668,85.55999755859375,909.7000122070312,2.7339999675750732
2008-12-09,772.4000244140625,58.90999984741211,85.83999633789062,888.6699829101562,2.6689999103546143
2008-12-10,807.0999755859375,55.72999954223633,85.4800033569336,899.239990234375,2.684000015258789
2008-12-11,824.9000244140625,55.779998779296875,83.83000183105469,873.5900268554688,2.6480000019073486
2008-12-12,818.9000244140625,54.279998779296875,83.63999938964844,879.72998046875,2.5889999866485596
2008-12-15,835.4000244140625,56.7599983215332,82.2699966430664,868.5700073242188,2.5329999923706055
2008-12-16,841.7000122070312,52.369998931884766,80.68000030517578,913.1799926757812,2.36299991607666
2008-12-17,867.5,49.84000015258789,78.91000366210938,904.4199829101562,2.190000057220459
2008-12-18,859.5999755859375,47.34000015258789,79.47000122070312,885.280029296875,2.0739998817443848
2008-12-19,836.4000244140625,44.93000030517578,81.30000305175781,887.8800048828125,2.13100004196167
2008-12-22,846.2000122070312,44.560001373291016,81.08999633789062,871.6300048828125,2.1410000324249268
2008-12-23,837.2000122070312,45.02000045776367,81.23999786376953,863.1599731445312,2.1630001068115234
2008-12-24,847.0999755859375,44.209999084472656,81.20999908447266,868.1500244140625,2.178999900817871
2008-12-26,870.4000244140625,43.380001068115234,80.88999938964844,872.7999877929688,2.13700008392334
2008-12-29,874.5999755859375,43.900001525878906,80.68000030517578,869.4199829101562,2.0959999561309814
2008-12-30,869.2999877929688,41.630001068115234,80.9000015258789,890.6400146484375,2.0869998931884766
2008-12-31,883.5999755859375,40.0,81.30999755859375,903.25,2.24399995803833
2009-01-02,878.7999877929688,39.189998626708984,81.83999633789062,931.7999877929688,2.4159998893737793
2009-01-05,857.2000122070312,39.08000183105469,82.63999938964844,927.4500122070312,2.48799991607666
2009-01-06,865.4000244140625,38.560001373291016,82.8499984741211,934.7000122070312,2.505000114440918
2009-01-07,841.0999755859375,43.38999938964844,82.27999877929688,906.6500244140625,2.49399995803833
2009-01-08,853.9000244140625,42.560001373291016,81.54000091552734,909.72998046875,2.444999933242798
2009-01-09,854.2999877929688,42.81999969482422,82.66000366210938,890.3499755859375,2.4070000648498535
2009-01-12,820.2999877929688,45.84000015258789,83.0199966430664,870.260009765625,2.309000015258789
2009-01-13,820.0999755859375,43.27000045776367,84.2699966430664,871.7899780273438,2.296999931335449
2009-01-14,808.2000122070312,49.13999938964844,84.41999816894531,842.6199951171875,2.2130000591278076
2009-01-15,806.7000122070312,51.0,84.44000244140625,843.739990234375,2.2009999752044678
2009-01-16,839.2999877929688,46.11000061035156,84.20999908447266,850.1199951171875,2.303999900817871
2009-01-20,854.5999755859375,56.650001525878906,86.22000122070312,805.219970703125,2.3450000286102295
2009-01-21,849.5999755859375,46.41999816894531,85.81999969482422,840.239990234375,2.5260000228881836
2009-01-22,858.2000122070312,47.290000915527344,85.5199966430664,827.5,2.5940001010894775
2009-01-23,895.2999877929688,47.27000045776367,85.61000061035156,831.9500122070312,2.621999979019165
2009-01-26,908.5,45.689998626708984,84.7300033569336,836.5700073242188,2.6429998874664307
2009-01-27,899.2000122070312,42.25,84.43000030517578,845.7100219726562,2.5190000534057617
2009-01-28,888.0999755859375,39.65999984741211,84.66999816894531,874.0900268554688,2.6559998989105225
2009-01-29,905.0999755859375,42.630001068115234,85.27999877929688,845.1400146484375,2.815000057220459
2009-01-30,927.2999877929688,44.84000015258789,86.0,825.8800048828125,2.8440001010894775
2009-02-02,906.7000122070312,45.52000045776367,86.06999969482422,825.4400024414062,2.7190001010894775
2009-02-03,892.0,43.060001373291016,85.05000305175781,838.510009765625,2.8420000076293945
2009-02-04,901.5999755859375,43.849998474121094,85.69999694824219,832.22998046875,2.9140000343322754
2009-02-05,913.5999755859375,43.72999954223633,86.05999755859375,845.8499755859375,2.9000000953674316
2009-02-06,913.9000244140625,43.369998931884766,85.3499984741211,868.5999755859375,2.9790000915527344
2009-02-09,892.4000244140625,43.63999938964844,84.79000091552734,869.8900146484375,3.0269999504089355
2009-02-10,913.7000122070312,46.66999816894531,85.80999755859375,827.1599731445312,2.8469998836517334
2009-02-11,943.7999877929688,44.529998779296875,85.77999877929688,833.739990234375,2.76200008392334
2009-02-12,948.5,41.25,86.55000305175781,835.1900024414062,2.7269999980926514
2009-02-13,941.5,42.93000030517578,86.04000091552734,826.8400268554688,2.881999969482422
2009-02-17,967.0,48.65999984741211,87.58000183105469,789.1699829101562,2.6619999408721924
2009-02-18,977.7000122070312,48.459999084472656,88.01000213623047,788.4199829101562,2.7279999256134033
2009-02-19,976.0999755859375,47.08000183105469,87.44000244140625,778.9400024414062,2.8570001125335693
2009-02-20,1001.7999877929688,49.29999923706055,86.48999786376953,770.0499877929688,2.7720000743865967
2009-02-23,994.5999755859375,52.619998931884766,87.23999786376953,743.3300170898438,2.7769999504089355
2009-02-24,969.0999755859375,45.4900016784668,86.88999938964844,773.1400146484375,2.7990000247955322
2009-02-25,965.7000122070312,44.66999816894531,87.91000366210938,764.9000244140625,2.944999933242798
2009-02-26,941.7999877929688,44.65999984741211,87.7300033569336,752.8300170898438,2.9779999256134033
2009-02-27,941.5,46.349998474121094,88.01000213623047,735.0900268554688,3.0409998893737793
2009-03-02,939.0,52.650001525878906,88.94000244140625,700.8200073242188,2.9189999103546143
2009-03-03,912.9000244140625,50.93000030517578,88.91000366210938,696.3300170898438,2.937999963760376
2009-03-04,906.0,47.560001373291016,88.58000183105469,712.8699951171875,3.010999917984009
2009-03-05,927.0,50.16999816894531,89.11000061035156,682.5499877929688,2.819000005722046
2009-03-06,942.0999755859375,49.33000183105469,88.51000213623047,683.3800048828125,2.828000068664551
2009-03-09,917.7000122070312,49.68000030517578,89.01000213623047,676.530029296875,2.885999917984009
2009-03-10,895.5999755859375,44.369998931884766,88.93000030517578,719.5999755859375,2.9820001125335693
2009-03-11,910.4000244140625,43.61000061035156,87.87000274658203,721.3599853515625,2.9159998893737793
2009-03-12,923.7000122070312,41.18000030517578,87.66000366210938,750.739990234375,2.8919999599456787
2009-03-13,929.7999877929688,42.36000061035156,87.43000030517578,756.5499877929688,2.884999990463257
2009-03-16,921.5999755859375,43.7400016784668,86.94999694824219,753.8900146484375,2.9509999752044678
2009-03-17,916.4000244140625,40.79999923706055,86.93000030517578,778.1199951171875,3.003000020980835
2009-03-18,888.7000122070312,40.060001373291016,84.5999984741211,794.3499755859375,2.5329999923706055
2009-03-19,958.2999877929688,43.68000030517578,83.12999725341797,784.0399780273438,2.5969998836517334
2009-03-20,955.7999877929688,45.88999938964844,83.83999633789062,768.5399780273438,2.625
2009-03-23,952.0999755859375,43.22999954223633,83.43000030517578,822.9199829101562,2.6600000858306885
2009-03-24,923.2999877929688,42.93000030517578,83.86000061035156,806.1199951171875,2.6540000438690186
2009-03-25,935.4000244140625,42.25,83.80999755859375,813.8800048828125,2.7720000743865967
2009-03-26,939.5999755859375,40.36000061035156,84.16999816894531,832.8599853515625,2.7330000400543213
2009-03-27,923.0,41.040000915527344,85.11000061035156,815.9400024414062,2.760999917984009
2009-03-30,915.5,45.540000915527344,85.87000274658203,787.530029296875,2.7139999866485596
2009-03-31,922.5999755859375,44.13999938964844,85.43000030517578,797.8699951171875,2.684999942779541
2009-04-01,926.0999755859375,42.279998779296875,85.5,811.0800170898438,2.6579999923706055
2009-04-02,907.4000244140625,42.040000915527344,84.44999694824219,834.3800048828125,2.752000093460083
2009-04-03,895.5999755859375,39.70000076293945,84.16999816894531,842.5,2.9070000648498535
2009-04-06,871.5,40.93000030517578,84.56999969482422,835.47998046875,2.938999891281128
2009-04-07,882.2000122070312,40.38999938964844,85.29000091552734,815.5499877929688,2.9089999198913574
2009-04-08,884.7999877929688,38.849998474121094,85.36000061035156,825.1599731445312,2.8469998836517334
2009-04-09,882.2000122070312,36.529998779296875,85.79000091552734,856.5599975585938,2.9260001182556152
2009-04-13,894.7000122070312,37.810001373291016,84.63999938964844,858.72998046875,2.8450000286102295
2009-04-14,890.9000244140625,37.66999816894531,84.63999938964844,841.5,2.7860000133514404
2009-04-15,892.7999877929688,36.16999816894531,85.08000183105469,852.0599975585938,2.759000062942505
2009-04-16,879.2999877929688,35.790000915527344,85.2300033569336,865.2999877929688,2.8299999237060547
2009-04-17,867.4000244140625,33.939998626708984,85.9800033569336,869.5999755859375,2.930000066757202
2009-04-20,887.0,39.18000030517578,86.63999938964844,832.3900146484375,2.8429999351501465
2009-04-21,882.0999755859375,37.13999938964844,86.58000183105469,850.0800170898438,2.9019999504089355
2009-04-22,891.7999877929688,38.099998474121094,86.19000244140625,843.5499877929688,2.9639999866485596
2009-04-23,905.9000244140625,37.150001525878906,85.5199966430664,851.9199829101562,2.927000045776367
2009-04-24,913.5999755859375,36.81999969482422,84.70999908447266,866.22998046875,2.996000051498413
2009-04-27,907.4000244140625,38.31999969482422,85.69999694824219,857.510009765625,2.9210000038146973
2009-04-28,892.7999877929688,37.95000076293945,85.16000366210938,855.1599731445312,3.002000093460083
2009-04-29,899.7999877929688,36.08000183105469,84.47000122070312,873.6400146484375,3.0959999561309814
2009-04-30,890.7000122070312,36.5,84.61000061035156,872.8099975585938,3.124000072479248
2009-05-01,887.5999755859375,35.29999923706055,84.55000305175781,877.52001953125,3.1740000247955322
2009-05-04,901.5999755859375,34.529998779296875,83.97000122070312,907.239990234375,3.1570000648498535
2009-05-05,903.7000122070312,33.36000061035156,84.16000366210938,903.7999877929688,3.1570000648498535
2009-05-06,910.5,32.45000076293945,83.80000305175781,919.530029296875,3.1519999504089355
2009-05-07,915.0,33.439998626708984,83.94000244140625,907.3900146484375,3.2950000762939453
2009-05-08,914.4000244140625,32.04999923706055,82.52999877929688,929.22998046875,3.2929999828338623
2009-05-11,913.0,32.869998931884766,82.68000030517578,909.239990234375,3.180000066757202
2009-05-12,923.5,31.799999237060547,82.30999755859375,908.3499755859375,3.174999952316284
2009-05-13,925.5,33.650001525878906,82.5,883.9199829101562,3.1050000190734863
2009-05-14,928.0,31.3700008392334,82.27999877929688,893.0700073242188,3.1070001125335693
2009-05-15,930.9000244140625,33.119998931884766,83.0199966430664,882.8800048828125,3.122999906539917
2009-05-18,921.2999877929688,30.239999771118164,82.66999816894531,909.7100219726562,3.2109999656677246
2009-05-19,926.2999877929688,28.799999237060547,81.9800033569336,908.1300048828125,3.243000030517578
2009-05-20,937.0,29.030000686645508,80.98999786376953,903.469970703125,3.2019999027252197
2009-05-21,950.7999877929688,31.350000381469727,80.55999755859375,888.3300170898438,3.3529999256134033
2009-05-22,958.5,32.630001068115234,79.95999908447266,887.0,3.447999954223633
2009-05-26,953.0999755859375,30.6200008392334,80.12999725341797,910.3300170898438,3.493000030517578
2009-05-27,953.2000122070312,32.36000061035156,80.33000183105469,893.0599975585938,3.694999933242798
2009-05-28,961.5,31.670000076293945,80.43000030517578,906.8300170898438,3.671999931335449
2009-05-29,978.7999877929688,28.920000076293945,80.43000030517578,919.1400146484375,3.4649999141693115
2009-06-01,978.5999755859375,30.040000915527344,79.16999816894531,942.8699951171875,3.7149999141693115
2009-06-02,983.2000122070312,29.6299991607666,78.4000015258789,944.739990234375,3.6440000534057617
2009-06-03,964.5,31.020000457763672,79.5,931.760009765625,3.5510001182556152
2009-06-04,981.2000122070312,30.18000030517578,79.41000366210938,942.4600219726562,3.7160000801086426
2009-06-05,961.7000122070312,29.6200008392334,80.66999816894531,940.0900268554688,3.861999988555908
2009-06-08,951.7000122070312,29.770000457763672,80.91000366210938,939.1400146484375,3.8889999389648438
2009-06-09,954.0,28.270000457763672,79.79000091552734,942.4299926757812,3.8580000400543213
2009-06-10,954.0,28.459999084472656,80.33000183105469,939.1500244140625,3.936000108718872
2009-06-11,961.2999877929688,28.110000610351562,79.41000366210938,944.8900146484375,3.861999988555908
2009-06-12,940.0999755859375,28.149999618530273,80.13999938964844,946.2100219726562,3.7880001068115234
2009-06-15,926.9000244140625,30.809999465942383,81.13999938964844,923.719970703125,3.7130000591278076
2009-06-16,931.5999755859375,32.68000030517578,80.70999908447266,911.969970703125,3.6740000247955322
2009-06-17,935.4000244140625,31.540000915527344,80.16999816894531,910.7100219726562,3.6470000743865967
2009-06-18,934.0,30.030000686645508,80.61000061035156,918.3699951171875,3.8340001106262207
2009-06-19,935.5999755859375,27.989999771118164,80.26000213623047,921.22998046875,3.7890000343322754
2009-06-22,920.5999755859375,31.170000076293945,80.77999877929688,893.0399780273438,3.693000078201294
2009-06-23,923.9000244140625,30.579999923706055,79.83999633789062,895.0999755859375,3.640000104904175
2009-06-24,934.0999755859375,29.049999237060547,80.55999755859375,900.9400024414062,3.684999942779541
2009-06-25,939.0999755859375,26.360000610351562,80.4000015258789,920.260009765625,3.5460000038146973
2009-06-26,940.7000122070312,25.93000030517578,79.87999725341797,918.9000244140625,3.50600004196167
2009-06-29,940.4000244140625,25.350000381469727,79.83999633789062,927.22998046875,3.492000102996826
2009-06-30,927.0999755859375,26.350000381469727,80.12999725341797,919.3200073242188,3.5230000019073486
2009-07-01,941.0,26.219999313354492,79.62999725341797,923.3300170898438,3.5439999103546143
2009-07-02,930.7000122070312,27.950000762939453,80.1500015258789,896.4199829101562,3.494999885559082
2009-07-06,924.0,29.0,80.44999694824219,898.719970703125,3.50600004196167
2009-07-07,928.7999877929688,30.850000381469727,80.62000274658203,881.030029296875,3.4600000381469727
2009-07-08,909.0,31.299999237060547,80.7699966430664,879.5599975585938,3.2890000343322754
2009-07-09,915.9000244140625,29.780000686645508,79.86000061035156,882.6799926757812,3.4130001068115234
2009-07-10,912.2000122070312,29.020000457763672,80.2300033569336,879.1300048828125,3.2950000762939453
2009-07-13,922.2000122070312,26.309999465942383,80.12999725341797,901.0499877929688,3.3459999561309814
2009-07-14,922.5,25.020000457763672,80.18000030517578,905.8400268554688,3.447000026702881
2009-07-15,939.0999755859375,25.889999389648438,79.31999969482422,932.6799926757812,3.5959999561309814
2009-07-16,935.0999755859375,25.420000076293945,79.22000122070312,940.739990234375,3.556999921798706
2009-07-17,937.2000122070312,24.34000015258789,79.3499984741211,940.3800048828125,3.6510000228881836
2009-07-20,948.5,24.399999618530273,78.91000366210938,951.1300048828125,3.5850000381469727
2009-07-21,946.5999755859375,23.8700008392334,78.93000030517578,954.5800170898438,3.4769999980926514
2009-07-22,953.0,23.469999313354492,78.70999908447266,954.0700073242188,3.553999900817871
2009-07-23,954.5,23.43000030517578,78.80000305175781,976.2899780273438,3.7090001106262207
2009-07-24,952.7999877929688,23.09000015258789,78.75,979.260009765625,3.6700000762939453
2009-07-27,953.2999877929688,24.280000686645508,78.62999725341797,982.1799926757812,3.7130000591278076
2009-07-28,939.0,25.010000228881836,78.8499984741211,979.6199951171875,3.687999963760376
2009-07-29,927.2000122070312,25.610000610351562,79.62999725341797,975.1500244140625,3.6640000343322754
2009-07-30,934.9000244140625,25.399999618530273,79.29000091552734,986.75,3.6410000324249268
2009-07-31,953.7000122070312,25.920000076293945,78.3499984741211,987.47998046875,3.500999927520752
2009-08-03,956.5999755859375,25.559999465942383,77.63999938964844,1002.6300048828125,3.6389999389648438
2009-08-04,967.5,24.889999389648438,77.7699966430664,1005.6500244140625,3.678999900817871
2009-08-05,964.2000122070312,24.899999618530273,77.5199966430664,1002.719970703125,3.7639999389648438
2009-08-06,960.7000122070312,25.670000076293945,78.06999969482422,997.0800170898438,3.746000051498413
2009-08-07,957.2999877929688,24.760000228881836,78.97000122070312,1010.47998046875,3.8540000915527344
2009-08-10,945.0,24.989999771118164,79.26000213623047,1007.0999755859375,3.7709999084472656
2009-08-11,945.7999877929688,25.989999771118164,79.18000030517578,994.3499755859375,3.693000078201294
2009-08-12,950.7000122070312,25.450000762939453,78.79000091552734,1005.8099975585938,3.7009999752044678
2009-08-13,954.7000122070312,24.709999084472656,78.48999786376953,1012.72998046875,3.5910000801086426
2009-08-14,947.0,24.270000457763672,78.88999938964844,1004.0900268554688,3.558000087738037
2009-08-17,934.2999877929688,27.889999389648438,79.29000091552734,979.72998046875,3.490999937057495
2009-08-18,937.7000122070312,26.18000030517578,78.94000244140625,989.6699829101562,3.5260000228881836
2009-08-19,943.2999877929688,26.260000228881836,78.47000122070312,996.4600219726562,3.4630000591278076
2009-08-20,940.2999877929688,25.09000015258789,78.37999725341797,1007.3699951171875,3.434999942779541
2009-08-21,953.2000122070312,25.010000228881836,78.04000091552734,1026.1300048828125,3.555999994277954
2009-08-24,942.2999877929688,25.139999389648438,78.2699966430664,1025.5699462890625,3.49399995803833
2009-08-25,944.5,24.920000076293945,78.23999786376953,1028.0,3.450000047683716
2009-08-26,944.2999877929688,24.950000762939453,78.66000366210938,1028.1199951171875,3.437999963760376
2009-08-27,945.5,24.68000030517578,78.01000213623047,1030.97998046875,3.4619998931884766
2009-08-28,957.0,24.760000228881836,78.37000274658203,1028.9300537109375,3.4509999752044678
2009-08-31,951.7000122070312,26.010000228881836,78.16999816894531,1020.6199951171875,3.4010000228881836
2009-09-01,954.7000122070312,29.149999618530273,78.76000213623047,998.0399780273438,3.375
2009-09-02,976.5999755859375,28.899999618530273,78.37999725341797,994.75,3.2950000762939453
2009-09-03,995.7999877929688,27.100000381469727,78.45999908447266,1003.239990234375,3.328000068664551
2009-09-04,994.9000244140625,25.260000228881836,78.13999938964844,1016.4000244140625,3.441999912261963
2009-09-08,997.9000244140625,25.6200008392334,77.31999969482422,1025.3900146484375,3.4690001010894775
2009-09-09,995.2999877929688,24.31999969482422,77.08999633789062,1033.3699951171875,3.4790000915527344
2009-09-10,995.4000244140625,23.549999237060547,76.81999969482422,1044.1400146484375,3.3420000076293945
2009-09-11,1004.9000244140625,24.149999618530273,76.61000061035156,1042.72998046875,3.3429999351501465
2009-09-14,999.9000244140625,23.860000610351562,76.69999694824219,1049.3399658203125,3.4059998989105225
2009-09-15,1005.0,23.420000076293945,76.54000091552734,1052.6300048828125,3.4519999027252197
2009-09-16,1018.9000244140625,23.690000534057617,76.23999786376953,1068.760009765625,3.4709999561309814
2009-09-17,1012.2999877929688,23.649999618530273,76.19000244140625,1065.489990234375,3.3980000019073486
2009-09-18,1009.2000122070312,23.920000076293945,76.43000030517578,1068.300048828125,3.4739999771118164
2009-09-21,1003.7000122070312,24.059999465942383,76.77999877929688,1064.6600341796875,3.486999988555908
2009-09-22,1014.2000122070312,23.079999923706055,76.12000274658203,1071.6600341796875,3.4560000896453857
2009-09-23,1013.0,23.489999771118164,76.05000305175781,1060.8699951171875,3.4179999828338623
2009-09-24,997.5,24.950000762939453,76.9000015258789,1050.780029296875,3.38100004196167
2009-09-25,990.2000122070312,25.610000610351562,76.80999755859375,1044.3800048828125,3.3289999961853027
2009-09-28,992.5,24.8799991607666,77.05000305175781,1062.97998046875,3.302000045776367
2009-09-29,993.0999755859375,25.190000534057617,77.12000274658203,1060.6099853515625,3.2920000553131104
2009-09-30,1008.0,25.610000610351562,76.6500015258789,1057.0799560546875,3.306999921798706
2009-10-01,999.5,28.270000457763672,77.19000244140625,1029.8499755859375,3.194000005722046
2009-10-02,1003.2000122070312,28.68000030517578,77.0,1025.2099609375,3.2209999561309814
2009-10-05,1016.7000122070312,26.84000015258789,76.63999938964844,1040.4599609375,3.2239999771118164
2009-10-06,1038.5999755859375,25.700000762939453,76.33999633789062,1054.719970703125,3.247999906539917
2009-10-07,1043.300048828125,24.68000030517578,76.48999786376953,1057.5799560546875,3.174999952316284
2009-10-08,1055.4000244140625,24.18000030517578,75.97000122070312,1065.47998046875,3.255000114440918
2009-10-09,1047.800048828125,23.1200008392334,76.43000030517578,1071.489990234375,3.384000062942505
2009-10-12,1056.699951171875,23.010000228881836,76.12999725341797,1076.18994140625,3.380000114440918
2009-10-13,1064.199951171875,22.989999771118164,75.9800033569336,1073.18994140625,3.312000036239624
2009-10-14,1063.9000244140625,22.860000610351562,75.55000305175781,1092.02001953125,3.4230000972747803
2009-10-15,1049.800048828125,21.719999313354492,75.4800033569336,1096.56005859375,3.4700000286102295
2009-10-16,1050.699951171875,21.43000030517578,75.5999984741211,1087.6800537109375,3.4170000553131104
2009-10-19,1057.300048828125,21.489999771118164,75.51000213623047,1097.9100341796875,3.3949999809265137
2009-10-20,1057.800048828125,20.899999618530273,75.56999969482422,1091.06005859375,3.3369998931884766
2009-10-21,1063.699951171875,22.219999313354492,74.97000122070312,1081.4000244140625,3.4110000133514404
2009-10-22,1057.800048828125,20.690000534057617,75.08999633789062,1092.9100341796875,3.4210000038146973
2009-10-23,1055.5999755859375,22.270000457763672,75.47000122070312,1079.5999755859375,3.4749999046325684
2009-10-26,1042.0999755859375,24.309999465942383,76.05999755859375,1066.949951171875,3.553999900817871
2009-10-27,1034.699951171875,24.829999923706055,76.13999938964844,1063.4100341796875,3.4619998931884766
2009-10-28,1029.9000244140625,27.90999984741211,76.43000030517578,1042.6300048828125,3.4110000133514404
2009-10-29,1046.4000244140625,24.760000228881836,75.91999816894531,1066.1099853515625,3.500999927520752
2009-10-30,1039.699951171875,30.690000534057617,76.30000305175781,1036.18994140625,3.3919999599456787
2009-11-02,1053.4000244140625,29.780000686645508,76.29000091552734,1042.8800048828125,3.421999931335449
2009-11-03,1084.300048828125,28.809999465942383,76.38999938964844,1045.4100341796875,3.4730000495910645
2009-11-04,1086.699951171875,27.719999313354492,75.63999938964844,1046.5,3.5460000038146973
2009-11-05,1088.699951171875,25.43000030517578,75.73999786376953,1066.6300048828125,3.5329999923706055
2009-11-06,1095.0999755859375,24.190000534057617,75.81999969482422,1069.300048828125,3.503000020980835
2009-11-09,1100.800048828125,23.149999618530273,75.02999877929688,1093.0799560546875,3.4860000610351562
2009-11-10,1101.9000244140625,22.84000015258789,75.0199966430664,1093.010009765625,3.4820001125335693
2009-11-11,1114.0,23.040000915527344,75.16000366210938,1098.510009765625,3.4739999771118164
2009-11-12,1106.0,24.239999771118164,75.5999984741211,1087.239990234375,3.446000099182129
2009-11-13,1116.0999755859375,23.360000610351562,75.33000183105469,1093.47998046875,3.428999900817871
2009-11-16,1138.5999755859375,22.889999389648438,74.91000366210938,1109.300048828125,3.3310000896453857
2009-11-17,1138.800048828125,22.40999984741211,75.37000274658203,1110.3199462890625,3.319000005722046
2009-11-18,1140.699951171875,21.6299991607666,75.18000030517578,1109.800048828125,3.365999937057495
2009-11-19,1141.4000244140625,22.6299991607666,75.29000091552734,1094.9000244140625,3.3489999771118164
2009-11-20,1146.4000244140625,22.190000534057617,75.66000366210938,1091.3800048828125,3.3559999465942383
2009-11-23,1164.300048828125,21.15999984741211,75.08999633789062,1106.239990234375,3.364000082015991
2009-11-24,1165.5,20.469999313354492,75.06999969482422,1105.6500244140625,3.316999912261963
2009-11-25,1186.9000244140625,20.479999542236328,74.2699966430664,1110.6300048828125,3.2790000438690186
2009-11-27,1174.199951171875,24.739999771118164,75.0,1091.489990234375,3.2309999465942383
2009-11-30,1181.0999755859375,24.510000228881836,74.87999725341797,1095.6300048828125,3.2009999752044678
2009-12-01,1199.0999755859375,21.920000076293945,74.36000061035156,1108.8599853515625,3.2750000953674316
2009-12-02,1212.0,21.1200008392334,74.66999816894531,1109.239990234375,3.322999954223633
2009-12-03,1217.4000244140625,22.459999084472656,74.62999725341797,1099.9200439453125,3.380000114440918
2009-12-04,1168.800048828125,21.25,75.91000366210938,1105.97998046875,3.4830000400543213
2009-12-07,1163.4000244140625,22.100000381469727,75.7699966430664,1103.25,3.447999954223633
2009-12-08,1142.800048828125,23.690000534057617,76.30999755859375,1091.93994140625,3.3919999599456787
2009-12-09,1120.4000244140625,22.65999984741211,76.04000091552734,1095.949951171875,3.4230000972747803
2009-12-10,1125.699951171875,22.31999969482422,76.04000091552734,1102.3499755859375,3.4820001125335693
2009-12-11,1119.4000244140625,21.59000015258789,76.56999969482422,1106.4100341796875,3.5399999618530273
2009-12-14,1123.300048828125,21.149999618530273,76.3499984741211,1114.1099853515625,3.5460000038146973
2009-12-15,1122.4000244140625,21.489999771118164,76.95999908447266,1107.9300537109375,3.6029999256134033
2009-12-16,1135.5,20.540000915527344,77.0,1109.1800537109375,3.5959999561309814
2009-12-17,1106.800048828125,22.510000228881836,77.69000244140625,1096.0799560546875,3.486999988555908
2009-12-18,1110.800048828125,21.68000030517578,77.81999969482422,1102.469970703125,3.5460000038146973
2009-12-21,1095.4000244140625,20.489999771118164,78.04000091552734,1114.050048828125,3.681999921798706
2009-12-22,1086.0,19.540000915527344,78.25,1118.02001953125,3.74399995803833
2009-12-23,1093.300048828125,19.709999084472656,77.9000015258789,1120.5899658203125,3.747999906539917
2009-12-24,1104.0999755859375,19.469999313354492,77.83999633789062,1126.47998046875,3.806999921798706
2009-12-28,1107.199951171875,19.93000030517578,77.62999725341797,1127.780029296875,3.8420000076293945
2009-12-29,1097.0,20.010000228881836,77.83000183105469,1126.199951171875,3.809000015258789
2009-12-30,1091.5,19.959999084472656,77.91000366210938,1126.4200439453125,3.7839999198913574
2009-12-31,1095.199951171875,21.68000030517578,77.86000061035156,1115.0999755859375,3.8429999351501465
2010-01-04,1117.699951171875,20.040000915527344,77.52999877929688,1132.989990234375,3.8410000801086426
2010-01-05,1118.0999755859375,19.350000381469727,77.62000274658203,1136.52001953125,3.755000114440918
2010-01-06,1135.9000244140625,19.15999984741211,77.48999786376953,1137.1400146484375,3.808000087738037
2010-01-07,1133.0999755859375,19.059999465942383,77.91000366210938,1141.68994140625,3.822000026702881
2010-01-08,1138.199951171875,18.1299991607666,77.47000122070312,1144.97998046875,3.808000087738037
2010-01-11,1150.699951171875,17.549999237060547,77.0,1146.97998046875,3.818000078201294
2010-01-12,1128.9000244140625,18.25,76.94999694824219,1136.219970703125,3.7190001010894775
2010-01-13,1136.4000244140625,17.850000381469727,76.8499984741211,1145.6800537109375,3.7829999923706055
2010-01-14,1142.5999755859375,17.6299991607666,76.7300033569336,1148.4599609375,3.7339999675750732
2010-01-15,1130.0999755859375,17.90999984741211,77.31999969482422,1136.030029296875,3.6760001182556152
2010-01-19,1139.699951171875,17.579999923706055,77.5,1150.22998046875,3.7070000171661377
2010-01-20,1112.300048828125,18.68000030517578,78.33999633789062,1138.0400390625,3.6589999198913574
2010-01-21,1102.699951171875,22.270000457763672,78.31999969482422,1116.47998046875,3.6110000610351562
2010-01-22,1089.199951171875,27.309999465942383,78.27999877929688,1091.760009765625,3.5980000495910645
2010-01-25,1095.199951171875,25.40999984741211,78.19000244140625,1096.780029296875,3.630000114440918
2010-01-26,1097.9000244140625,24.549999237060547,78.43000030517578,1092.1700439453125,3.630000114440918
2010-01-27,1084.4000244140625,23.139999389648438,78.68000030517578,1097.5,3.6440000534057617
2010-01-28,1083.5999755859375,23.729999542236328,78.9000015258789,1084.530029296875,3.6579999923706055
2010-01-29,1083.0,24.6200008392334,79.45999908447266,1073.8699951171875,3.6089999675750732
2010-02-01,1104.300048828125,22.59000015258789,79.23999786376953,1089.18994140625,3.6540000438690186
2010-02-02,1117.4000244140625,21.479999542236328,79.01000213623047,1103.3199462890625,3.634999990463257
2010-02-03,1111.4000244140625,21.600000381469727,79.37000274658203,1097.280029296875,3.703000068664551
2010-02-04,1062.4000244140625,26.079999923706055,79.91999816894531,1063.1099853515625,3.609999895095825
2010-02-05,1052.199951171875,26.110000610351562,80.44000244140625,1066.18994140625,3.5460000038146973
2010-02-08,1065.699951171875,26.510000228881836,80.30000305175781,1056.739990234375,3.5920000076293945
2010-02-09,1076.699951171875,26.0,79.86000061035156,1070.52001953125,3.632999897003174
2010-02-10,1075.800048828125,25.399999618530273,80.02999877929688,1068.1300048828125,3.694000005722046
2010-02-11,1094.199951171875,23.959999084472656,79.98999786376953,1078.469970703125,3.7330000400543213
2010-02-12,1089.5,22.729999542236328,80.31999969482422,1075.510009765625,3.693000078201294
2010-02-16,1119.300048828125,22.25,79.69999694824219,1094.8699951171875,3.6640000343322754
2010-02-17,1119.5,21.719999313354492,80.37999725341797,1099.510009765625,3.742000102996826
2010-02-18,1118.0,20.6299991607666,80.4000015258789,1106.75,3.802999973297119
2010-02-19,1121.300048828125,20.020000457763672,80.63999938964844,1109.1700439453125,3.7820000648498535
2010-02-22,1112.5999755859375,19.940000534057617,80.51000213623047,1108.010009765625,3.7990000247955322
2010-02-23,1102.699951171875,21.3700008392334,80.8499984741211,1094.5999755859375,3.690999984741211
2010-02-24,1096.5,20.270000457763672,80.8499984741211,1105.239990234375,3.694999933242798
2010-02-25,1107.800048828125,20.100000381469727,80.79000091552734,1102.93994140625,3.6419999599456787
2010-02-26,1118.300048828125,19.5,80.36000061035156,1104.489990234375,3.5950000286102295
2010-03-01,1117.800048828125,19.260000228881836,80.66000366210938,1115.7099609375,3.6059999465942383
2010-03-02,1136.9000244140625,19.059999465942383,80.5199966430664,1118.31005859375,3.614000082015991
2010-03-03,1142.699951171875,18.829999923706055,79.9800033569336,1118.7900390625,3.625
2010-03-04,1132.5999755859375,18.719999313354492,80.55999755859375,1122.969970703125,3.6059999465942383
2010-03-05,1134.800048828125,17.420000076293945,80.43000030517578,1138.699951171875,3.681999921798706
2010-03-08,1123.5999755859375,17.790000915527344,80.43000030517578,1138.5,3.7079999446868896
2010-03-09,1122.0,17.920000076293945,80.58999633789062,1140.449951171875,3.7009999752044678
2010-03-10,1107.800048828125,18.56999969482422,80.44999694824219,1145.6099853515625,3.7200000286102295
2010-03-11,1108.0,18.059999465942383,80.31999969482422,1150.239990234375,3.7200000286102295
2010-03-12,1101.5,17.579999923706055,79.83000183105469,1149.989990234375,3.7100000381469727
2010-03-15,1105.0999755859375,18.0,80.25,1150.510009765625,3.7039999961853027
2010-03-16,1122.199951171875,17.690000534057617,79.75,1159.4599609375,3.6530001163482666
2010-03-17,1124.0,16.90999984741211,79.63999938964844,1166.2099609375,3.6419999599456787
2010-03-18,1127.4000244140625,16.6200008392334,80.22000122070312,1165.8299560546875,3.671999931335449
2010-03-19,1107.4000244140625,16.969999313354492,80.72000122070312,1159.9000244140625,3.687000036239624
2010-03-22,1099.300048828125,16.8700008392334,80.6500015258789,1165.81005859375,3.6630001068115234
2010-03-23,1103.5,16.350000381469727,80.9000015258789,1174.1700439453125,3.680000066757202
2010-03-24,1088.5999755859375,17.549999237060547,81.83999633789062,1167.719970703125,3.8289999961853027
2010-03-25,1092.699951171875,18.399999618530273,82.12000274658203,1165.72998046875,3.9010000228881836
2010-03-26,1104.199951171875,17.770000457763672,81.68000030517578,1166.5899658203125,3.8550000190734863
2010-03-29,1110.300048828125,17.59000015258789,81.36000061035156,1173.219970703125,3.864000082015991
2010-03-30,1104.5,17.1299991607666,81.47000122070312,1173.27001953125,3.868000030517578
2010-03-31,1113.300048828125,17.59000015258789,81.06999969482422,1169.4300537109375,3.8329999446868896
2010-04-01,1125.0999755859375,17.469999313354492,80.77999877929688,1178.0999755859375,3.8589999675750732
2010-04-05,1132.9000244140625,17.020000457763672,81.08999633789062,1187.43994140625,3.99399995803833
2010-04-06,1135.0999755859375,16.229999542236328,81.38999938964844,1189.43994140625,3.9679999351501465
2010-04-07,1152.300048828125,16.6200008392334,81.44000244140625,1182.449951171875,3.86299991607666
2010-04-08,1152.199951171875,16.479999542236328,81.52999877929688,1186.43994140625,3.8959999084472656
2010-04-09,1161.0999755859375,16.139999389648438,81.08999633789062,1194.3699951171875,3.888000011444092
2010-04-12,1161.5999755859375,15.579999923706055,80.55999755859375,1196.47998046875,3.8459999561309814
2010-04-13,1152.800048828125,16.200000762939453,80.51000213623047,1197.300048828125,3.811000108718872
2010-04-14,1159.0,15.59000015258789,80.19000244140625,1210.6500244140625,3.8550000190734863
2010-04-15,1159.699951171875,15.890000343322754,80.4800033569336,1211.6700439453125,3.8480000495910645
2010-04-16,1136.300048828125,18.360000610351562,80.81999969482422,1192.1300048828125,3.7699999809265137
2010-04-19,1135.199951171875,17.34000015258789,81.0,1197.52001953125,3.806999921798706
2010-04-20,1138.5999755859375,15.729999542236328,81.05000305175781,1207.1700439453125,3.805000066757202
2010-04-21,1148.199951171875,16.31999969482422,81.16000366210938,1205.93994140625,3.73799991607666
2010-04-22,1142.300048828125,16.469999313354492,81.56999969482422,1208.6700439453125,3.7720000743865967
2010-04-23,1153.0999755859375,16.6200008392334,81.3499984741211,1217.280029296875,3.816999912261963
2010-04-26,1153.5,17.469999313354492,81.4800033569336,1212.050048828125,3.815000057220459
2010-04-27,1161.699951171875,22.809999465942383,82.1500015258789,1183.7099609375,3.690000057220459
2010-04-28,1171.300048828125,21.079999923706055,82.37999725341797,1191.3599853515625,3.7730000019073486
2010-04-29,1168.4000244140625,18.440000534057617,82.0,1206.780029296875,3.7279999256134033
2010-04-30,1180.0999755859375,22.049999237060547,81.87000274658203,1186.68994140625,3.6630001068115234
2010-05-03,1182.699951171875,20.190000534057617,82.2699966430664,1202.260009765625,3.7049999237060547
2010-05-04,1168.5999755859375,23.84000015258789,83.30000305175781,1173.5999755859375,3.61299991607666
2010-05-05,1174.5999755859375,24.90999984741211,84.08000183105469,1165.8699951171875,3.549999952316284
2010-05-06,1196.9000244140625,32.79999923706055,84.88999938964844,1128.1500244140625,3.3980000019073486
2010-05-07,1210.0,40.95000076293945,84.44999694824219,1110.8800048828125,3.428999900817871
2010-05-10,1200.4000244140625,28.84000015258789,84.16000366210938,1159.72998046875,3.5390000343322754
2010-05-11,1219.9000244140625,28.31999969482422,84.47000122070312,1155.7900390625,3.5350000858306885
2010-05-12,1242.699951171875,25.520000457763672,84.83000183105469,1171.6700439453125,3.566999912261963
2010-05-13,1228.800048828125,26.68000030517578,85.20999908447266,1157.43994140625,3.563999891281128
2010-05-14,1227.4000244140625,31.239999771118164,86.0999984741211,1135.6800537109375,3.441999912261963
2010-05-17,1227.699951171875,30.84000015258789,86.20999908447266,1136.93994140625,3.4719998836517334
2010-05-18,1214.300048828125,33.54999923706055,87.16000366210938,1120.800048828125,3.375999927520752
2010-05-19,1192.5999755859375,35.31999969482422,86.38999938964844,1115.050048828125,3.3589999675750732
2010-05-20,1187.800048828125,45.790000915527344,85.56999969482422,1071.5899658203125,3.2639999389648438
2010-05-21,1175.699951171875,40.099998474121094,85.37000274658203,1087.68994140625,3.200000047683716
2010-05-24,1193.800048828125,38.31999969482422,86.20999908447266,1073.6500244140625,3.2269999980926514
2010-05-25,1197.800048828125,34.61000061035156,86.77999877929688,1074.030029296875,3.1579999923706055
2010-05-26,1213.300048828125,35.02000045776367,87.12000274658203,1067.949951171875,3.2179999351501465
2010-05-27,1211.9000244140625,29.68000030517578,86.18000030517578,1103.06005859375,3.3380000591278076
2010-05-28,1212.199951171875,32.06999969482422,86.4800033569336,1089.4100341796875,3.3010001182556152
2010-06-01,1224.800048828125,35.540000915527344,86.63999938964844,1070.7099609375,3.2960000038146973
2010-06-02,1220.5999755859375,30.170000076293945,86.79000091552734,1098.3800048828125,3.3340001106262207
2010-06-03,1208.300048828125,29.459999084472656,87.13999938964844,1102.8299560546875,3.378999948501587
2010-06-04,1216.199951171875,35.47999954223633,88.2300033569336,1064.8800048828125,3.194999933242798
2010-06-07,1239.300048828125,36.56999969482422,88.4000015258789,1050.469970703125,3.184000015258789
2010-06-08,1244.0,33.70000076293945,88.38999938964844,1062.0,3.1679999828338623
2010-06-09,1228.5,33.72999954223633,87.9000015258789,1055.68994140625,3.187000036239624
2010-06-10,1220.800048828125,30.56999969482422,87.16999816894531,1086.8399658203125,3.319000005722046
2010-06-11,1228.9000244140625,28.790000915527344,87.51000213623047,1091.5999755859375,3.2160000801086426
2010-06-14,1223.300048828125,28.579999923706055,86.51000213623047,1089.6300048828125,3.2750000953674316
2010-06-15,1233.199951171875,25.8700008392334,85.9800033569336,1115.22998046875,3.309999942779541
2010-06-16,1229.300048828125,25.920000076293945,86.08000183105469,1114.6099853515625,3.2820000648498535
2010-06-17,1247.5,25.049999237060547,85.69000244140625,1116.0400390625,3.190000057220459
2010-06-18,1257.199951171875,23.950000762939453,85.69999694824219,1117.510009765625,3.2230000495910645
2010-06-21,1239.699951171875,24.8799991607666,85.93000030517578,1113.199951171875,3.243000030517578
2010-06-22,1239.9000244140625,27.049999237060547,86.11000061035156,1095.31005859375,3.1659998893737793
2010-06-23,1234.0999755859375,26.90999984741211,85.73999786376953,1092.0400390625,3.115000009536743
2010-06-24,1245.5,29.739999771118164,85.7300033569336,1073.68994140625,3.122999906539917
2010-06-25,1255.800048828125,28.530000686645508,85.30999755859375,1076.760009765625,3.11299991607666
2010-06-28,1238.199951171875,29.0,85.6500015258789,1074.5699462890625,3.0320000648498535
2010-06-29,1242.0,34.130001068115234,86.02999877929688,1041.239990234375,2.9670000076293945
2010-06-30,1245.5,34.540000915527344,86.0199966430664,1030.7099609375,2.9509999752044678
2010-07-01,1206.300048828125,32.86000061035156,84.72000122070312,1027.3699951171875,2.927000045776367
2010-07-02,1207.4000244140625,30.1200008392334,84.43000030517578,1022.5800170898438,2.9790000915527344
2010-07-06,1194.800048828125,29.649999618530273,84.08000183105469,1028.06005859375,2.931999921798706
2010-07-07,1198.5999755859375,26.84000015258789,83.81999969482422,1060.27001953125,2.9800000190734863
2010-07-08,1195.800048828125,25.709999084472656,83.81999969482422,1070.25,3.0199999809265137
2010-07-09,1209.5999755859375,24.979999542236328,83.94999694824219,1077.9599609375,3.055999994277954
2010-07-12,1198.5,24.43000030517578,84.19999694824219,1078.75,3.0460000038146973
2010-07-13,1213.300048828125,24.559999465942383,83.63999938964844,1095.3399658203125,3.114000082015991
2010-07-14,1206.800048828125,24.889999389648438,83.43000030517578,1095.1700439453125,3.049999952316284
2010-07-15,1208.0999755859375,25.139999389648438,82.55999755859375,1096.47998046875,2.9779999256134033
2010-07-16,1188.0,26.25,82.48999786376953,1064.8800048828125,2.938999891281128
2010-07-19,1181.699951171875,25.969999313354492,82.51000213623047,1071.25,2.9639999866485596
2010-07-20,1191.5,23.93000030517578,82.75,1083.47998046875,2.931999921798706
2010-07-21,1191.5999755859375,25.639999389648438,83.38999938964844,1069.5899658203125,2.8919999599456787
2010-07-22,1195.5,24.6299991607666,82.5999984741211,1093.6700439453125,2.931999921798706
2010-07-23,1187.699951171875,23.469999313354492,82.45999908447266,1102.6600341796875,2.99399995803833
2010-07-26,1183.0,22.729999542236328,82.08999633789062,1115.010009765625,2.99399995803833
2010-07-27,1158.0,23.190000534057617,82.18000030517578,1113.8399658203125,3.046999931335449
2010-07-28,1160.4000244140625,24.25,82.18000030517578,1106.1300048828125,3.000999927520752
2010-07-29,1168.4000244140625,24.1299991607666,81.63999938964844,1101.530029296875,2.999000072479248
2010-07-30,1181.699951171875,23.5,81.54000091552734,1101.5999755859375,2.9070000648498535
2010-08-02,1183.4000244140625,22.010000228881836,80.94000244140625,1125.8599853515625,2.9630000591278076
2010-08-03,1185.199951171875,22.6299991607666,80.5999984741211,1120.4599609375,2.9140000343322754
2010-08-04,1193.699951171875,22.209999084472656,80.88999938964844,1127.239990234375,2.9519999027252197
2010-08-05,1197.199951171875,22.100000381469727,80.81999969482422,1125.81005859375,2.9149999618530273
2010-08-06,1203.4000244140625,21.739999771118164,80.41000366210938,1121.6400146484375,2.8239998817443848
2010-08-09,1200.699951171875,22.139999389648438,80.70999908447266,1127.7900390625,2.822000026702881
2010-08-10,1196.199951171875,22.3700008392334,80.80000305175781,1121.06005859375,2.7809998989105225
2010-08-11,1197.5,25.389999389648438,82.29000091552734,1089.469970703125,2.684999942779541
2010-08-12,1214.800048828125,25.729999542236328,82.63999938964844,1083.6099853515625,2.734999895095825
2010-08-13,1214.9000244140625,26.239999771118164,82.94999694824219,1079.25,2.687999963760376
2010-08-16,1224.5,26.100000381469727,82.52999877929688,1079.3800048828125,2.575000047683716
2010-08-17,1226.5999755859375,24.329999923706055,82.2300033569336,1092.5400390625,2.6449999809265137
2010-08-18,1229.699951171875,24.59000015258789,82.22000122070312,1094.1600341796875,2.6410000324249268
2010-08-19,1233.800048828125,26.440000534057617,82.44999694824219,1075.6300048828125,2.5789999961853027
2010-08-20,1227.199951171875,25.489999771118164,83.05999755859375,1071.68994140625,2.611999988555908
2010-08-23,1226.9000244140625,25.65999984741211,83.12000274658203,1067.3599853515625,2.6070001125335693
2010-08-24,1231.800048828125,27.459999084472656,83.1500015258789,1051.8699951171875,2.499000072479248
2010-08-25,1239.5,26.700000762939453,83.26000213623047,1055.3299560546875,2.5380001068115234
2010-08-26,1235.4000244140625,27.3700008392334,82.93000030517578,1047.219970703125,2.499000072479248
2010-08-27,1236.0,24.450000762939453,82.91999816894531,1064.5899658203125,2.6519999504089355
2010-08-30,1237.0999755859375,27.209999084472656,83.16000366210938,1048.9200439453125,2.5450000762939453
2010-08-31,1248.300048828125,26.049999237060547,83.19999694824219,1049.3299560546875,2.4769999980926514
2010-09-01,1246.300048828125,23.889999389648438,82.5199966430664,1080.2900390625,2.5820000171661377
2010-09-02,1251.5,23.190000534057617,82.45999908447266,1090.0999755859375,2.628000020980835
2010-09-03,1249.199951171875,21.309999465942383,83.0999984741211,1104.510009765625,2.7060000896453857
2010-09-07,1257.300048828125,23.799999237060547,82.81999969482422,1091.8399658203125,2.6089999675750732
2010-09-08,1255.5999755859375,23.25,82.58999633789062,1098.8699951171875,2.6540000438690186
2010-09-09,1248.9000244140625,22.809999465942383,82.66999816894531,1104.1800537109375,2.760999917984009
2010-09-10,1244.5,21.989999771118164,82.69999694824219,1109.550048828125,2.7950000762939453
2010-09-13,1245.0999755859375,21.209999084472656,81.91000366210938,1121.9000244140625,2.740999937057495
2010-09-14,1269.699951171875,21.559999465942383,81.08000183105469,1121.0999755859375,2.6659998893737793
2010-09-15,1266.699951171875,22.100000381469727,81.48999786376953,1125.0699462890625,2.7230000495910645
2010-09-16,1271.9000244140625,21.719999313354492,81.23999786376953,1124.6600341796875,2.759000062942505
2010-09-17,1275.5999755859375,22.010000228881836,81.4000015258789,1125.5899658203125,2.746000051498413
2010-09-20,1279.0,21.5,81.33999633789062,1142.7099609375,2.7060000896453857
2010-09-21,1272.4000244140625,22.350000381469727,80.44000244140625,1139.780029296875,2.5940001010894775
2010-09-22,1290.199951171875,22.510000228881836,79.83000183105469,1134.280029296875,2.5480000972747803
2010-09-23,1294.300048828125,23.8700008392334,80.01000213623047,1124.8299560546875,2.555000066757202
2010-09-24,1296.0,21.709999084472656,79.38999938964844,1148.6700439453125,2.611999988555908
2010-09-27,1296.699951171875,22.540000915527344,79.33999633789062,1142.1600341796875,2.5169999599456787
2010-09-28,1306.5999755859375,22.600000381469727,79.01000213623047,1147.699951171875,2.4560000896453857
2010-09-29,1308.5,23.25,78.69000244140625,1144.72998046875,2.50600004196167
2010-09-30,1307.800048828125,23.700000762939453,78.72000122070312,1141.199951171875,2.5169999599456787
2010-10-01,1316.0999755859375,22.5,78.08999633789062,1146.239990234375,2.5260000228881836
2010-10-04,1315.4000244140625,23.530000686645508,78.44999694824219,1137.030029296875,2.4790000915527344
2010-10-05,1338.9000244140625,21.760000228881836,77.75,1160.75,2.4739999771118164
2010-10-06,1346.4000244140625,21.489999771118164,77.38999938964844,1159.969970703125,2.3989999294281006
2010-10-07,1333.9000244140625,21.559999465942383,77.38999938964844,1158.06005859375,2.3959999084472656
2010-10-08,1344.199951171875,20.709999084472656,77.31999969482422,1165.1500244140625,2.38100004196167
2010-10-12,1345.699951171875,18.93000030517578,77.36000061035156,1169.77001953125,2.421999931335449
2010-10-13,1369.5,19.06999969482422,77.06999969482422,1178.0999755859375,2.430999994277954
2010-10-14,1376.699951171875,19.8799991607666,76.6500015258789,1173.81005859375,2.494999885559082
2010-10-15,1371.0999755859375,19.030000686645508,77.04000091552734,1176.18994140625,2.5759999752044678
2010-10-18,1371.199951171875,19.09000015258789,76.93000030517578,1184.7099609375,2.490999937057495
2010-10-19,1335.0999755859375,20.6299991607666,78.18000030517578,1165.9000244140625,2.4749999046325684
2010-10-20,1343.300048828125,19.790000915527344,77.16999816894531,1178.1700439453125,2.4700000286102295
2010-10-21,1324.699951171875,19.270000457763672,77.41999816894531,1180.260009765625,2.5309998989105225
2010-10-22,1324.4000244140625,18.780000686645508,77.47000122070312,1183.0799560546875,2.562999963760376
2010-10-25,1338.300048828125,19.850000381469727,77.0999984741211,1185.6199951171875,2.553999900817871
2010-10-26,1338.0,20.219999313354492,77.70999908447266,1185.6400146484375,2.635999917984009
2010-10-27,1322.199951171875,20.709999084472656,78.1500015258789,1182.449951171875,2.7119998931884766
2010-10-28,1342.0999755859375,20.8799991607666,77.30999755859375,1183.780029296875,2.6610000133514404
2010-10-29,1357.0999755859375,21.200000762939453,77.2699966430664,1183.260009765625,2.611999988555908
2010-11-01,1350.199951171875,21.829999923706055,77.30000305175781,1184.3800048828125,2.628000020980835
2010-11-02,1356.4000244140625,21.56999969482422,76.72000122070312,1193.5699462890625,2.5940001010894775
2010-11-03,1337.0999755859375,19.559999465942383,76.4800033569336,1197.9599609375,2.61899995803833
2010-11-04,1382.699951171875,18.520000457763672,75.87999725341797,1221.06005859375,2.4839999675750732
2010-11-05,1397.300048828125,18.260000228881836,76.55000305175781,1225.8499755859375,2.5360000133514404
2010-11-08,1402.800048828125,18.290000915527344,77.02999877929688,1223.25,2.562999963760376
2010-11-09,1409.800048828125,19.079999923706055,77.44000244140625,1213.4000244140625,2.6589999198913574
2010-11-10,1399.0999755859375,18.469999313354492,77.62999725341797,1218.7099609375,2.6480000019073486
2010-11-11,1403.0999755859375,18.639999389648438,78.22000122070312,1213.5400390625,2.6480000019073486
2010-11-12,1365.4000244140625,20.610000610351562,78.08000183105469,1199.2099609375,2.75600004196167
2010-11-15,1368.4000244140625,20.200000762939453,78.5199966430664,1197.75,2.9110000133514404
2010-11-16,1338.300048828125,22.579999923706055,79.20999908447266,1178.3399658203125,2.8469998836517334
2010-11-17,1336.800048828125,21.760000228881836,79.08000183105469,1178.5899658203125,2.864000082015991
2010-11-18,1352.9000244140625,18.75,78.62000274658203,1196.68994140625,2.9019999504089355
2010-11-19,1352.199951171875,18.040000915527344,78.5,1199.72998046875,2.875
2010-11-22,1357.699951171875,18.3700008392334,78.68000030517578,1197.8399658203125,2.812999963760376
2010-11-23,1377.5,20.6299991607666,79.68000030517578,1180.72998046875,2.76200008392334
2010-11-24,1372.9000244140625,19.559999465942383,79.87000274658203,1198.3499755859375,2.9140000343322754
2010-11-26,1362.300048828125,22.219999313354492,80.36000061035156,1189.4000244140625,2.864000082015991
2010-11-29,1366.0,21.530000686645508,80.83999633789062,1187.760009765625,2.822000026702881
2010-11-30,1385.0,23.540000915527344,81.19999694824219,1180.550048828125,2.796999931335449
2010-12-01,1387.300048828125,21.360000610351562,80.70999908447266,1206.0699462890625,2.9639999866485596
2010-12-02,1388.5,19.389999389648438,80.30000305175781,1221.530029296875,3.0
2010-12-03,1405.4000244140625,18.010000228881836,79.37999725341797,1224.7099609375,3.0169999599456787
2010-12-06,1415.300048828125,18.020000457763672,79.56999969482422,1223.1199951171875,2.940999984741211
2010-12-07,1408.300048828125,17.989999771118164,79.86000061035156,1223.75,3.1649999618530273
2010-12-08,1382.5,17.739999771118164,80.0,1228.280029296875,3.2360000610351562
2010-12-09,1392.0999755859375,17.25,80.06999969482422,1233.0,3.2230000495910645
2010-12-10,1384.300048828125,17.610000610351562,80.06999969482422,1240.4000244140625,3.2960000038146973
2010-12-13,1397.300048828125,17.549999237060547,79.27999877929688,1240.4599609375,3.2829999923706055
2010-12-14,1403.5999755859375,17.610000610351562,79.37000274658203,1241.5899658203125,3.4549999237060547
2010-12-15,1385.5,17.940000534057617,80.26000213623047,1235.22998046875,3.5199999809265137
2010-12-16,1370.4000244140625,17.389999389648438,80.18000030517578,1242.8699951171875,3.4769999980926514
2010-12-17,1378.5999755859375,16.110000610351562,80.37000274658203,1243.9100341796875,3.3299999237060547
2010-12-20,1385.5,16.40999984741211,80.62999725341797,1247.0799560546875,3.3489999771118164
2010-12-21,1388.199951171875,16.489999771118164,80.72000122070312,1254.5999755859375,3.3259999752044678
2010-12-22,1386.800048828125,15.449999809265137,80.7300033569336,1258.8399658203125,3.3459999561309814
2010-12-23,1380.0,16.469999313354492,80.5,1256.77001953125,3.3929998874664307
2010-12-27,1382.4000244140625,17.670000076293945,80.37000274658203,1257.5400390625,3.3510000705718994
2010-12-28,1405.199951171875,17.520000457763672,80.36000061035156,1258.510009765625,3.4809999465942383
2010-12-29,1413.0999755859375,17.280000686645508,79.80000305175781,1259.780029296875,3.3410000801086426
2010-12-30,1405.5999755859375,17.520000457763672,79.5199966430664,1257.8800048828125,3.36899995803833
2010-12-31,1421.0999755859375,17.75,79.02999877929688,1257.6400146484375,3.305000066757202
2011-01-03,1422.5999755859375,17.610000610351562,79.12999725341797,1271.8699951171875,3.3420000076293945
2011-01-04,1378.5,17.3799991607666,79.44000244140625,1270.199951171875,3.3459999561309814
2011-01-05,1373.4000244140625,17.020000457763672,80.26000213623047,1276.56005859375,3.4830000400543213
2011-01-06,1371.4000244140625,17.399999618530273,80.79000091552734,1273.8499755859375,3.4189999103546143
2011-01-07,1368.5,17.139999389648438,81.01000213623047,1271.5,3.328000068664551
2011-01-10,1373.699951171875,17.540000915527344,80.87999725341797,1269.75,3.303999900817871
2011-01-11,1384.0,16.889999389648438,80.8499984741211,1274.47998046875,3.3410000801086426
2011-01-12,1385.699951171875,16.239999771118164,80.02999877929688,1285.9599609375,3.3550000190734863
2011-01-13,1386.9000244140625,16.389999389648438,79.19000244140625,1283.760009765625,3.3010001182556152
2011-01-14,1360.4000244140625,15.460000038146973,79.16000366210938,1293.239990234375,3.3329999446868896
2011-01-18,1368.0999755859375,15.869999885559082,78.95999908447266,1295.02001953125,3.364000082015991
2011-01-19,1370.199951171875,17.309999465942383,78.63999938964844,1281.9200439453125,3.3369998931884766
2011-01-20,1346.5,17.989999771118164,78.81999969482422,1280.260009765625,3.4590001106262207
2011-01-21,1341.0,18.469999313354492,78.20999908447266,1283.3499755859375,3.4159998893737793
2011-01-24,1344.5,17.649999618530273,78.05000305175781,1290.8399658203125,3.4079999923706055
2011-01-25,1332.300048828125,17.59000015258789,78.0,1291.1800537109375,3.319000005722046
2011-01-26,1333.0,16.639999389648438,77.9000015258789,1296.6300048828125,3.427999973297119
2011-01-27,1318.4000244140625,16.149999618530273,77.7300033569336,1299.5400390625,3.384999990463257
2011-01-28,1340.699951171875,20.040000915527344,78.12999725341797,1276.3399658203125,3.3289999961853027
2011-01-31,1333.800048828125,19.530000686645508,77.73999786376953,1286.1199951171875,3.378000020980835
2011-02-01,1339.5999755859375,17.6299991607666,77.06999969482422,1307.5899658203125,3.443000078201294
2011-02-02,1331.5,17.299999237060547,77.16000366210938,1304.030029296875,3.489000082015991
2011-02-03,1352.300048828125,16.690000534057617,77.75,1307.0999755859375,3.5409998893737793
2011-02-04,1348.300048828125,15.930000305175781,78.04000091552734,1310.8699951171875,3.6519999504089355
2011-02-07,1347.5999755859375,16.280000686645508,78.02999877929688,1319.050048828125,3.6440000534057617
2011-02-08,1363.4000244140625,15.8100004196167,78.0,1324.5699462890625,3.7249999046325684
2011-02-09,1364.800048828125,15.869999885559082,77.63999938964844,1320.8800048828125,3.6419999599456787
2011-02-10,1361.9000244140625,16.09000015258789,78.25,1321.8699951171875,3.7079999446868896
2011-02-11,1359.9000244140625,15.6899995803833,78.45999908447266,1329.1500244140625,3.6459999084472656
2011-02-14,1364.5999755859375,15.949999809265137,78.61000061035156,1332.3199462890625,3.614000082015991
2011-02-15,1373.5999755859375,16.3700008392334,78.56999969482422,1328.010009765625,3.615999937057495
2011-02-16,1374.699951171875,16.719999313354492,78.22000122070312,1336.3199462890625,3.621000051498413
2011-02-17,1384.699951171875,16.59000015258789,78.0,1340.4300537109375,3.5739998817443848
2011-02-18,1388.199951171875,16.43000030517578,77.66000366210938,1343.010009765625,3.5889999866485596
2011-02-22,1400.5,20.799999237060547,77.7699966430664,1315.43994140625,3.4609999656677246
2011-02-23,1413.4000244140625,22.1299991607666,77.41000366210938,1307.4000244140625,3.486999988555908
2011-02-24,1415.300048828125,21.31999969482422,77.05999755859375,1306.0999755859375,3.437999963760376
2011-02-25,1408.699951171875,19.219999313354492,77.27999877929688,1319.8800048828125,3.424999952316284
2011-02-28,1409.300048828125,18.350000381469727,76.88999938964844,1327.219970703125,3.4140000343322754
2011-03-01,1430.699951171875,21.010000228881836,77.05000305175781,1306.3299560546875,3.4140000343322754
2011-03-02,1437.199951171875,20.700000762939453,76.66999816894531,1308.43994140625,3.4639999866485596
2011-03-03,1416.0,18.600000381469727,76.4800033569336,1330.969970703125,3.572000026702881
2011-03-04,1428.199951171875,19.059999465942383,76.4000015258789,1321.1500244140625,3.492000102996826
2011-03-07,1434.0999755859375,20.65999984741211,76.5,1310.1300048828125,3.496999979019165
2011-03-08,1426.9000244140625,19.81999969482422,76.80000305175781,1321.8199462890625,3.5439999103546143
2011-03-09,1429.300048828125,20.219999313354492,76.72000122070312,1320.02001953125,3.4690001010894775
2011-03-10,1412.199951171875,21.8799991607666,77.27999877929688,1295.1099853515625,3.3929998874664307
2011-03-11,1421.5,20.079999923706055,76.77999877929688,1304.280029296875,3.3929998874664307
2011-03-14,1424.5999755859375,21.1299991607666,76.3499984741211,1296.3900146484375,3.3469998836517334
2011-03-15,1392.5999755859375,24.31999969482422,76.33000183105469,1281.8699951171875,3.322999954223633
2011-03-16,1396.0,29.399999618530273,76.68000030517578,1256.8800048828125,3.2119998931884766
2011-03-17,1404.0,26.3700008392334,76.04000091552734,1273.719970703125,3.247999906539917
2011-03-18,1415.9000244140625,24.440000534057617,75.72000122070312,1279.2099609375,3.2769999504089355
2011-03-21,1426.199951171875,20.610000610351562,75.4000015258789,1298.3800048828125,3.322999954223633
2011-03-22,1427.5,20.209999084472656,75.43000030517578,1293.77001953125,3.3320000171661377
2011-03-23,1437.9000244140625,19.170000076293945,75.79000091552734,1297.5400390625,3.3480000495910645
2011-03-24,1434.800048828125,18.0,75.66000366210938,1309.6600341796875,3.4040000438690186
2011-03-25,1426.0999755859375,17.90999984741211,76.22000122070312,1313.800048828125,3.444000005722046
2011-03-28,1419.800048828125,19.440000534057617,76.12999725341797,1310.18994140625,3.447999954223633
2011-03-29,1416.0,18.15999984741211,76.25,1319.43994140625,3.490999937057495
2011-03-30,1423.800048828125,17.709999084472656,76.12000274658203,1328.260009765625,3.4549999237060547
2011-03-31,1438.9000244140625,17.739999771118164,75.86000061035156,1325.8299560546875,3.4539999961853027
2011-04-01,1428.0999755859375,17.399999618530273,75.83000183105469,1332.4100341796875,3.4509999752044678
2011-04-04,1432.199951171875,17.5,75.91000366210938,1332.8699951171875,3.430999994277954
2011-04-05,1451.800048828125,17.25,75.87999725341797,1332.6300048828125,3.486999988555908
2011-04-06,1457.699951171875,16.899999618530273,75.51000213623047,1335.5400390625,3.5450000762939453
2011-04-07,1458.5,17.110000610351562,75.58999633789062,1333.510009765625,3.555000066757202
2011-04-08,1473.4000244140625,17.8700008392334,75.06999969482422,1328.1700439453125,3.569999933242798
2011-04-11,1467.4000244140625,16.59000015258789,75.05999755859375,1324.4599609375,3.569999933242798
2011-04-12,1452.9000244140625,17.09000015258789,74.8499984741211,1314.1600341796875,3.5
2011-04-13,1454.9000244140625,16.920000076293945,74.9800033569336,1314.4100341796875,3.4660000801086426
2011-04-14,1471.699951171875,16.270000457763672,74.68000030517578,1314.52001953125,3.484999895095825
2011-04-15,1485.300048828125,15.319999694824219,74.83000183105469,1319.6800537109375,3.4100000858306885
2011-04-18,1492.300048828125,16.959999084472656,75.5,1305.1400146484375,3.371000051498413
2011-04-19,1494.5,15.829999923706055,75.02999877929688,1312.6199951171875,3.3559999465942383
2011-04-20,1498.300048828125,15.069999694824219,74.37000274658203,1330.3599853515625,3.4000000953674316
2011-04-21,1503.199951171875,14.6899995803833,74.0,1337.3800048828125,3.4000000953674316
2011-04-25,1508.5999755859375,15.770000457763672,73.98999786376953,1335.25,3.36299991607666
2011-04-26,1503.0,15.619999885559082,73.83999633789062,1347.239990234375,3.319999933242798
2011-04-27,1516.699951171875,15.350000381469727,73.5199966430664,1355.6600341796875,3.368000030517578
2011-04-28,1530.800048828125,14.619999885559082,73.12000274658203,1360.47998046875,3.312000036239624
2011-04-29,1556.0,14.75,72.93000030517578,1363.6099853515625,3.2960000038146973
2011-05-02,1556.699951171875,15.989999771118164,72.94999694824219,1361.219970703125,3.2860000133514404
2011-05-03,1540.0999755859375,16.700000762939453,73.13999938964844,1356.6199951171875,3.255000114440918
2011-05-04,1514.9000244140625,17.079999923706055,73.02999877929688,1347.3199462890625,3.2230000495910645
2011-05-05,1480.9000244140625,18.200000762939453,74.19000244140625,1335.0999755859375,3.1679999828338623
2011-05-06,1491.199951171875,18.399999618530273,74.83999633789062,1340.199951171875,3.1570000648498535
2011-05-09,1502.9000244140625,17.15999984741211,74.73999786376953,1346.2900390625,3.1419999599456787
2011-05-10,1516.5999755859375,15.90999984741211,74.61000061035156,1357.1600341796875,3.194999933242798
2011-05-11,1501.0999755859375,16.950000762939453,75.33000183105469,1342.0799560546875,3.1570000648498535
2011-05-12,1506.5999755859375,16.030000686645508,75.23999786376953,1348.6500244140625,3.2300000190734863
2011-05-13,1493.4000244140625,17.06999969482422,75.76000213623047,1337.77001953125,3.187000036239624
2011-05-16,1490.4000244140625,18.239999771118164,75.47000122070312,1329.469970703125,3.1489999294281006
2011-05-17,1479.800048828125,17.549999237060547,75.4000015258789,1328.97998046875,3.121000051498413
2011-05-18,1495.5999755859375,16.229999542236328,75.47000122070312,1340.6800537109375,3.1710000038146973
2011-05-19,1492.199951171875,15.520000457763672,75.12000274658203,1343.5999755859375,3.1710000038146973
2011-05-20,1508.800048828125,17.43000030517578,75.43000030517578,1333.27001953125,3.1519999504089355
2011-05-23,1515.300048828125,18.270000457763672,76.0999984741211,1317.3699951171875,3.134000062942505
2011-05-24,1523.199951171875,17.81999969482422,75.87999725341797,1316.280029296875,3.122999906539917
2011-05-25,1526.5999755859375,17.06999969482422,75.93000030517578,1320.469970703125,3.128999948501587
2011-05-26,1522.800048828125,16.09000015258789,75.55000305175781,1325.68994140625,3.061000108718872
2011-05-27,1536.300048828125,15.979999542236328,74.94999694824219,1331.0999755859375,3.063999891281128
2011-05-31,1535.9000244140625,15.449999809265137,74.63999938964844,1345.199951171875,3.049999952316284
2011-06-01,1542.4000244140625,18.299999237060547,74.68000030517578,1314.550048828125,2.9660000801086426
2011-06-02,1532.0,18.09000015258789,74.33000183105469,1312.93994140625,3.0299999713897705
2011-06-03,1541.699951171875,17.950000762939453,73.77999877929688,1300.1600341796875,2.996999979019165
2011-06-06,1546.5,18.489999771118164,73.94999694824219,1286.1700439453125,3.002000093460083
2011-06-07,1543.300048828125,18.06999969482422,73.5199966430664,1284.93994140625,3.010999917984009
2011-06-08,1538.0999755859375,18.790000915527344,73.93000030517578,1279.56005859375,2.9619998931884766
2011-06-09,1542.0999755859375,17.770000457763672,74.19000244140625,1289.0,2.997999906539917
2011-06-10,1528.5999755859375,18.860000610351562,74.79000091552734,1270.97998046875,2.9709999561309814
2011-06-13,1515.0,19.610000610351562,74.51000213623047,1271.8299560546875,2.990999937057495
2011-06-14,1523.800048828125,18.260000228881836,74.33000183105469,1287.8699951171875,3.0989999771118164
2011-06-15,1525.5999755859375,21.31999969482422,75.5999984741211,1265.4200439453125,2.9730000495910645
2011-06-16,1529.300048828125,22.729999542236328,75.75,1267.6400146484375,2.9089999198913574
2011-06-17,1538.5999755859375,21.850000381469727,74.98999786376953,1271.5,2.944000005722046
2011-06-20,1541.5,19.989999771118164,75.02999877929688,1278.3599853515625,2.9630000591278076
2011-06-21,1546.0,18.860000610351562,74.54000091552734,1295.52001953125,2.984999895095825
2011-06-22,1552.9000244140625,18.520000457763672,74.77999877929688,1287.1400146484375,2.993000030517578
2011-06-23,1520.0999755859375,19.290000915527344,75.44999694824219,1283.5,2.9089999198913574
2011-06-24,1500.5,21.100000381469727,75.66999816894531,1268.449951171875,2.871000051498413
2011-06-27,1496.0,20.559999465942383,75.38999938964844,1280.0999755859375,2.927000045776367
2011-06-28,1499.699951171875,19.170000076293945,75.05999755859375,1296.6700439453125,3.0450000762939453
2011-06-29,1509.9000244140625,17.270000457763672,74.69000244140625,1307.4100341796875,3.1080000400543213
2011-06-30,1502.300048828125,16.520000457763672,74.30000305175781,1320.6400146484375,3.1579999923706055
2011-07-01,1482.300048828125,15.869999885559082,74.3499984741211,1339.6700439453125,3.197000026702881
2011-07-05,1512.300048828125,16.059999465942383,74.69000244140625,1337.8800048828125,3.135999917984009
2011-07-06,1528.699951171875,16.34000015258789,75.12000274658203,1339.219970703125,3.0950000286102295
2011-07-07,1530.199951171875,15.949999809265137,74.95999908447266,1353.219970703125,3.1489999294281006
2011-07-08,1541.199951171875,15.949999809265137,75.18000030517578,1343.800048828125,3.0160000324249268
2011-07-11,1548.800048828125,18.389999389648438,75.98999786376953,1319.489990234375,2.9170000553131104
2011-07-12,1561.9000244140625,19.8700008392334,75.80999755859375,1313.6400146484375,2.9079999923706055
2011-07-13,1585.199951171875,19.90999984741211,75.20999908447266,1317.719970703125,2.8910000324249268
2011-07-14,1589.0,20.799999237060547,75.25,1308.8699951171875,2.944000005722046
2011-07-15,1589.800048828125,19.530000686645508,75.12999725341797,1316.1400146484375,2.9079999923706055
2011-07-18,1602.0999755859375,20.950000762939453,75.4800033569336,1305.43994140625,2.9089999198913574
2011-07-19,1600.9000244140625,19.209999084472656,75.22000122070312,1326.72998046875,2.8910000324249268
2011-07-20,1596.699951171875,19.09000015258789,74.79000091552734,1325.8399658203125,2.933000087738037
2011-07-21,1586.800048828125,17.559999465942383,74.0199966430664,1343.800048828125,3.009999990463257
2011-07-22,1601.300048828125,17.520000457763672,74.19999694824219,1345.02001953125,2.9639999866485596
2011-07-25,1612.0,19.350000381469727,74.05999755859375,1337.4300537109375,3.003999948501587
2011-07-26,1616.5999755859375,20.229999542236328,73.47000122070312,1331.93994140625,2.9509999752044678
2011-07-27,1615.0,22.979999542236328,74.08999633789062,1304.8900146484375,2.9800000190734863
2011-07-28,1613.4000244140625,23.739999771118164,74.22000122070312,1300.6700439453125,2.9509999752044678
2011-07-29,1628.300048828125,25.25,73.9000015258789,1292.280029296875,2.805000066757202
2011-08-01,1619.0,23.65999984741211,74.26000213623047,1286.93994140625,2.740000009536743
2011-08-02,1641.9000244140625,24.790000915527344,74.51000213623047,1254.050048828125,2.624000072479248
2011-08-03,1663.4000244140625,23.3799991607666,74.04000091552734,1260.3399658203125,2.5989999771118164
2011-08-04,1656.199951171875,31.65999984741211,75.12000274658203,1200.0699462890625,2.4579999446868896
2011-08-05,1648.800048828125,32.0,74.5999984741211,1199.3800048828125,2.558000087738037
2011-08-08,1710.199951171875,48.0,74.79000091552734,1119.4599609375,2.3389999866485596
2011-08-09,1740.0,35.060001373291016,74.61000061035156,1172.530029296875,2.181999921798706
2011-08-10,1781.300048828125,42.9900016784668,74.63999938964844,1120.760009765625,2.13700008392334
2011-08-11,1748.800048828125,39.0,74.68000030517578,1172.6400146484375,2.3359999656677246
2011-08-12,1740.199951171875,36.36000061035156,74.61000061035156,1178.81005859375,2.236999988555908
2011-08-15,1755.5,31.8700008392334,73.83999633789062,1204.489990234375,2.2850000858306885
2011-08-16,1782.4000244140625,32.849998474121094,74.01000213623047,1192.760009765625,2.2139999866485596
2011-08-17,1791.199951171875,31.579999923706055,73.66999816894531,1193.8900146484375,2.1649999618530273
2011-08-18,1818.9000244140625,42.66999816894531,74.23999786376953,1140.6500244140625,2.0829999446868896
2011-08-19,1848.9000244140625,43.04999923706055,73.98999786376953,1123.530029296875,2.071000099182129
2011-08-22,1888.699951171875,42.439998626708984,74.06999969482422,1123.8199462890625,2.0880000591278076
2011-08-23,1858.300048828125,36.27000045776367,73.87000274658203,1162.3499755859375,2.13700008392334
2011-08-24,1754.0999755859375,35.900001525878906,74.01000213623047,1177.5999755859375,2.259999990463257
2011-08-25,1759.800048828125,39.7599983215332,74.27999877929688,1159.27001953125,2.2219998836517334
2011-08-26,1794.0999755859375,35.59000015258789,73.80999755859375,1176.800048828125,2.187999963760376
2011-08-29,1788.4000244140625,32.279998779296875,73.72000122070312,1210.0799560546875,2.2709999084472656
2011-08-30,1826.699951171875,32.88999938964844,73.94000244140625,1212.9200439453125,2.1760001182556152
2011-08-31,1828.5,31.6200008392334,74.12999725341797,1218.8900146484375,2.2179999351501465
2011-09-01,1826.0,31.81999969482422,74.4800033569336,1204.4200439453125,2.1459999084472656
2011-09-02,1873.699951171875,33.91999816894531,74.75,1173.969970703125,1.996000051498413
2011-09-06,1869.9000244140625,37.0,75.91999816894531,1165.239990234375,1.9789999723434448
2011-09-07,1814.199951171875,33.380001068115234,75.45999908447266,1198.6199951171875,2.0360000133514404
2011-09-08,1854.4000244140625,34.31999969482422,76.23999786376953,1185.9000244140625,1.9859999418258667
2011-09-09,1856.4000244140625,38.52000045776367,77.19000244140625,1154.22998046875,1.9149999618530273
2011-09-12,1809.9000244140625,38.59000015258789,77.56999969482422,1162.27001953125,1.9299999475479126
2011-09-13,1826.800048828125,36.90999984741211,76.91000366210938,1172.8699951171875,1.99399995803833
2011-09-14,1823.5,34.599998474121094,76.83000183105469,1188.6800537109375,2.010999917984009
2011-09-15,1778.5,31.969999313354492,76.23999786376953,1209.1099853515625,2.0850000381469727
2011-09-16,1812.0999755859375,30.979999542236328,76.58000183105469,1216.010009765625,2.0759999752044678
2011-09-19,1776.4000244140625,32.72999954223633,77.38999938964844,1204.0899658203125,1.940000057220459
2011-09-20,1806.5999755859375,32.86000061035156,77.02999877929688,1202.0899658203125,1.9470000267028809
2011-09-21,1805.5,37.31999969482422,77.33999633789062,1166.760009765625,1.875
2011-09-22,1739.199951171875,41.349998474121094,78.37999725341797,1129.56005859375,1.715000033378601
2011-09-23,1637.5,41.25,78.30000305175781,1136.4300537109375,1.8079999685287476
2011-09-26,1592.5,39.02000045776367,78.36000061035156,1162.949951171875,1.9040000438690186
2011-09-27,1650.5999755859375,37.709999084472656,77.51000213623047,1175.3800048828125,2.0160000324249268
2011-09-28,1616.300048828125,41.08000183105469,77.8499984741211,1151.06005859375,2.002000093460083
2011-09-29,1615.5,38.84000015258789,77.91999816894531,1160.4000244140625,1.9570000171661377
2011-09-30,1620.4000244140625,42.959999084472656,78.55000305175781,1131.4200439453125,1.9240000247955322
2011-10-03,1656.0,45.45000076293945,79.44999694824219,1099.22998046875,1.784999966621399
2011-10-04,1614.699951171875,40.81999969482422,79.5999984741211,1123.949951171875,1.781000018119812
2011-10-05,1640.300048828125,37.810001373291016,78.91000366210938,1144.030029296875,1.9049999713897705
2011-10-06,1651.9000244140625,36.27000045776367,78.52999877929688,1164.969970703125,1.9859999418258667
2011-10-07,1634.5,36.20000076293945,78.72000122070312,1155.4599609375,2.068000078201294
2011-10-10,1669.5999755859375,33.02000045776367,77.5999984741211,1194.8900146484375,2.0759999752044678
2011-10-11,1659.699951171875,32.86000061035156,77.58000183105469,1195.5400390625,2.1600000858306885
2011-10-12,1681.300048828125,31.260000228881836,76.98999786376953,1207.25,2.2260000705718994
2011-10-13,1667.300048828125,30.700000762939453,76.98999786376953,1203.6600341796875,2.1689999103546143
2011-10-14,1681.800048828125,28.239999771118164,76.62000274658203,1224.5799560546875,2.2320001125335693
2011-10-17,1675.5,33.38999938964844,77.13999938964844,1200.8599853515625,2.1549999713897705
2011-10-18,1651.699951171875,31.559999465942383,77.12999725341797,1225.3800048828125,2.1510000228881836
2011-10-19,1646.0,34.439998626708984,77.11000061035156,1209.8800048828125,2.1589999198913574
2011-10-20,1611.9000244140625,34.779998779296875,76.97000122070312,1215.3900146484375,2.180000066757202
2011-10-21,1635.0999755859375,31.31999969482422,76.30000305175781,1238.25,2.203000068664551
2011-10-24,1651.5,29.260000228881836,76.0199966430664,1254.18994140625,2.2339999675750732
2011-10-25,1699.5999755859375,32.220001220703125,76.25,1229.050048828125,2.128000020980835
2011-10-26,1722.699951171875,29.860000610351562,76.19999694824219,1242.0,2.203000068664551
2011-10-27,1746.699951171875,25.459999084472656,74.87000274658203,1284.5899658203125,2.3949999809265137
2011-10-28,1746.199951171875,24.530000686645508,75.08999633789062,1285.0899658203125,2.305999994277954
2011-10-31,1724.199951171875,29.959999084472656,76.16999816894531,1253.300048828125,2.174999952316284
2011-11-01,1711.0,34.77000045776367,77.26000213623047,1218.280029296875,2.000999927520752
2011-11-02,1728.699951171875,32.7400016784668,77.01000213623047,1237.9000244140625,2.00600004196167
2011-11-03,1764.199951171875,30.5,76.66999816894531,1261.1500244140625,2.065999984741211
2011-11-04,1755.300048828125,30.15999984741211,76.91000366210938,1253.22998046875,2.049999952316284
2011-11-07,1790.300048828125,29.850000381469727,76.95999908447266,1261.1199951171875,1.99399995803833
2011-11-08,1798.4000244140625,27.479999542236328,76.66999816894531,1275.9200439453125,2.065000057220459
2011-11-09,1790.9000244140625,36.15999984741211,77.93000030517578,1229.0999755859375,1.9550000429153442
2011-11-10,1758.9000244140625,32.810001373291016,77.63999938964844,1239.699951171875,2.055999994277954
2011-11-11,1787.5,30.040000915527344,76.94000244140625,1263.8499755859375,2.055999994277954
2011-11-14,1777.800048828125,31.1299991607666,77.55999755859375,1251.780029296875,2.0429999828338623
2011-11-15,1781.699951171875,31.219999313354492,77.87999725341797,1257.81005859375,2.056999921798706
2011-11-16,1773.800048828125,33.5099983215332,78.16000366210938,1236.9100341796875,2.0239999294281006
2011-11-17,1719.800048828125,34.5099983215332,78.29000091552734,1216.1300048828125,1.9579999446868896
2011-11-18,1724.699951171875,32.0,78.0199966430664,1215.6500244140625,2.01200008392334
2011-11-21,1678.300048828125,32.90999984741211,78.30000305175781,1192.97998046875,1.9620000123977661
2011-11-22,1702.199951171875,31.969999313354492,78.2300033569336,1188.0400390625,1.9390000104904175
2011-11-23,1695.699951171875,33.97999954223633,79.0,1161.7900390625,1.878999948501587
2011-11-25,1685.5,34.470001220703125,79.61000061035156,1158.6700439453125,1.9670000076293945
2011-11-28,1710.800048828125,32.130001068115234,79.29000091552734,1192.550048828125,1.9579999446868896
2011-11-29,1713.4000244140625,30.639999389648438,79.0,1195.18994140625,1.996000051498413
2011-11-30,1745.5,27.799999237060547,78.38999938964844,1246.9599609375,2.068000078201294
2011-12-01,1735.300048828125,27.40999984741211,78.31999969482422,1244.5799560546875,2.117000102996826
2011-12-02,1747.0,27.520000457763672,78.62999725341797,1244.280029296875,2.0420000553131104
2011-12-05,1730.699951171875,27.84000015258789,78.61000061035156,1257.0799560546875,2.053999900817871
2011-12-06,1727.9000244140625,28.1299991607666,78.51000213623047,1258.469970703125,2.0929999351501465
2011-12-07,1740.9000244140625,28.670000076293945,78.4800033569336,1261.010009765625,2.0169999599456787
2011-12-08,1709.800048828125,30.59000015258789,78.80999755859375,1234.3499755859375,1.972000002861023
2011-12-09,1712.800048828125,26.3799991607666,78.62999725341797,1255.18994140625,2.052000045776367
2011-12-12,1664.199951171875,25.670000076293945,79.56999969482422,1236.469970703125,2.009000062942505
2011-12-13,1659.9000244140625,25.40999984741211,80.25,1225.72998046875,1.9620000123977661
2011-12-14,1584.300048828125,26.040000915527344,80.52999877929688,1211.8199462890625,1.9010000228881836
2011-12-15,1574.5999755859375,25.110000610351562,80.23999786376953,1215.75,1.9129999876022339
2011-12-16,1595.5999755859375,24.290000915527344,80.25,1219.6600341796875,1.8539999723434448
2011-12-19,1594.4000244140625,24.920000076293945,80.25,1205.3499755859375,1.812999963760376
2011-12-20,1615.5999755859375,23.219999313354492,79.87999725341797,1241.300048828125,1.9249999523162842
2011-12-21,1611.9000244140625,21.43000030517578,80.0199966430664,1243.719970703125,1.9670000076293945
2011-12-22,1608.9000244140625,21.15999984741211,79.91999816894531,1254.0,1.9509999752044678
2011-12-23,1604.699951171875,20.729999542236328,80.01000213623047,1265.3299560546875,2.0299999713897705
2011-12-27,1594.199951171875,21.90999984741211,79.79000091552734,1265.4300537109375,2.009000062942505
2011-12-28,1562.9000244140625,23.520000457763672,80.48999786376953,1249.6400146484375,1.9079999923706055
2011-12-29,1539.9000244140625,22.649999618530273,80.4800033569336,1263.02001953125,1.8969999551773071
2011-12-30,1565.800048828125,23.399999618530273,80.16999816894531,1257.5999755859375,1.871000051498413
2012-01-03,1599.699951171875,22.969999313354492,79.61000061035156,1277.06005859375,1.9600000381469727
2012-01-04,1611.9000244140625,22.219999313354492,80.08999633789062,1277.300048828125,1.9950000047683716
2012-01-05,1619.4000244140625,21.479999542236328,80.94000244140625,1281.06005859375,1.9930000305175781
2012-01-06,1616.0999755859375,20.6299991607666,81.23999786376953,1277.81005859375,1.9609999656677246
2012-01-09,1607.5,21.06999969482422,81.05000305175781,1280.699951171875,1.9600000381469727
2012-01-10,1631.0,20.690000534057617,80.80000305175781,1292.0799560546875,1.972000002861023
2012-01-11,1639.199951171875,21.049999237060547,81.3499984741211,1292.47998046875,1.9040000438690186
2012-01-12,1647.300048828125,20.469999313354492,80.7699966430664,1295.5,1.9329999685287476
2012-01-13,1630.4000244140625,20.90999984741211,81.43000030517578,1289.0899658203125,1.8530000448226929
2012-01-17,1655.199951171875,22.200000762939453,81.18000030517578,1293.6700439453125,1.850000023841858
2012-01-18,1659.5,20.889999389648438,80.5999984741211,1308.0400390625,1.8969999551773071
2012-01-19,1654.0999755859375,19.8700008392334,80.20999908447266,1314.5,1.972000002861023
2012-01-20,1663.699951171875,18.280000686645508,80.22000122070312,1315.3800048828125,2.0280001163482666
2012-01-23,1678.0,18.670000076293945,79.69000244140625,1316.0,2.066999912261963
2012-01-24,1664.199951171875,18.90999984741211,79.86000061035156,1314.6500244140625,2.063999891281128
2012-01-25,1699.800048828125,18.309999465942383,79.56999969482422,1326.06005859375,2.006999969482422
2012-01-26,1726.300048828125,18.56999969482422,79.41000366210938,1318.4300537109375,1.930999994277954
2012-01-27,1731.800048828125,18.530000686645508,78.9000015258789,1316.3299560546875,1.8980000019073486
2012-01-30,1731.0,19.399999618530273,79.16000366210938,1313.010009765625,1.8370000123977661
2012-01-31,1737.800048828125,19.440000534057617,79.27999877929688,1312.4100341796875,1.7990000247955322
2012-02-01,1747.0999755859375,18.549999237060547,78.91999816894531,1324.0899658203125,1.8459999561309814
2012-02-02,1756.800048828125,17.979999542236328,78.97000122070312,1325.5400390625,1.8250000476837158
2012-02-03,1737.9000244140625,17.100000381469727,78.94000244140625,1344.9000244140625,1.9490000009536743
2012-02-06,1722.800048828125,17.760000228881836,79.08999633789062,1344.3299560546875,1.9010000228881836
2012-02-07,1746.4000244140625,17.649999618530273,78.56999969482422,1347.050048828125,1.965999960899353
2012-02-08,1729.300048828125,18.15999984741211,78.63999938964844,1349.9599609375,1.975000023841858
2012-02-09,1739.0,18.6299991607666,78.55999755859375,1351.949951171875,2.046999931335449
2012-02-10,1723.300048828125,20.790000915527344,79.11000061035156,1342.6400146484375,1.968999981880188
2012-02-13,1723.0,19.040000915527344,78.94000244140625,1351.77001953125,1.9900000095367432
2012-02-14,1715.9000244140625,19.540000915527344,79.58000183105469,1350.5,1.9240000247955322
2012-02-15,1726.300048828125,21.139999389648438,79.66999816894531,1343.22998046875,1.930999994277954
2012-02-16,1726.800048828125,19.219999313354492,79.33999633789062,1358.0400390625,1.9930000305175781
2012-02-17,1724.5,17.780000686645508,79.33000183105469,1361.22998046875,2.009999990463257
2012-02-21,1757.0999755859375,18.190000534057617,79.04000091552734,1362.2099609375,2.0450000762939453
2012-02-22,1770.0,18.190000534057617,79.20999908447266,1357.6600341796875,2.005000114440918
2012-02-23,1784.9000244140625,16.799999237060547,78.80999755859375,1363.4599609375,1.9839999675750732
2012-02-24,1775.0999755859375,17.309999465942383,78.3499984741211,1365.739990234375,1.9769999980926514
2012-02-27,1773.5999755859375,18.190000534057617,78.55999755859375,1367.5899658203125,1.9220000505447388
2012-02-28,1787.0,17.959999084472656,78.2699966430664,1372.1800537109375,1.9290000200271606
2012-02-29,1709.9000244140625,18.43000030517578,78.7300033569336,1365.6800537109375,1.9769999980926514
2012-03-01,1721.0999755859375,17.260000228881836,78.77999877929688,1374.0899658203125,2.0369999408721924
2012-03-02,1708.800048828125,17.290000915527344,79.4000015258789,1369.6300048828125,1.9859999418258667
2012-03-05,1703.0,18.049999237060547,79.31999969482422,1364.3299560546875,2.005000114440918
2012-03-06,1671.4000244140625,20.8700008392334,79.86000061035156,1343.3599853515625,1.944000005722046
2012-03-07,1683.300048828125,19.06999969482422,79.70999908447266,1352.6300048828125,1.972000002861023
2012-03-08,1698.0999755859375,17.950000762939453,79.16000366210938,1365.9100341796875,2.0139999389648438
2012-03-09,1710.9000244140625,17.110000610351562,80.04000091552734,1370.8699951171875,2.0380001068115234
2012-03-12,1699.199951171875,15.640000343322754,79.87000274658203,1371.0899658203125,2.0309998989105225
2012-03-13,1693.699951171875,14.800000190734863,80.19000244140625,1395.949951171875,2.1070001125335693
2012-03-14,1642.5,15.3100004196167,80.55999755859375,1394.280029296875,2.2739999294281006
2012-03-15,1659.0999755859375,15.420000076293945,80.1500015258789,1402.5999755859375,2.2809998989105225
2012-03-16,1655.5,14.470000267028809,79.77999877929688,1404.1700439453125,2.2980000972747803
2012-03-19,1666.9000244140625,15.039999961853027,79.44999694824219,1409.75,2.378999948501587
2012-03-20,1646.699951171875,15.579999923706055,79.58999633789062,1405.52001953125,2.371999979019165
2012-03-21,1650.0,15.130000114440918,79.62999725341797,1402.8900146484375,2.2939999103546143
2012-03-22,1642.300048828125,15.569999694824219,79.73999786376953,1392.780029296875,2.2750000953674316
2012-03-23,1662.300048828125,14.819999694824219,79.33999633789062,1397.1099853515625,2.236999988555908
2012-03-26,1685.5,14.260000228881836,78.93000030517578,1416.510009765625,2.24399995803833
2012-03-27,1684.800048828125,15.59000015258789,79.04000091552734,1412.52001953125,2.187000036239624
2012-03-28,1657.9000244140625,15.470000267028809,79.16000366210938,1405.5400390625,2.196000099182129
2012-03-29,1652.199951171875,15.479999542236328,79.18000030517578,1403.280029296875,2.1589999198913574
2012-03-30,1669.300048828125,15.5,78.93000030517578,1408.469970703125,2.2160000801086426
2012-04-02,1677.5,15.640000343322754,78.81999969482422,1419.0400390625,2.193000078201294
2012-04-03,1670.0,15.65999984741211,79.4800033569336,1413.3800048828125,2.2839999198913574
2012-04-04,1612.300048828125,16.440000534057617,79.76000213623047,1398.9599609375,2.243000030517578
2012-04-05,1628.5,16.700000762939453,80.06999969482422,1398.0799560546875,2.174999952316284
2012-04-09,1642.5,18.809999465942383,79.7300033569336,1382.199951171875,2.0369999408721924
2012-04-10,1659.5,20.389999389648438,79.88999938964844,1358.5899658203125,1.9880000352859497
2012-04-11,1659.0,20.020000457763672,79.77999877929688,1368.7099609375,2.0280001163482666
2012-04-12,1679.5,17.200000762939453,79.27999877929688,1387.5699462890625,2.0490000247955322
2012-04-13,1659.0999755859375,19.549999237060547,79.87999725341797,1370.260009765625,1.9980000257492065
2012-04-16,1648.699951171875,19.549999237060547,79.55000305175781,1369.5699462890625,1.9739999771118164
2012-04-17,1650.300048828125,18.459999084472656,79.47000122070312,1390.780029296875,2.009000062942505
2012-04-18,1638.800048828125,18.639999389648438,79.52999877929688,1385.1400146484375,1.9819999933242798
2012-04-19,1640.5999755859375,18.360000610351562,79.55999755859375,1376.9200439453125,1.9520000219345093
2012-04-20,1642.0999755859375,17.440000534057617,79.18000030517578,1378.530029296875,1.9700000286102295
2012-04-23,1631.9000244140625,18.969999313354492,79.41999816894531,1366.93994140625,1.9329999685287476
2012-04-24,1643.0,18.100000381469727,79.22000122070312,1371.969970703125,1.9609999656677246
2012-04-25,1641.4000244140625,16.81999969482422,79.01000213623047,1390.68994140625,1.9839999675750732
2012-04-26,1659.5999755859375,16.239999771118164,78.91000366210938,1399.97998046875,1.9589999914169312
2012-04-27,1664.0,16.31999969482422,78.69999694824219,1403.3599853515625,1.9329999685287476
2012-04-30,1663.4000244140625,17.149999618530273,78.79000091552734,1397.9100341796875,1.9149999618530273
2012-05-01,1661.699951171875,16.600000381469727,78.86000061035156,1405.8199462890625,1.9559999704360962
2012-05-02,1653.4000244140625,16.8799991607666,79.12999725341797,1402.31005859375,1.9220000505447388
2012-05-03,1634.199951171875,17.559999465942383,79.22000122070312,1391.5699462890625,1.9240000247955322
2012-05-04,1644.699951171875,19.15999984741211,79.47000122070312,1369.0999755859375,1.8799999952316284
2012-05-07,1638.5999755859375,18.940000534057617,79.5999984741211,1369.5799560546875,1.8769999742507935
2012-05-08,1604.0,19.049999237060547,79.7300033569336,1363.719970703125,1.8370000123977661
2012-05-09,1593.699951171875,20.079999923706055,80.08000183105469,1354.5799560546875,1.8350000381469727
2012-05-10,1595.0999755859375,18.829999923706055,80.11000061035156,1357.989990234375,1.8839999437332153
2012-05-11,1583.5999755859375,19.889999389648438,80.27999877929688,1353.3900146484375,1.840999960899353
2012-05-14,1560.5999755859375,21.8700008392334,80.5999984741211,1338.3499755859375,1.7879999876022339
2012-05-15,1556.800048828125,21.969999313354492,81.22000122070312,1330.6600341796875,1.7769999504089355
2012-05-16,1536.199951171875,22.270000457763672,81.37000274658203,1324.800048828125,1.7649999856948853
2012-05-17,1574.5,24.489999771118164,81.37999725341797,1304.8599853515625,1.7020000219345093
2012-05-18,1591.5999755859375,25.100000381469727,81.29000091552734,1295.219970703125,1.7020000219345093
2012-05-21,1588.4000244140625,22.010000228881836,81.08000183105469,1315.989990234375,1.7350000143051147
2012-05-22,1576.300048828125,22.479999542236328,81.66999816894531,1316.6300048828125,1.7929999828338623
2012-05-23,1548.0999755859375,22.329999923706055,82.08999633789062,1318.8599853515625,1.7209999561309814
2012-05-24,1557.300048828125,21.540000915527344,82.29000091552734,1320.6800537109375,1.7589999437332153
2012-05-25,1568.800048828125,21.760000228881836,82.4000015258789,1317.8199462890625,1.7450000047683716
2012-05-29,1548.5999755859375,21.030000686645508,82.44000244140625,1332.4200439453125,1.7309999465942383
2012-05-30,1563.4000244140625,24.139999389648438,83.01000213623047,1313.3199462890625,1.625
2012-05-31,1562.5999755859375,24.059999465942383,83.04000091552734,1310.3299560546875,1.5809999704360962
2012-06-01,1620.5,26.65999984741211,82.88999938964844,1278.0400390625,1.4670000076293945
2012-06-04,1612.199951171875,26.1200008392334,82.55000305175781,1278.1800537109375,1.5269999504089355
2012-06-05,1615.199951171875,24.68000030517578,82.80000305175781,1285.5,1.555999994277954
2012-06-06,1632.800048828125,22.15999984741211,82.31999969482422,1315.1300048828125,1.6510000228881836
2012-06-07,1586.5999755859375,21.719999313354492,82.05000305175781,1314.989990234375,1.6540000438690186
2012-06-08,1590.0999755859375,21.229999542236328,82.51000213623047,1325.6600341796875,1.6369999647140503
2012-06-11,1595.5,23.559999465942383,82.51000213623047,1308.9300537109375,1.600000023841858
2012-06-12,1612.699951171875,22.09000015258789,82.41000366210938,1324.1800537109375,1.6610000133514404
2012-06-13,1618.0999755859375,24.270000457763672,82.05000305175781,1314.8800048828125,1.5989999771118164
2012-06-14,1618.4000244140625,21.68000030517578,81.9000015258789,1329.0999755859375,1.6109999418258667
2012-06-15,1627.0,21.110000610351562,81.58999633789062,1342.8399658203125,1.5870000123977661
2012-06-18,1625.699951171875,18.31999969482422,81.94000244140625,1344.780029296875,1.5839999914169312
2012-06-19,1622.199951171875,18.3799991607666,81.37000274658203,1357.97998046875,1.6200000047683716
2012-06-20,1614.800048828125,17.239999771118164,81.48999786376953,1355.68994140625,1.6419999599456787
2012-06-21,1564.5,20.079999923706055,82.31999969482422,1325.510009765625,1.6180000305175781
2012-06-22,1566.0,18.110000610351562,82.22000122070312,1335.02001953125,1.6720000505447388
2012-06-25,1587.5,20.3799991607666,82.45999908447266,1313.719970703125,1.6080000400543213
2012-06-26,1574.0,19.719999313354492,82.37000274658203,1319.989990234375,1.628000020980835
2012-06-27,1577.5,19.450000762939453,82.55999755859375,1331.8499755859375,1.621000051498413
2012-06-28,1549.699951171875,19.709999084472656,82.66999816894531,1329.0400390625,1.5770000219345093
2012-06-29,1603.5,17.079999923706055,81.6500015258789,1362.1600341796875,1.659000039100647
2012-07-02,1597.199951171875,16.799999237060547,81.87000274658203,1365.510009765625,1.5800000429153442
2012-07-03,1621.300048828125,16.65999984741211,81.77999877929688,1374.02001953125,1.63100004196167
2012-07-05,1608.9000244140625,17.5,82.80999755859375,1367.5799560546875,1.597000002861023
2012-07-06,1578.4000244140625,17.100000381469727,83.29000091552734,1354.6800537109375,1.5440000295639038
2012-07-09,1588.5999755859375,17.979999542236328,83.16000366210938,1352.4599609375,1.5130000114440918
2012-07-10,1579.300048828125,18.719999313354492,83.36000061035156,1341.469970703125,1.4980000257492065
2012-07-11,1575.199951171875,17.950000762939453,83.56999969482422,1341.449951171875,1.4980000257492065
2012-07-12,1564.9000244140625,18.329999923706055,83.6500015258789,1334.760009765625,1.4789999723434448
2012-07-13,1591.5999755859375,16.739999771118164,83.30000305175781,1356.780029296875,1.4989999532699585
2012-07-16,1591.199951171875,17.110000610351562,83.08999633789062,1353.6400146484375,1.4639999866485596
2012-07-17,1589.0999755859375,16.479999542236328,83.02999877929688,1363.6700439453125,1.5010000467300415
2012-07-18,1570.4000244140625,16.15999984741211,82.94999694824219,1372.780029296875,1.4789999723434448
2012-07-19,1580.0999755859375,15.449999809265137,82.9000015258789,1376.510009765625,1.5149999856948853
2012-07-20,1582.5,16.270000457763672,83.47000122070312,1362.6600341796875,1.4600000381469727
2012-07-23,1577.0999755859375,18.6200008392334,83.70999908447266,1350.52001953125,1.434999942779541
2012-07-24,1576.0,20.469999313354492,84.01000213623047,1338.31005859375,1.4040000438690186
2012-07-25,1608.0,19.34000015258789,83.5199966430664,1337.8900146484375,1.406000018119812
2012-07-26,1615.0,17.530000686645508,82.80999755859375,1360.02001953125,1.4279999732971191
2012-07-27,1617.9000244140625,16.700000762939453,82.70999908447266,1385.969970703125,1.5549999475479126
2012-07-30,1619.699951171875,18.030000686645508,82.79000091552734,1385.300048828125,1.503999948501587
2012-07-31,1610.5,18.93000030517578,82.63999938964844,1379.3199462890625,1.4919999837875366
2012-08-01,1603.699951171875,18.959999084472656,83.05999755859375,1375.3199462890625,1.5390000343322754
2012-08-02,1587.4000244140625,17.56999969482422,83.33000183105469,1365.0,1.4780000448226929
2012-08-03,1606.0,15.640000343322754,82.37999725341797,1390.989990234375,1.5770000219345093
2012-08-06,1612.9000244140625,15.949999809265137,82.2699966430664,1394.22998046875,1.5579999685287476
2012-08-07,1609.699951171875,15.989999771118164,82.20999908447266,1401.3499755859375,1.628000020980835
2012-08-08,1612.9000244140625,15.319999694824219,82.38999938964844,1402.219970703125,1.6399999856948853
2012-08-09,1617.0999755859375,15.279999732971191,82.63999938964844,1402.800048828125,1.687999963760376
2012-08-10,1619.699951171875,14.739999771118164,82.55000305175781,1405.8699951171875,1.6490000486373901
2012-08-13,1609.5999755859375,13.699999809265137,82.44000244140625,1404.1099853515625,1.6540000438690186
2012-08-14,1599.4000244140625,14.850000381469727,82.4800033569336,1403.9300537109375,1.7259999513626099
2012-08-15,1603.699951171875,14.630000114440918,82.6500015258789,1405.530029296875,1.8049999475479126
2012-08-16,1616.0999755859375,14.289999961853027,82.36000061035156,1415.510009765625,1.8359999656677246
2012-08-17,1616.300048828125,13.449999809265137,82.5999984741211,1418.1600341796875,1.815999984741211
2012-08-20,1620.0999755859375,14.020000457763672,82.45999908447266,1418.1300048828125,1.8140000104904175
2012-08-21,1639.9000244140625,15.020000457763672,81.91000366210938,1413.1700439453125,1.8049999475479126
2012-08-22,1637.4000244140625,15.109999656677246,81.48999786376953,1413.489990234375,1.718999981880188
2012-08-23,1669.5999755859375,15.960000038146973,81.36000061035156,1402.0799560546875,1.6660000085830688
2012-08-24,1669.800048828125,15.180000305175781,81.58999633789062,1411.1300048828125,1.6779999732971191
2012-08-27,1672.4000244140625,16.350000381469727,81.66000366210938,1410.43994140625,1.6490000486373901
2012-08-28,1666.5,16.489999771118164,81.37000274658203,1409.300048828125,1.6299999952316284
2012-08-29,1659.800048828125,17.059999465942383,81.55000305175781,1410.489990234375,1.6540000438690186
2012-08-30,1653.5,17.829999923706055,81.68000030517578,1399.47998046875,1.6200000047683716
2012-08-31,1684.5999755859375,17.469999313354492,81.25,1406.5799560546875,1.562000036239624
2012-09-04,1692.9000244140625,17.979999542236328,81.31999969482422,1404.93994140625,1.5809999704360962
2012-09-05,1690.800048828125,17.739999771118164,81.23999786376953,1403.43994140625,1.593999981880188
2012-09-06,1702.5999755859375,15.600000381469727,81.08000183105469,1432.1199951171875,1.6729999780654907
2012-09-07,1737.5,14.380000114440918,80.25,1437.9200439453125,1.6610000133514404
2012-09-10,1728.699951171875,16.280000686645508,80.36000061035156,1429.0799560546875,1.6829999685287476
2012-09-11,1731.800048828125,16.40999984741211,79.86000061035156,1433.56005859375,1.6950000524520874
2012-09-12,1730.5999755859375,15.800000190734863,79.73999786376953,1436.56005859375,1.7649999856948853
2012-09-13,1769.0999755859375,14.050000190734863,79.26000213623047,1459.989990234375,1.75600004196167
2012-09-14,1769.800048828125,14.510000228881836,78.8499984741211,1465.77001953125,1.8700000047683716
2012-09-17,1767.699951171875,14.59000015258789,79.01000213623047,1461.18994140625,1.8380000591278076
2012-09-18,1768.4000244140625,14.180000305175781,79.25,1459.3199462890625,1.812000036239624
2012-09-19,1769.0,13.880000114440918,79.05999755859375,1461.050048828125,1.781999945640564
2012-09-20,1767.699951171875,14.069999694824219,79.41000366210938,1460.260009765625,1.7769999504089355
2012-09-21,1775.5,13.979999542236328,79.33000183105469,1460.1500244140625,1.7599999904632568
2012-09-24,1762.0999755859375,14.149999618530273,79.5199966430664,1456.8900146484375,1.718000054359436
2012-09-25,1763.800048828125,15.430000305175781,79.55000305175781,1441.5899658203125,1.6820000410079956
2012-09-26,1750.5999755859375,16.809999465942383,79.88999938964844,1433.3199462890625,1.6180000305175781
2012-09-27,1777.5999755859375,14.84000015258789,79.55000305175781,1447.1500244140625,1.6399999856948853
2012-09-28,1771.0999755859375,15.729999542236328,79.94000244140625,1440.6700439453125,1.6369999647140503
2012-10-01,1780.5,16.31999969482422,79.81999969482422,1444.489990234375,1.625
2012-10-02,1772.699951171875,15.710000038146973,79.73999786376953,1445.75,1.6150000095367432
2012-10-03,1777.300048828125,15.430000305175781,79.97000122070312,1450.989990234375,1.6230000257492065
2012-10-04,1794.0999755859375,14.550000190734863,79.3499984741211,1461.4000244140625,1.6649999618530273
2012-10-05,1778.5999755859375,14.329999923706055,79.33999633789062,1460.9300537109375,1.7319999933242798
2012-10-08,1773.5,15.109999656677246,79.54000091552734,1455.8800048828125,1.746000051498413
2012-10-09,1763.0,16.3700008392334,79.94999694824219,1441.47998046875,1.7200000286102295
2012-10-10,1763.199951171875,16.290000915527344,79.91999816894531,1432.56005859375,1.690999984741211
2012-10-11,1768.800048828125,15.59000015258789,79.77999877929688,1432.8399658203125,1.6749999523162842
2012-10-12,1758.0,16.139999389648438,79.69000244140625,1428.5899658203125,1.6629999876022339
2012-10-15,1736.0,15.270000457763672,79.73999786376953,1440.1300048828125,1.6629999876022339
2012-10-16,1744.699951171875,15.220000267028809,79.37000274658203,1454.9200439453125,1.7200000286102295
2012-10-17,1751.5,15.069999694824219,79.0199966430664,1460.9100341796875,1.8109999895095825
2012-10-18,1743.300048828125,15.029999732971191,79.37000274658203,1457.3399658203125,1.8259999752044678
2012-10-19,1722.800048828125,17.059999465942383,79.63999938964844,1433.18994140625,1.7680000066757202
2012-10-22,1725.0999755859375,16.6200008392334,79.6500015258789,1433.8199462890625,1.7979999780654907
2012-10-23,1708.300048828125,18.829999923706055,79.9800033569336,1413.1099853515625,1.7640000581741333
2012-10-24,1700.5,18.329999923706055,79.97000122070312,1408.75,1.774999976158142
2012-10-25,1712.0,18.1200008392334,80.04000091552734,1412.969970703125,1.8279999494552612
2012-10-26,1710.9000244140625,17.809999465942383,80.06999969482422,1411.93994140625,1.75
2012-10-31,1717.5,18.600000381469727,79.91999816894531,1412.1600341796875,1.6859999895095825
2012-11-01,1714.0999755859375,16.690000534057617,80.05000305175781,1427.5899658203125,1.715000033378601
2012-11-02,1674.0999755859375,17.59000015258789,80.58999633789062,1414.199951171875,1.7259999513626099
2012-11-05,1682.199951171875,18.420000076293945,80.75,1417.260009765625,1.684000015258789
2012-11-06,1714.0999755859375,17.579999923706055,80.61000061035156,1428.3900146484375,1.7419999837875366
2012-11-07,1713.199951171875,19.079999923706055,80.76000213623047,1394.530029296875,1.6319999694824219
2012-11-08,1725.4000244140625,18.489999771118164,80.79000091552734,1377.510009765625,1.6319999694824219
2012-11-09,1730.300048828125,18.610000610351562,81.02999877929688,1379.8499755859375,1.6130000352859497
2012-11-12,1730.300048828125,16.68000030517578,81.04000091552734,1380.030029296875,1.6109999418258667
2012-11-13,1724.199951171875,16.649999618530273,81.08000183105469,1374.530029296875,1.5889999866485596
2012-11-14,1729.5,17.920000076293945,81.05999755859375,1355.489990234375,1.5889999866485596
2012-11-15,1713.300048828125,17.989999771118164,81.08000183105469,1353.3299560546875,1.5889999866485596
2012-11-16,1714.300048828125,16.40999984741211,81.26000213623047,1359.8800048828125,1.5740000009536743
2012-11-19,1734.0,15.239999771118164,80.87000274658203,1386.8900146484375,1.6109999418258667
2012-11-20,1723.199951171875,15.079999923706055,80.95999908447266,1387.81005859375,1.656000018119812
2012-11-21,1727.9000244140625,15.3100004196167,80.93000030517578,1391.030029296875,1.687000036239624
2012-11-23,1751.300048828125,15.140000343322754,80.19000244140625,1409.1500244140625,1.6929999589920044
2012-11-26,1749.5,15.5,80.25,1406.2900390625,1.6640000343322754
2012-11-27,1742.199951171875,15.920000076293945,80.4000015258789,1398.93994140625,1.6449999809265137
2012-11-28,1716.5,15.510000228881836,80.33999633789062,1409.9300537109375,1.6169999837875366
2012-11-29,1727.199951171875,15.0600004196167,80.19999694824219,1415.949951171875,1.6200000047683716
2012-11-30,1710.9000244140625,15.869999885559082,80.1500015258789,1416.1800537109375,1.6059999465942383
2012-12-03,1719.5999755859375,16.639999389648438,79.87999725341797,1409.4599609375,1.628000020980835
2012-12-04,1694.4000244140625,17.1200008392334,79.63999938964844,1407.050048828125,1.6080000400543213
2012-12-05,1692.4000244140625,16.459999084472656,79.7699966430664,1409.280029296875,1.590999960899353
2012-12-06,1700.300048828125,16.579999923706055,80.26000213623047,1413.93994140625,1.5809999704360962
2012-12-07,1704.0,15.899999618530273,80.41999816894531,1418.0699462890625,1.6269999742507935
2012-12-10,1713.0,16.049999237060547,80.33000183105469,1418.550048828125,1.6160000562667847
2012-12-11,1708.199951171875,15.569999694824219,80.05999755859375,1427.8399658203125,1.6490000486373901
2012-12-12,1716.5999755859375,15.949999809265137,79.88999938964844,1428.47998046875,1.6970000267028809
2012-12-13,1695.5999755859375,16.559999465942383,79.93000030517578,1419.449951171875,1.7280000448226929
2012-12-14,1695.800048828125,17.0,79.5999984741211,1413.5799560546875,1.7079999446868896
2012-12-17,1697.0,16.34000015258789,79.56999969482422,1430.3599853515625,1.7630000114440918
2012-12-18,1669.5,15.569999694824219,79.36000061035156,1446.7900390625,1.8270000219345093
2012-12-19,1666.5,17.360000610351562,79.25,1435.81005859375,1.7999999523162842
2012-12-20,1644.9000244140625,17.670000076293945,79.26000213623047,1443.68994140625,1.7999999523162842
2012-12-21,1659.0999755859375,17.84000015258789,79.62000274658203,1430.1500244140625,1.753999948501587
2012-12-24,1658.5999755859375,17.84000015258789,79.63999938964844,1426.6600341796875,1.7740000486373901
2012-12-26,1659.800048828125,19.479999542236328,79.62000274658203,1419.8299560546875,1.7580000162124634
2012-12-27,1662.5999755859375,19.469999313354492,79.62000274658203,1418.0999755859375,1.715000033378601
2012-12-28,1654.9000244140625,22.719999313354492,79.68000030517578,1402.4300537109375,1.7109999656677246
2012-12-31,1674.800048828125,18.020000457763672,79.7699966430664,1426.18994140625,1.75600004196167
2013-01-02,1687.9000244140625,14.680000305175781,79.8499984741211,1462.4200439453125,1.8389999866485596
2013-01-03,1673.699951171875,14.5600004196167,80.43000030517578,1459.3699951171875,1.8990000486373901
2013-01-04,1648.0999755859375,13.829999923706055,80.5,1466.469970703125,1.9149999618530273
2013-01-07,1645.5,13.789999961853027,80.26000213623047,1461.8900146484375,1.902999997138977
2013-01-08,1661.5,13.619999885559082,80.3499984741211,1457.1500244140625,1.871000051498413
2013-01-09,1654.800048828125,13.8100004196167,80.55999755859375,1461.02001953125,1.8519999980926514
2013-01-10,1677.300048828125,13.489999771118164,79.73999786376953,1472.1199951171875,1.8940000534057617
2013-01-11,1660.0,13.359999656677246,79.55999755859375,1472.050048828125,1.875
2013-01-14,1668.9000244140625,13.520000457763672,79.48999786376953,1470.6800537109375,1.8569999933242798
2013-01-15,1683.4000244140625,13.550000190734863,79.77999877929688,1472.3399658203125,1.8309999704360962
2013-01-16,1682.699951171875,13.420000076293945,79.80000305175781,1472.6300048828125,1.8240000009536743
2013-01-17,1690.4000244140625,13.569999694824219,79.6500015258789,1480.93994140625,1.875
2013-01-18,1686.5999755859375,12.460000038146973,80.05000305175781,1485.97998046875,1.843000054359436
2013-01-22,1692.800048828125,12.430000305175781,79.87000274658203,1492.56005859375,1.8350000381469727
2013-01-23,1686.300048828125,12.460000038146973,79.91999816894531,1494.81005859375,1.8329999446868896
2013-01-24,1669.5,12.6899995803833,79.94999694824219,1494.8199462890625,1.843999981880188
2013-01-25,1656.4000244140625,12.890000343322754,79.75,1502.9599609375,1.9470000267028809
2013-01-28,1652.4000244140625,13.569999694824219,79.77999877929688,1500.1800537109375,1.9739999771118164
2013-01-29,1660.699951171875,13.3100004196167,79.55999755859375,1507.8399658203125,1.9880000352859497
2013-01-30,1679.9000244140625,14.319999694824219,79.27999877929688,1501.9599609375,2.00600004196167
2013-01-31,1660.5999755859375,14.279999732971191,79.20999908447266,1498.1099853515625,1.9850000143051147
2013-02-01,1669.4000244140625,12.899999618530273,79.12999725341797,1513.1700439453125,2.009999990463257
2013-02-04,1675.300048828125,14.670000076293945,79.55000305175781,1495.7099609375,1.9730000495910645
2013-02-05,1672.4000244140625,13.720000267028809,79.48999786376953,1511.2900390625,2.0160000324249268
2013-02-06,1677.699951171875,13.40999984741211,79.72000122070312,1512.1199951171875,1.968000054359436
2013-02-07,1670.4000244140625,13.5,80.19000244140625,1509.3900146484375,1.9509999752044678
2013-02-08,1666.0,13.020000457763672,80.25,1517.9300537109375,1.9539999961853027
2013-02-11,1648.199951171875,12.9399995803833,80.30999755859375,1517.010009765625,1.9459999799728394
2013-02-12,1648.699951171875,12.640000343322754,80.11000061035156,1519.4300537109375,1.9819999933242798
2013-02-13,1644.199951171875,12.979999542236328,80.08999633789062,1520.3299560546875,2.0190000534057617
2013-02-14,1634.699951171875,12.65999984741211,80.45999908447266,1521.3800048828125,2.0
2013-02-15,1608.800048828125,12.460000038146973,80.58000183105469,1519.7900390625,2.006999969482422
2013-02-19,1603.5999755859375,12.3100004196167,80.47000122070312,1530.93994140625,2.0260000228881836
2013-02-20,1577.5999755859375,14.680000305175781,81.08999633789062,1511.949951171875,2.0209999084472656
2013-02-21,1578.199951171875,15.220000267028809,81.45999908447266,1502.4200439453125,1.9759999513626099
2013-02-22,1572.4000244140625,14.170000076293945,81.4800033569336,1515.5999755859375,1.9670000076293945
2013-02-25,1586.199951171875,18.989999771118164,81.66999816894531,1487.8499755859375,1.8949999809265137
2013-02-26,1615.199951171875,16.8700008392334,81.87000274658203,1496.93994140625,1.878999948501587
2013-02-27,1595.199951171875,14.729999542236328,81.5999984741211,1515.989990234375,1.902999997138977
2013-02-28,1577.699951171875,15.510000228881836,81.9800033569336,1514.6800537109375,1.8880000114440918
2013-03-01,1571.9000244140625,15.359999656677246,82.30999755859375,1518.199951171875,1.8530000448226929
2013-03-04,1572.0999755859375,14.010000228881836,82.22000122070312,1525.199951171875,1.8769999742507935
2013-03-05,1574.5999755859375,13.479999542236328,82.08999633789062,1539.7900390625,1.8940000534057617
2013-03-06,1574.5999755859375,13.529999732971191,82.45999908447266,1541.4599609375,1.937999963760376
2013-03-07,1574.800048828125,13.0600004196167,82.08000183105469,1544.260009765625,1.9910000562667847
2013-03-08,1576.5999755859375,12.59000015258789,82.69999694824219,1551.1800537109375,2.055999994277954
2013-03-11,1577.800048828125,11.5600004196167,82.56999969482422,1556.219970703125,2.055999994277954
2013-03-12,1591.5,12.270000457763672,82.58000183105469,1552.47998046875,2.0230000019073486
2013-03-13,1588.300048828125,11.829999923706055,82.88999938964844,1554.52001953125,2.0209999084472656
2013-03-14,1590.5999755859375,11.300000190734863,82.61000061035156,1563.22998046875,2.0329999923706055
2013-03-15,1592.5,11.300000190734863,82.26000213623047,1560.699951171875,1.996000051498413
2013-03-18,1604.5999755859375,13.359999656677246,82.69000244140625,1552.0999755859375,1.9559999704360962
2013-03-19,1611.300048828125,14.390000343322754,82.98999786376953,1548.3399658203125,1.9079999923706055
2013-03-20,1607.5,12.670000076293945,82.77999877929688,1558.7099609375,1.937000036239624
2013-03-21,1613.800048828125,13.989999771118164,82.80000305175781,1545.800048828125,1.9320000410079956
2013-03-22,1606.199951171875,13.569999694824219,82.52999877929688,1556.8900146484375,1.9149999618530273
2013-03-25,1604.5999755859375,13.739999771118164,82.87000274658203,1551.68994140625,1.9149999618530273
2013-03-26,1595.800048828125,12.770000457763672,82.87999725341797,1563.77001953125,1.906000018119812
2013-03-27,1606.199951171875,13.149999618530273,83.20999908447266,1562.8499755859375,1.8509999513626099
2013-03-28,1594.800048828125,12.699999809265137,82.98999786376953,1569.18994140625,1.8519999980926514
2013-04-01,1600.0,13.579999923706055,82.7300033569336,1562.1700439453125,1.840000033378601
2013-04-02,1575.0999755859375,12.779999732971191,82.94000244140625,1570.25,1.8609999418258667
2013-04-03,1552.800048828125,14.210000038146973,82.72000122070312,1553.68994140625,1.812000036239624
2013-04-04,1551.800048828125,13.890000343322754,82.68000030517578,1559.97998046875,1.7589999437332153
2013-04-05,1575.4000244140625,13.920000076293945,82.5,1553.280029296875,1.694000005722046
2013-04-08,1572.0,13.1899995803833,82.75,1563.0699462890625,1.7319999933242798
2013-04-09,1586.199951171875,12.84000015258789,82.30999755859375,1568.6099853515625,1.746999979019165
2013-04-10,1558.300048828125,12.359999656677246,82.52999877929688,1587.72998046875,1.8049999475479126
2013-04-11,1564.300048828125,12.239999771118164,82.25,1593.3699951171875,1.7910000085830688
2013-04-12,1501.0,12.0600004196167,82.30999755859375,1588.8499755859375,1.7209999561309814
2013-04-15,1360.5999755859375,17.270000457763672,82.41999816894531,1552.3599853515625,1.7020000219345093
2013-04-16,1386.800048828125,13.960000038146973,81.75,1574.5699462890625,1.718999981880188
2013-04-17,1382.199951171875,16.510000228881836,82.66000366210938,1552.010009765625,1.7039999961853027
2013-04-18,1392.0,17.559999465942383,82.55000305175781,1541.6099853515625,1.684999942779541
2013-04-19,1395.300048828125,14.970000267028809,82.70999908447266,1555.25,1.7029999494552612
2013-04-22,1421.0,14.390000343322754,82.68000030517578,1562.5,1.6979999542236328
2013-04-23,1408.5999755859375,13.479999542236328,83.02999877929688,1578.780029296875,1.6979999542236328
2013-04-24,1423.4000244140625,13.609999656677246,82.93000030517578,1578.7900390625,1.6979999542236328
2013-04-25,1461.800048828125,13.619999885559082,82.73999786376953,1585.1600341796875,1.7109999656677246
2013-04-26,1453.5999755859375,13.609999656677246,82.4800033569336,1582.239990234375,1.6629999876022339
2013-04-29,1467.4000244140625,13.710000038146973,82.1500015258789,1593.6099853515625,1.6679999828338623
2013-04-30,1472.199951171875,13.520000457763672,81.7300033569336,1597.5699462890625,1.6749999523162842
2013-05-01,1446.300048828125,14.489999771118164,81.63999938964844,1582.699951171875,1.6390000581741333
2013-05-02,1467.699951171875,13.59000015258789,82.20999908447266,1597.5899658203125,1.63100004196167
2013-05-03,1464.300048828125,12.850000381469727,82.0999984741211,1614.4200439453125,1.7519999742507935
2013-05-06,1468.0999755859375,12.65999984741211,82.31999969482422,1617.5,1.7710000276565552
2013-05-07,1449.0,12.829999923706055,82.30000305175781,1625.9599609375,1.7829999923706055
2013-05-08,1473.9000244140625,12.65999984741211,81.9000015258789,1632.68994140625,1.7599999904632568
2013-05-09,1468.800048828125,13.130000114440918,82.79000091552734,1626.6700439453125,1.812999963760376
2013-05-10,1436.800048828125,12.59000015258789,83.13999938964844,1633.699951171875,1.899999976158142
2013-05-13,1434.5,12.550000190734863,83.26000213623047,1633.77001953125,1.9229999780654907
2013-05-14,1424.699951171875,12.770000457763672,83.56999969482422,1650.3399658203125,1.9520000219345093
2013-05-15,1396.5,12.8100004196167,83.83000183105469,1658.780029296875,1.9429999589920044
2013-05-16,1387.0999755859375,13.069999694824219,83.7699966430664,1650.469970703125,1.8650000095367432
2013-05-17,1364.9000244140625,12.449999809265137,84.27999877929688,1667.469970703125,1.9490000009536743
2013-05-20,1384.300048828125,13.020000457763672,83.80999755859375,1666.2900390625,1.965000033378601
2013-05-21,1377.800048828125,13.369999885559082,83.86000061035156,1669.1600341796875,1.944000005722046
2013-05-22,1367.5999755859375,13.819999694824219,84.25,1655.3499755859375,2.0260000228881836
2013-05-23,1392.0,14.069999694824219,83.80000305175781,1650.510009765625,2.0230000019073486
2013-05-24,1386.800048828125,13.989999771118164,83.69999694824219,1649.5999755859375,2.010999917984009
2013-05-28,1379.0999755859375,14.479999542236328,84.13999938964844,1660.06005859375,2.134999990463257
2013-05-29,1391.300048828125,14.829999923706055,83.63999938964844,1648.3599853515625,2.124000072479248
2013-05-30,1411.5,14.529999732971191,83.01000213623047,1654.4100341796875,2.124000072479248
2013-05-31,1392.5999755859375,16.299999237060547,83.37999725341797,1630.739990234375,2.1640000343322754
2013-06-03,1411.699951171875,16.280000686645508,82.68000030517578,1640.4200439453125,2.134000062942505
2013-06-04,1397.0999755859375,16.270000457763672,82.7699966430664,1631.3800048828125,2.13700008392334
2013-06-05,1398.4000244140625,17.5,82.56999969482422,1608.9000244140625,2.0999999046325684
2013-06-06,1415.699951171875,16.6299991607666,81.5199966430664,1622.56005859375,2.075000047683716
2013-06-07,1383.0,15.140000343322754,81.69000244140625,1643.3800048828125,2.1610000133514404
2013-06-10,1386.199951171875,15.4399995803833,81.6500015258789,1642.81005859375,2.2149999141693115
2013-06-11,1377.0,17.06999969482422,81.05999755859375,1626.1300048828125,2.194999933242798
2013-06-12,1391.800048828125,18.59000015258789,80.95999908447266,1612.52001953125,2.2300000190734863
2013-06-13,1377.5999755859375,16.40999984741211,80.62000274658203,1636.3599853515625,2.1740000247955322
2013-06-14,1387.300048828125,17.149999618530273,80.66999816894531,1626.72998046875,2.125999927520752
2013-06-17,1382.800048828125,16.799999237060547,80.56999969482422,1639.0400390625,2.1710000038146973
2013-06-18,1366.5999755859375,16.610000610351562,80.62000274658203,1651.81005859375,2.181999921798706
2013-06-19,1373.5999755859375,16.639999389648438,81.43000030517578,1628.9300537109375,2.311000108718872
2013-06-20,1285.9000244140625,20.489999771118164,81.83999633789062,1588.18994140625,2.4189999103546143
2013-06-21,1291.5999755859375,18.899999618530273,82.31999969482422,1592.4300537109375,2.5139999389648438
2013-06-24,1276.800048828125,20.110000610351562,82.43000030517578,1573.0899658203125,2.5480000972747803
2013-06-25,1274.800048828125,18.469999313354492,82.58000183105469,1588.030029296875,2.5889999866485596
2013-06-26,1229.5999755859375,17.209999084472656,82.94999694824219,1603.260009765625,2.5390000343322754
2013-06-27,1211.4000244140625,16.860000610351562,82.91000366210938,1613.199951171875,2.4830000400543213
2013-06-28,1223.800048828125,16.860000610351562,83.16999816894531,1606.280029296875,2.4779999256134033
2013-07-01,1255.9000244140625,16.3700008392334,82.9800033569336,1614.9599609375,2.490000009536743
2013-07-02,1243.5999755859375,16.440000534057617,83.54000091552734,1614.0799560546875,2.4690001010894775
2013-07-03,1252.0999755859375,16.200000762939453,83.2300033569336,1615.4100341796875,2.500999927520752
2013-07-05,1212.9000244140625,14.890000343322754,84.41999816894531,1631.8900146484375,2.7149999141693115
2013-07-08,1234.9000244140625,14.779999732971191,84.19999694824219,1640.4599609375,2.6449999809265137
2013-07-09,1245.9000244140625,14.350000381469727,84.58000183105469,1652.3199462890625,2.630000114440918
2013-07-10,1247.4000244140625,14.210000038146973,84.04000091552734,1652.6199951171875,2.680000066757202
2013-07-11,1280.0999755859375,14.010000228881836,82.75,1675.02001953125,2.5739998817443848
2013-07-12,1277.800048828125,13.84000015258789,82.98999786376953,1680.18994140625,2.6010000705718994
2013-07-15,1283.800048828125,13.789999961853027,83.04000091552734,1682.5,2.555999994277954
2013-07-16,1290.800048828125,14.420000076293945,82.43000030517578,1676.260009765625,2.5320000648498535
2013-07-17,1277.9000244140625,13.779999732971191,82.70999908447266,1680.9100341796875,2.490999937057495
2013-07-18,1284.5999755859375,13.770000457763672,82.81999969482422,1689.3699951171875,2.5339999198913574
2013-07-19,1293.300048828125,12.539999961853027,82.58000183105469,1692.0899658203125,2.490999937057495
2013-07-22,1336.4000244140625,12.289999961853027,82.22000122070312,1695.530029296875,2.48799991607666
2013-07-23,1335.0999755859375,12.65999984741211,82.01000213623047,1692.3900146484375,2.5160000324249268
2013-07-24,1319.699951171875,13.180000305175781,82.30000305175781,1685.93994140625,2.5880000591278076
2013-07-25,1329.0,12.970000267028809,81.97000122070312,1690.25,2.6070001125335693
2013-07-26,1321.699951171875,12.720000267028809,81.62000274658203,1691.6500244140625,2.561000108718872
2013-07-29,1328.4000244140625,13.390000343322754,81.66000366210938,1685.3299560546875,2.5850000381469727
2013-07-30,1324.0,13.390000343322754,81.83000183105469,1685.9599609375,2.6029999256134033
2013-07-31,1312.4000244140625,13.449999809265137,81.44999694824219,1685.72998046875,2.5929999351501465
2013-08-01,1311.0,12.9399995803833,82.33999633789062,1706.8699951171875,2.7230000495910645
2013-08-02,1310.5999755859375,11.979999542236328,81.91000366210938,1709.6700439453125,2.6019999980926514
2013-08-05,1302.5999755859375,11.84000015258789,81.87999725341797,1707.1400146484375,2.640000104904175
2013-08-06,1283.199951171875,12.720000267028809,81.5999984741211,1697.3699951171875,2.6419999599456787
2013-08-07,1286.0999755859375,12.979999542236328,81.29000091552734,1690.9100341796875,2.5999999046325684
2013-08-08,1310.699951171875,12.729999542236328,81.01000213623047,1697.47998046875,2.5869998931884766
2013-08-09,1312.9000244140625,13.40999984741211,81.12999725341797,1691.4200439453125,2.5799999237060547
2013-08-12,1334.699951171875,12.8100004196167,81.33000183105469,1689.469970703125,2.6050000190734863
2013-08-13,1321.199951171875,12.3100004196167,81.7300033569336,1694.1600341796875,2.7149999141693115
2013-08-14,1334.0,13.039999961853027,81.69999694824219,1685.3900146484375,2.7119998931884766
2013-08-15,1361.5999755859375,14.729999542236328,81.12999725341797,1661.3199462890625,2.755000114440918
2013-08-16,1371.699951171875,14.369999885559082,81.26000213623047,1655.8299560546875,2.8289999961853027
2013-08-19,1366.199951171875,15.100000381469727,81.2300033569336,1646.06005859375,2.884000062942505
2013-08-20,1373.0999755859375,14.90999984741211,80.91000366210938,1652.3499755859375,2.813999891281128
2013-08-21,1370.5999755859375,15.9399995803833,81.31999969482422,1642.800048828125,2.8550000190734863
2013-08-22,1371.199951171875,14.760000228881836,81.48999786376953,1656.9599609375,2.9010000228881836
2013-08-23,1395.699951171875,13.979999542236328,81.33999633789062,1663.5,2.818000078201294
2013-08-26,1393.0,14.989999771118164,81.37000274658203,1656.780029296875,2.805000066757202
2013-08-27,1420.5999755859375,16.770000457763672,81.16999816894531,1630.47998046875,2.7209999561309814
2013-08-28,1419.0,16.489999771118164,81.41999816894531,1634.9599609375,2.7820000648498535
2013-08-29,1412.9000244140625,16.809999465942383,81.94999694824219,1638.1700439453125,2.750999927520752
2013-08-30,1396.0999755859375,17.010000228881836,82.08999633789062,1632.969970703125,2.749000072479248
2013-09-03,1412.0,16.610000610351562,82.36000061035156,1639.77001953125,2.8480000495910645
2013-09-04,1389.9000244140625,15.880000114440918,82.16999816894531,1653.0799560546875,2.8970000743865967
2013-09-05,1373.0999755859375,15.770000457763672,82.62999725341797,1655.0799560546875,2.9790000915527344
2013-09-06,1386.699951171875,15.850000381469727,82.1500015258789,1655.1700439453125,2.937999963760376
2013-09-09,1386.800048828125,15.630000114440918,81.79000091552734,1671.7099609375,2.8970000743865967
2013-09-10,1364.0999755859375,14.529999732971191,81.81999969482422,1683.989990234375,2.9590001106262207
2013-09-11,1363.9000244140625,13.819999694824219,81.5199966430664,1689.1300048828125,2.9200000762939453
2013-09-12,1330.4000244140625,14.289999961853027,81.48999786376953,1683.4200439453125,2.9070000648498535
2013-09-13,1308.4000244140625,14.15999984741211,81.44999694824219,1687.989990234375,2.8980000019073486
2013-09-16,1317.9000244140625,14.380000114440918,81.25,1697.5999755859375,2.874000072479248
2013-09-17,1309.5,14.529999732971191,81.16999816894531,1704.760009765625,2.8529999256134033
2013-09-18,1307.800048828125,13.59000015258789,80.23999786376953,1725.52001953125,2.7079999446868896
2013-09-19,1369.4000244140625,13.15999984741211,80.36000061035156,1722.3399658203125,2.747999906539917
2013-09-20,1332.5,13.119999885559082,80.44000244140625,1709.9100341796875,2.7320001125335693
2013-09-23,1326.9000244140625,14.3100004196167,80.44999694824219,1701.8399658203125,2.7139999866485596
2013-09-24,1316.0,14.079999923706055,80.55999755859375,1697.4200439453125,2.6530001163482666
2013-09-25,1335.9000244140625,14.010000228881836,80.33000183105469,1692.77001953125,2.614000082015991
2013-09-26,1323.5999755859375,14.0600004196167,80.5199966430664,1698.6700439453125,2.6429998874664307
2013-09-27,1338.4000244140625,15.460000038146973,80.2699966430664,1691.75,2.61899995803833
2013-09-30,1326.5,16.600000381469727,80.22000122070312,1681.550048828125,2.615000009536743
2013-10-01,1286.0,15.539999961853027,80.0999984741211,1695.0,2.6459999084472656
2013-10-02,1320.5999755859375,16.600000381469727,79.87999725341797,1693.8699951171875,2.625999927520752
2013-10-03,1317.4000244140625,17.670000076293945,79.7699966430664,1678.6600341796875,2.6059999465942383
2013-10-04,1309.699951171875,16.739999771118164,80.12000274658203,1690.5,2.6519999504089355
2013-10-07,1324.800048828125,19.40999984741211,79.94000244140625,1676.1199951171875,2.634000062942505
2013-10-08,1324.199951171875,20.34000015258789,80.05999755859375,1655.449951171875,2.635999917984009
2013-10-09,1306.9000244140625,19.600000381469727,80.37000274658203,1656.4000244140625,2.6500000953674316
2013-10-10,1296.5999755859375,16.479999542236328,80.41999816894531,1692.56005859375,2.684999942779541
2013-10-11,1268.0,15.720000267028809,80.36000061035156,1703.199951171875,2.681999921798706
2013-10-14,1276.4000244140625,16.06999969482422,80.26000213623047,1710.1400146484375,2.690999984741211
2013-10-15,1273.0,18.65999984741211,80.4800033569336,1698.06005859375,2.7200000286102295
2013-10-16,1282.0,14.710000038146973,80.5,1721.5400390625,2.6710000038146973
2013-10-17,1322.699951171875,13.479999542236328,79.6500015258789,1733.1500244140625,2.5869998931884766
2013-10-18,1314.4000244140625,13.039999961853027,79.63999938964844,1744.5,2.5889999866485596
2013-10-21,1315.699951171875,13.15999984741211,79.68000030517578,1744.6600341796875,2.6089999675750732
2013-10-22,1342.5,13.329999923706055,79.23999786376953,1754.6700439453125,2.51200008392334
2013-10-23,1333.9000244140625,13.420000076293945,79.26000213623047,1746.3800048828125,2.484999895095825
2013-10-24,1350.199951171875,13.199999809265137,79.19000244140625,1752.0699462890625,2.5220000743865967
2013-10-25,1352.4000244140625,13.09000015258789,79.18000030517578,1759.77001953125,2.503000020980835
2013-10-28,1352.0,13.3100004196167,79.25,1762.1099853515625,2.51200008392334
2013-10-29,1345.199951171875,13.40999984741211,79.62999725341797,1771.949951171875,2.506999969482422
2013-10-30,1349.0,13.649999618530273,79.75,1763.31005859375,2.5269999504089355
2013-10-31,1323.5999755859375,13.75,80.19999694824219,1756.5400390625,2.5420000553131104
2013-11-01,1313.0999755859375,13.279999732971191,80.7300033569336,1761.6400146484375,2.619999885559082
2013-11-04,1314.5999755859375,12.930000305175781,80.55000305175781,1767.9300537109375,2.6019999980926514
2013-11-05,1308.0,13.270000457763672,80.70999908447266,1762.969970703125,2.6619999408721924
2013-11-06,1317.699951171875,12.670000076293945,80.4800033569336,1770.489990234375,2.640000104904175
2013-11-07,1308.4000244140625,13.90999984741211,80.81999969482422,1747.1500244140625,2.61299991607666
2013-11-08,1284.5,12.899999618530273,81.20999908447266,1770.6099853515625,2.746000051498413
2013-11-11,1281.0,12.529999732971191,81.08999633789062,1771.8900146484375,2.750999927520752
2013-11-12,1271.0999755859375,12.819999694824219,81.19000244140625,1767.68994140625,2.7679998874664307
2013-11-13,1268.300048828125,12.520000457763672,80.93000030517578,1782.0,2.7249999046325684
2013-11-14,1286.199951171875,12.369999885559082,80.9800033569336,1790.6199951171875,2.7019999027252197
2013-11-15,1287.300048828125,12.1899995803833,80.83999633789062,1798.1800537109375,2.7090001106262207
2013-11-18,1272.199951171875,13.100000381469727,80.83000183105469,1791.530029296875,2.677999973297119
2013-11-19,1273.4000244140625,13.390000343322754,80.69999694824219,1787.8699951171875,2.7119998931884766
2013-11-20,1257.9000244140625,13.399999618530273,81.11000061035156,1781.3699951171875,2.7920000553131104
2013-11-21,1243.5,12.65999984741211,81.05000305175781,1795.8499755859375,2.7839999198913574
2013-11-22,1244.0,12.260000228881836,80.70999908447266,1804.760009765625,2.752000093460083
2013-11-25,1241.0999755859375,12.789999961853027,80.91999816894531,1802.47998046875,2.740999937057495
2013-11-26,1241.4000244140625,12.8100004196167,80.61000061035156,1802.75,2.696000099182129
2013-11-27,1237.800048828125,12.979999542236328,80.73999786376953,1807.22998046875,2.7360000610351562
2013-11-29,1250.5999755859375,13.699999809265137,80.68000030517578,1805.81005859375,2.740999937057495
2013-12-02,1222.300048828125,14.229999542236328,80.91000366210938,1800.9000244140625,2.8010001182556152
2013-12-03,1221.699951171875,14.550000190734863,80.62000274658203,1795.1500244140625,2.7750000953674316
2013-12-04,1248.199951171875,14.699999809265137,80.62999725341797,1792.81005859375,2.8410000801086426
2013-12-05,1233.199951171875,15.079999923706055,80.2699966430664,1785.030029296875,2.861999988555908
2013-12-06,1230.300048828125,13.789999961853027,80.2699966430664,1805.0899658203125,2.882999897003174
2013-12-09,1235.300048828125,13.489999771118164,80.12999725341797,1808.3699951171875,2.8570001125335693
2013-12-10,1262.4000244140625,13.90999984741211,79.97000122070312,1802.6199951171875,2.796999931335449
2013-12-11,1258.5,15.420000076293945,79.88999938964844,1782.219970703125,2.8440001010894775
2013-12-12,1226.0,15.539999961853027,80.19999694824219,1775.5,2.877000093460083
2013-12-13,1235.699951171875,15.760000228881836,80.20999908447266,1775.3199462890625,2.868000030517578
2013-12-16,1245.5,16.030000686645508,80.06999969482422,1786.5400390625,2.877000093460083
2013-12-17,1231.199951171875,16.209999084472656,80.05999755859375,1781.0,2.8429999351501465
2013-12-18,1236.0999755859375,13.800000190734863,80.11000061035156,1810.6500244140625,2.884999990463257
2013-12-19,1195.0,14.149999618530273,80.62999725341797,1809.5999755859375,2.924999952316284
2013-12-20,1205.0999755859375,13.789999961853027,80.58000183105469,1818.3199462890625,2.88700008392334
2013-12-23,1198.4000244140625,13.039999961853027,80.44999694824219,1827.989990234375,2.928999900817871
2013-12-24,1205.0999755859375,12.479999542236328,80.52999877929688,1833.3199462890625,2.9830000400543213
2013-12-26,1214.0999755859375,12.329999923706055,80.4800033569336,1842.02001953125,2.990000009536743
2013-12-27,1216.0999755859375,12.460000038146973,80.38999938964844,1841.4000244140625,3.00600004196167
2013-12-30,1203.0999755859375,13.5600004196167,80.0,1841.0699462890625,2.9760000705718994
2013-12-31,1201.9000244140625,13.720000267028809,80.04000091552734,1848.3599853515625,3.0260000228881836
2014-01-02,1225.0,14.229999542236328,80.62999725341797,1831.97998046875,2.984999895095825
2014-01-03,1238.4000244140625,13.760000228881836,80.79000091552734,1831.3699951171875,2.994999885559082
2014-01-06,1237.800048828125,13.550000190734863,80.6500015258789,1826.77001953125,2.9609999656677246
2014-01-07,1229.4000244140625,12.920000076293945,80.83000183105469,1837.8800048828125,2.937000036239624
2014-01-08,1225.300048828125,12.869999885559082,81.04000091552734,1837.489990234375,2.993000030517578
2014-01-09,1229.300048828125,12.890000343322754,81.01000213623047,1838.1300048828125,2.9630000591278076
2014-01-10,1246.699951171875,12.140000343322754,80.66000366210938,1842.3699951171875,2.859999895095825
2014-01-13,1250.9000244140625,13.279999732971191,80.51000213623047,1819.199951171875,2.8269999027252197
2014-01-14,1245.199951171875,12.279999732971191,80.61000061035156,1838.8800048828125,2.86899995803833
2014-01-15,1238.0999755859375,12.279999732971191,81.0,1848.3800048828125,2.884000062942505
2014-01-16,1240.0,12.529999732971191,80.9000015258789,1845.8900146484375,2.8429999351501465
2014-01-17,1251.699951171875,12.4399995803833,81.26000213623047,1838.699951171875,2.8269999027252197
2014-01-21,1242.300048828125,12.869999885559082,81.0999984741211,1843.800048828125,2.825000047683716
2014-01-22,1239.0,12.84000015258789,81.16999816894531,1844.8599853515625,2.859999895095825
2014-01-23,1262.5999755859375,13.770000457763672,80.44000244140625,1828.4599609375,2.7730000019073486
2014-01-24,1264.5,18.139999389648438,80.45999908447266,1790.2900390625,2.734999895095825
2014-01-27,1263.5999755859375,17.420000076293945,80.5,1781.56005859375,2.7660000324249268
2014-01-28,1251.0,15.800000190734863,80.56999969482422,1792.5,2.746000051498413
2014-01-29,1262.199951171875,17.350000381469727,80.51000213623047,1774.199951171875,2.674999952316284
2014-01-30,1242.199951171875,17.290000915527344,81.08999633789062,1794.18994140625,2.693000078201294
2014-01-31,1240.0999755859375,18.40999984741211,81.2699966430664,1782.5899658203125,2.6679999828338623
2014-02-03,1260.4000244140625,21.440000534057617,81.01000213623047,1741.8900146484375,2.5810000896453857
2014-02-04,1251.699951171875,19.110000610351562,81.12000274658203,1755.199951171875,2.624000072479248
2014-02-05,1257.300048828125,19.950000762939453,81.02999877929688,1751.6400146484375,2.6670000553131104
2014-02-06,1257.5999755859375,17.229999542236328,80.88999938964844,1773.4300537109375,2.7019999027252197
2014-02-07,1263.300048828125,15.289999961853027,80.69000244140625,1797.02001953125,2.674999952316284
2014-02-10,1274.800048828125,15.260000228881836,80.66999816894531,1799.8399658203125,2.677999973297119
2014-02-11,1290.0999755859375,14.510000228881836,80.62999725341797,1819.75,2.7190001010894775
2014-02-12,1295.300048828125,14.300000190734863,80.68000030517578,1819.260009765625,2.763000011444092
2014-02-13,1300.4000244140625,14.140000343322754,80.29000091552734,1829.8299560546875,2.7360000610351562
2014-02-14,1319.0,13.569999694824219,80.12999725341797,1838.6300048828125,2.746000051498413
2014-02-18,1324.699951171875,13.869999885559082,80.01000213623047,1840.760009765625,2.7109999656677246
2014-02-19,1320.5999755859375,15.5,80.16999816894531,1828.75,2.7339999675750732
2014-02-20,1317.0999755859375,14.789999961853027,80.29000091552734,1839.780029296875,2.753999948501587
2014-02-21,1323.9000244140625,14.680000305175781,80.23999786376953,1836.25,2.7339999675750732
2014-02-24,1338.300048828125,14.229999542236328,80.20999908447266,1847.6099853515625,2.75
2014-02-25,1343.0,13.670000076293945,80.1500015258789,1845.1199951171875,2.7009999752044678
2014-02-26,1328.199951171875,14.350000381469727,80.41000366210938,1845.1600341796875,2.6730000972747803
2014-02-27,1331.5999755859375,14.039999961853027,80.29000091552734,1854.2900390625,2.6419999599456787
2014-02-28,1321.4000244140625,14.0,79.77999877929688,1859.449951171875,2.6579999923706055
2014-03-03,1350.0999755859375,16.0,80.06999969482422,1845.72998046875,2.6070001125335693
2014-03-04,1337.800048828125,14.100000381469727,80.16000366210938,1873.9100341796875,2.690999984741211
2014-03-05,1340.199951171875,13.890000343322754,80.11000061035156,1873.81005859375,2.697999954223633
2014-03-06,1351.699951171875,14.210000038146973,79.68000030517578,1877.030029296875,2.736999988555908
2014-03-07,1338.0999755859375,14.109999656677246,79.72000122070312,1878.0400390625,2.7899999618530273
2014-03-10,1341.4000244140625,14.199999809265137,79.75,1877.1700439453125,2.7839999198913574
2014-03-11,1346.5,14.800000190734863,79.7699966430664,1867.6300048828125,2.7660000324249268
2014-03-12,1370.300048828125,14.470000267028809,79.61000061035156,1868.199951171875,2.7260000705718994
2014-03-13,1372.199951171875,16.219999313354492,79.62000274658203,1846.3399658203125,2.6530001163482666
2014-03-14,1379.0,17.81999969482422,79.44000244140625,1841.1300048828125,2.6449999809265137
2014-03-17,1372.9000244140625,15.640000343322754,79.38999938964844,1858.8299560546875,2.6989998817443848
2014-03-18,1359.0,14.520000457763672,79.41000366210938,1872.25,2.680999994277954
2014-03-19,1341.4000244140625,15.119999885559082,79.98999786376953,1860.77001953125,2.7720000743865967
2014-03-20,1330.5,14.520000457763672,80.20999908447266,1872.010009765625,2.7750000953674316
2014-03-21,1336.0,15.0,80.11000061035156,1866.52001953125,2.75
2014-03-24,1311.199951171875,15.09000015258789,79.93000030517578,1857.43994140625,2.7330000400543213
2014-03-25,1311.4000244140625,14.020000457763672,79.94000244140625,1865.6199951171875,2.734999895095825
2014-03-26,1303.4000244140625,14.930000305175781,79.9800033569336,1852.56005859375,2.7009999752044678
2014-03-27,1294.699951171875,14.619999885559082,80.11000061035156,1849.0400390625,2.671999931335449
2014-03-28,1293.800048828125,14.40999984741211,80.18000030517578,1857.6199951171875,2.7119998931884766
2014-03-31,1283.4000244140625,13.880000114440918,80.0999984741211,1872.3399658203125,2.7230000495910645
2014-04-01,1279.5999755859375,13.100000381469727,80.08000183105469,1885.52001953125,2.759000062942505
2014-04-02,1290.5,13.09000015258789,80.22000122070312,1890.9000244140625,2.802999973297119
2014-04-03,1284.4000244140625,13.369999885559082,80.47000122070312,1888.77001953125,2.7899999618530273
2014-04-04,1303.199951171875,13.960000038146973,80.41999816894531,1865.0899658203125,2.7260000705718994
2014-04-07,1298.0,15.569999694824219,80.22000122070312,1845.0400390625,2.694999933242798
2014-04-08,1308.699951171875,14.890000343322754,79.75,1851.9599609375,2.680999994277954
2014-04-09,1305.5,13.819999694824219,79.4800033569336,1872.1800537109375,2.684000015258789
2014-04-10,1320.0999755859375,15.890000343322754,79.37999725341797,1833.0799560546875,2.628000020980835
2014-04-11,1318.699951171875,17.030000686645508,79.44999694824219,1815.68994140625,2.61899995803833
2014-04-14,1327.199951171875,16.110000610351562,79.7300033569336,1830.6099853515625,2.6389999389648438
2014-04-15,1300.0,15.609999656677246,79.80000305175781,1842.97998046875,2.628000020980835
2014-04-16,1303.0999755859375,14.180000305175781,79.81999969482422,1862.31005859375,2.63700008392334
2014-04-17,1293.4000244140625,13.359999656677246,79.83000183105469,1864.8499755859375,2.7209999561309814
2014-04-21,1288.0,13.25,79.94999694824219,1871.8900146484375,2.7209999561309814
2014-04-22,1280.5999755859375,13.1899995803833,79.91000366210938,1879.550048828125,2.7260000705718994
2014-04-23,1284.199951171875,13.270000457763672,79.86000061035156,1875.3900146484375,2.686000108718872
2014-04-24,1290.5,13.319999694824219,79.80000305175781,1878.6099853515625,2.687999963760376
2014-04-25,1300.699951171875,14.0600004196167,79.7699966430664,1863.4000244140625,2.6659998893737793
2014-04-28,1298.9000244140625,13.970000267028809,79.68000030517578,1869.4300537109375,2.677000045776367
2014-04-29,1296.0,13.710000038146973,79.80999755859375,1878.3299560546875,2.694999933242798
2014-04-30,1295.5999755859375,13.40999984741211,79.48999786376953,1883.949951171875,2.6480000019073486
2014-05-01,1283.0999755859375,13.25,79.52999877929688,1883.6800537109375,2.6059999465942383
2014-05-02,1302.5999755859375,12.90999984741211,79.5199966430664,1881.1400146484375,2.5910000801086426
2014-05-05,1309.0,13.289999961853027,79.48999786376953,1884.6600341796875,2.6110000610351562
2014-05-06,1308.300048828125,13.800000190734863,79.13999938964844,1867.719970703125,2.5950000286102295
2014-05-07,1288.5999755859375,13.399999618530273,79.22000122070312,1878.2099609375,2.5899999141693115
2014-05-08,1287.4000244140625,13.430000305175781,79.43000030517578,1875.6300048828125,2.6019999980926514
2014-05-09,1287.300048828125,12.920000076293945,79.9000015258789,1878.47998046875,2.622999906539917
2014-05-12,1295.5999755859375,12.229999542236328,79.9000015258789,1896.6500244140625,2.6559998989105225
2014-05-13,1294.5999755859375,12.130000114440918,80.13999938964844,1897.449951171875,2.618000030517578
2014-05-14,1305.699951171875,12.170000076293945,80.06999969482422,1888.530029296875,2.5429999828338623
2014-05-15,1293.5,13.170000076293945,80.0,1870.8499755859375,2.502000093460083
2014-05-16,1293.300048828125,12.4399995803833,80.04000091552734,1877.8599853515625,2.5179998874664307
2014-05-19,1293.699951171875,12.420000076293945,79.98999786376953,1885.0799560546875,2.5360000133514404
2014-05-20,1294.5,12.960000038146973,80.04000091552734,1872.8299560546875,2.509000062942505
2014-05-21,1288.0,11.90999984741211,80.0999984741211,1888.030029296875,2.5369999408721924
2014-05-22,1294.9000244140625,12.029999732971191,80.25,1892.489990234375,2.555000066757202
2014-05-23,1291.5999755859375,11.359999656677246,80.38999938964844,1900.530029296875,2.5360000133514404
2014-05-27,1265.4000244140625,11.510000228881836,80.3499984741211,1911.9100341796875,2.5179998874664307
2014-05-28,1259.300048828125,11.680000305175781,80.56999969482422,1909.780029296875,2.437999963760376
2014-05-29,1256.300048828125,11.569999694824219,80.48999786376953,1920.030029296875,2.447000026702881
2014-05-30,1245.5999755859375,11.399999618530273,80.37000274658203,1923.5699462890625,2.4570000171661377
2014-06-02,1243.699951171875,11.579999923706055,80.63999938964844,1924.969970703125,2.5339999198913574
2014-06-03,1244.300048828125,11.869999885559082,80.55000305175781,1924.239990234375,2.5929999351501465
2014-06-04,1244.0,12.079999923706055,80.66999816894531,1927.8800048828125,2.6059999465942383
2014-06-05,1253.0,11.680000305175781,80.37000274658203,1940.4599609375,2.5840001106262207
2014-06-06,1252.0999755859375,10.729999542236328,80.41000366210938,1949.43994140625,2.5969998836517334
2014-06-09,1253.5,11.149999618530273,80.6500015258789,1951.27001953125,2.61299991607666
2014-06-10,1259.800048828125,10.989999771118164,80.81999969482422,1950.7900390625,2.634999990463257
2014-06-11,1260.800048828125,11.600000381469727,80.79000091552734,1943.8900146484375,2.640000104904175
2014-06-12,1273.5999755859375,12.5600004196167,80.58000183105469,1930.1099853515625,2.5859999656677246
2014-06-13,1273.699951171875,12.180000305175781,80.58000183105469,1936.1600341796875,2.6040000915527344
2014-06-16,1274.9000244140625,12.649999618530273,80.47000122070312,1937.780029296875,2.5969998836517334
2014-06-17,1271.699951171875,12.0600004196167,80.62999725341797,1941.989990234375,2.6549999713897705
2014-06-18,1272.4000244140625,10.609999656677246,80.58000183105469,1956.97998046875,2.61299991607666
2014-06-19,1313.699951171875,10.619999885559082,80.31999969482422,1959.47998046875,2.621999979019165
2014-06-20,1316.199951171875,10.850000381469727,80.37000274658203,1962.8699951171875,2.624000072479248
2014-06-23,1318.0,10.979999542236328,80.26000213623047,1962.6099853515625,2.622999906539917
2014-06-24,1320.9000244140625,12.130000114440918,80.33000183105469,1949.97998046875,2.5859999656677246
2014-06-25,1322.199951171875,11.59000015258789,80.22000122070312,1959.530029296875,2.559000015258789
2014-06-26,1316.0999755859375,11.630000114440918,80.2300033569336,1957.219970703125,2.5250000953674316
2014-06-27,1319.0,11.260000228881836,80.04000091552734,1960.9599609375,2.5320000648498535
2014-06-30,1321.800048828125,11.569999694824219,79.77999877929688,1960.22998046875,2.5160000324249268
2014-07-01,1326.4000244140625,11.149999618530273,79.81999969482422,1973.3199462890625,2.562999963760376
2014-07-02,1330.699951171875,10.819999694824219,79.95999908447266,1974.6199951171875,2.628000020980835
2014-07-03,1320.4000244140625,10.319999694824219,80.20999908447266,1985.43994140625,2.6480000019073486
2014-07-07,1316.5,11.329999923706055,80.22000122070312,1977.6500244140625,2.617000102996826
2014-07-08,1316.0,11.979999542236328,80.18000030517578,1963.7099609375,2.565000057220459
2014-07-09,1323.800048828125,11.649999618530273,79.98999786376953,1972.8299560546875,2.546999931335449
2014-07-10,1338.699951171875,12.59000015258789,80.12999725341797,1964.6800537109375,2.5320000648498535
2014-07-11,1337.0,12.079999923706055,80.19000244140625,1967.5699462890625,2.5199999809265137
2014-07-14,1306.300048828125,11.819999694824219,80.19000244140625,1977.0999755859375,2.5490000247955322
2014-07-15,1296.9000244140625,11.960000038146973,80.38999938964844,1973.280029296875,2.5490000247955322
2014-07-16,1299.5999755859375,11.0,80.55999755859375,1981.5699462890625,2.5380001068115234
2014-07-17,1316.699951171875,14.539999961853027,80.5199966430664,1958.1199951171875,2.4749999046325684
2014-07-18,1309.199951171875,12.0600004196167,80.5199966430664,1978.219970703125,2.4839999675750732
2014-07-21,1313.699951171875,12.8100004196167,80.55999755859375,1973.6300048828125,2.4739999771118164
2014-07-22,1306.0999755859375,12.239999771118164,80.77999877929688,1983.530029296875,2.4660000801086426
2014-07-23,1304.5,11.520000457763672,80.80999755859375,1987.010009765625,2.4639999866485596
2014-07-24,1290.5999755859375,11.84000015258789,80.87000274658203,1987.97998046875,2.509000062942505
2014-07-25,1303.0999755859375,12.6899995803833,81.02999877929688,1978.3399658203125,2.4690001010894775
2014-07-28,1303.300048828125,12.5600004196167,81.02999877929688,1978.9100341796875,2.490999937057495
2014-07-29,1298.300048828125,13.279999732971191,81.20999908447266,1969.949951171875,2.4619998931884766
2014-07-30,1294.9000244140625,13.329999923706055,81.41999816894531,1970.0699462890625,2.553999900817871
2014-07-31,1281.300048828125,16.950000762939453,81.45999908447266,1930.6700439453125,2.555999994277954
2014-08-01,1293.5999755859375,17.030000686645508,81.30000305175781,1925.1500244140625,2.505000114440918
2014-08-04,1287.699951171875,15.119999885559082,81.33000183105469,1938.989990234375,2.490999937057495
2014-08-05,1284.0,16.8700008392334,81.5199966430664,1920.2099609375,2.4830000400543213
2014-08-06,1306.699951171875,16.3700008392334,81.44000244140625,1920.239990234375,2.4739999771118164
2014-08-07,1310.800048828125,16.65999984741211,81.5199966430664,1909.5699462890625,2.4240000247955322
2014-08-08,1308.9000244140625,15.770000457763672,81.38999938964844,1931.5899658203125,2.4149999618530273
2014-08-11,1308.5,14.229999542236328,81.47000122070312,1936.9200439453125,2.4200000762939453
2014-08-12,1308.800048828125,14.130000114440918,81.5,1933.75,2.441999912261963
2014-08-13,1312.800048828125,12.899999618530273,81.5999984741211,1946.719970703125,2.4130001068115234
2014-08-14,1313.9000244140625,12.420000076293945,81.58999633789062,1955.1800537109375,2.4000000953674316
2014-08-15,1304.5,13.149999618530273,81.41999816894531,1955.06005859375,2.3450000286102295
2014-08-18,1297.699951171875,12.319999694824219,81.58000183105469,1971.739990234375,2.38700008392334
2014-08-19,1295.0999755859375,12.210000038146973,81.87999725341797,1981.5999755859375,2.4049999713897705
2014-08-20,1293.4000244140625,11.779999732971191,82.25,1986.510009765625,2.4260001182556152
2014-08-21,1273.699951171875,11.760000228881836,82.1500015258789,1992.3699951171875,2.4070000648498535
2014-08-22,1278.5999755859375,11.470000267028809,82.33999633789062,1988.4000244140625,2.4030001163482666
2014-08-25,1277.300048828125,11.699999809265137,82.55000305175781,1997.9200439453125,2.38700008392334
2014-08-26,1283.800048828125,11.630000114440918,82.6500015258789,2000.02001953125,2.3910000324249268
2014-08-27,1281.9000244140625,11.779999732971191,82.43000030517578,2000.1199951171875,2.3610000610351562
2014-08-28,1288.699951171875,12.050000190734863,82.4800033569336,1996.739990234375,2.3340001106262207
2014-08-29,1285.800048828125,12.09000015258789,82.75,2003.3699951171875,2.3429999351501465
2014-09-02,1263.699951171875,12.25,82.98999786376953,2002.280029296875,2.4189999103546143
2014-09-03,1268.9000244140625,12.359999656677246,82.87000274658203,2000.719970703125,2.4100000858306885
2014-09-04,1265.0999755859375,12.640000343322754,83.81999969482422,1997.6500244140625,2.447999954223633
2014-09-05,1265.800048828125,12.09000015258789,83.76000213623047,2007.7099609375,2.4609999656677246
2014-09-08,1252.699951171875,12.65999984741211,84.2300033569336,2001.5400390625,2.4690001010894775
2014-09-09,1246.800048828125,13.5,84.27999877929688,1988.43994140625,2.5
2014-09-10,1243.5,12.880000114440918,84.25,1995.68994140625,2.5339999198913574
2014-09-11,1237.4000244140625,12.800000190734863,84.30000305175781,1997.449951171875,2.5309998989105225
2014-09-12,1229.9000244140625,13.3100004196167,84.23999786376953,1985.5400390625,2.614000082015991
2014-09-15,1233.5999755859375,14.119999885559082,84.26000213623047,1984.1300048828125,2.5910000801086426
2014-09-16,1235.199951171875,12.729999542236328,84.06999969482422,1998.97998046875,2.5889999866485596
2014-09-17,1234.4000244140625,12.649999618530273,84.69999694824219,2001.5699462890625,2.5999999046325684
2014-09-18,1225.699951171875,12.029999732971191,84.31999969482422,2011.3599853515625,2.628999948501587
2014-09-19,1215.300048828125,12.109999656677246,84.80000305175781,2010.4000244140625,2.5869998931884766
2014-09-22,1216.800048828125,13.6899995803833,84.66999816894531,1994.2900390625,2.565999984741211
2014-09-23,1221.0,14.930000305175781,84.66000366210938,1982.77001953125,2.5350000858306885
2014-09-24,1218.5999755859375,13.270000457763672,85.05000305175781,1998.300048828125,2.569000005722046
2014-09-25,1221.199951171875,15.640000343322754,85.19999694824219,1965.989990234375,2.510999917984009
2014-09-26,1214.0999755859375,14.850000381469727,85.63999938964844,1982.8499755859375,2.5350000858306885
2014-09-29,1217.5,15.979999542236328,85.58999633789062,1977.800048828125,2.490999937057495
2014-09-30,1210.5,16.309999465942383,85.94000244140625,1972.2900390625,2.507999897003174
2014-10-01,1214.5999755859375,16.709999084472656,85.97000122070312,1946.1600341796875,2.4030001163482666
2014-10-02,1214.199951171875,16.15999984741211,85.5999984741211,1946.1700439453125,2.437999963760376
2014-10-03,1192.199951171875,14.550000190734863,86.69000244140625,1967.9000244140625,2.447000026702881
2014-10-06,1206.699951171875,15.460000038146973,85.70999908447266,1964.8199462890625,2.424999952316284
2014-10-07,1211.699951171875,17.200000762939453,85.66999816894531,1935.0999755859375,2.3499999046325684
2014-10-08,1205.300048828125,15.109999656677246,85.30000305175781,1968.8900146484375,2.3299999237060547
2014-10-09,1224.5999755859375,18.760000228881836,85.5199966430664,1928.2099609375,2.3269999027252197
2014-10-10,1221.0,21.239999771118164,85.91000366210938,1906.1300048828125,2.306999921798706
2014-10-13,1229.300048828125,24.639999389648438,85.43000030517578,1874.739990234375,2.2860000133514404
2014-10-14,1233.5999755859375,22.790000915527344,85.81999969482422,1877.699951171875,2.2060000896453857
2014-10-15,1244.0999755859375,25.270000457763672,85.1500015258789,1862.489990234375,2.0899999141693115
2014-10-16,1240.5,25.200000762939453,85.0,1862.760009765625,2.1530001163482666
2014-10-17,1238.300048828125,21.989999771118164,85.19000244140625,1886.760009765625,2.1989998817443848
2014-10-20,1244.0,18.56999969482422,84.94999694824219,1904.010009765625,2.180999994277954
2014-10-21,1251.0,16.079999923706055,85.30999755859375,1941.280029296875,2.2079999446868896
2014-10-22,1244.800048828125,17.8700008392334,85.73999786376953,1927.1099853515625,2.2290000915527344
2014-10-23,1228.5,16.530000686645508,85.83999633789062,1950.8199462890625,2.2750000953674316
2014-10-24,1231.199951171875,16.110000610351562,85.7300033569336,1964.5799560546875,2.2730000019073486
2014-10-27,1229.0999755859375,16.040000915527344,85.5,1961.6300048828125,2.256999969482422
2014-10-28,1229.199951171875,14.390000343322754,85.41000366210938,1985.050048828125,2.2839999198913574
2014-10-29,1224.300048828125,15.149999618530273,85.94999694824219,1982.300048828125,2.322999954223633
2014-10-30,1198.0999755859375,14.520000457763672,86.1500015258789,1994.6500244140625,2.305000066757202
2014-10-31,1171.0999755859375,14.029999732971191,86.87999725341797,2018.050048828125,2.3350000381469727
2014-11-03,1169.4000244140625,14.729999542236328,87.30999755859375,2017.81005859375,2.3480000495910645
2014-11-04,1167.4000244140625,14.890000343322754,86.9800033569336,2012.0999755859375,2.3420000076293945
2014-11-05,1145.4000244140625,14.170000076293945,87.44000244140625,2023.5699462890625,2.3499999046325684
2014-11-06,1142.300048828125,13.670000076293945,88.01000213623047,2031.2099609375,2.375
2014-11-07,1169.5999755859375,13.119999885559082,87.63999938964844,2031.9200439453125,2.312000036239624
2014-11-10,1159.5999755859375,12.670000076293945,87.80999755859375,2038.260009765625,2.3589999675750732
2014-11-11,1162.800048828125,12.920000076293945,87.52999877929688,2039.6800537109375,2.359999895095825
2014-11-12,1158.9000244140625,13.020000457763672,87.81999969482422,2038.25,2.3589999675750732
2014-11-13,1161.0999755859375,13.789999961853027,87.66999816894531,2039.3299560546875,2.3469998836517334
2014-11-14,1185.0,13.3100004196167,87.52999877929688,2039.8199462890625,2.319999933242798
2014-11-17,1183.0,13.989999771118164,87.93000030517578,2041.3199462890625,2.3399999141693115
2014-11-18,1196.699951171875,13.859999656677246,87.58000183105469,2051.800048828125,2.322000026702881
2014-11-19,1193.5999755859375,13.960000038146973,87.6500015258789,2048.719970703125,2.3510000705718994
2014-11-20,1190.699951171875,13.579999923706055,87.58999633789062,2052.75,2.3350000381469727
2014-11-21,1197.5,12.899999618530273,88.30999755859375,2063.5,2.315000057220459
2014-11-24,1195.5,12.619999885559082,88.1500015258789,2069.409912109375,2.309999942779541
2014-11-25,1197.0999755859375,12.25,87.91999816894531,2067.030029296875,2.259999990463257
2014-11-26,1196.5999755859375,12.069999694824219,87.61000061035156,2072.830078125,2.2339999675750732
2014-11-28,1175.199951171875,13.329999923706055,88.36000061035156,2067.56005859375,2.194000005722046
2014-12-01,1218.0,14.15999984741211,87.94999694824219,2053.43994140625,2.2179999351501465
2014-12-02,1199.199951171875,12.850000381469727,88.6500015258789,2066.550048828125,2.2850000858306885
2014-12-03,1208.5,12.5,88.95999908447266,2074.330078125,2.2869999408721924
2014-12-04,1207.5,12.380000114440918,88.69999694824219,2071.919921875,2.256999969482422
2014-12-05,1190.0999755859375,11.890000343322754,89.33000183105469,2075.3701171875,2.306999921798706
2014-12-08,1194.699951171875,14.210000038146973,89.04000091552734,2060.31005859375,2.256999969482422
2014-12-09,1231.5,15.350000381469727,88.69000244140625,2059.820068359375,2.2200000286102295
2014-12-10,1228.9000244140625,18.530000686645508,88.2699966430664,2026.1400146484375,2.1689999103546143
2014-12-11,1225.0999755859375,20.079999923706055,88.66000366210938,2035.3299560546875,2.177999973297119
2014-12-12,1222.0,21.079999923706055,88.36000061035156,2002.3299560546875,2.1029999256134033
2014-12-15,1207.199951171875,20.420000076293945,88.45999908447266,1989.6300048828125,2.115999937057495
2014-12-16,1193.9000244140625,23.56999969482422,88.12999725341797,1972.739990234375,2.071000099182129
2014-12-17,1194.300048828125,19.440000534057617,89.12999725341797,2012.8900146484375,2.1480000019073486
2014-12-18,1194.699951171875,16.809999465942383,89.23999786376953,2061.22998046875,2.2039999961853027
2014-12-19,1195.9000244140625,16.489999771118164,89.5999984741211,2070.64990234375,2.1760001182556152
2014-12-22,1179.699951171875,15.25,89.7699966430664,2078.5400390625,2.1619999408721924
2014-12-23,1177.9000244140625,14.800000190734863,90.05999755859375,2082.169921875,2.256999969482422
2014-12-24,1173.5,14.369999885559082,89.97000122070312,2081.8798828125,2.2639999389648438
2014-12-26,1195.300048828125,14.5,90.02999877929688,2088.77001953125,2.25
2014-12-29,1181.699951171875,15.0600004196167,90.19000244140625,2090.570068359375,2.2070000171661377
2014-12-30,1200.199951171875,15.920000076293945,89.98999786376953,2080.35009765625,2.190000057220459
2014-12-31,1183.9000244140625,19.200000762939453,90.2699966430664,2058.89990234375,2.1700000762939453
2015-01-02,1186.0,17.790000915527344,91.08000183105469,2058.199951171875,2.122999906539917
2015-01-05,1203.9000244140625,19.920000076293945,91.37999725341797,2020.5799560546875,2.0390000343322754
2015-01-06,1219.300048828125,21.1200008392334,91.5,2002.6099853515625,1.9630000591278076
2015-01-07,1210.5999755859375,19.309999465942383,91.88999938964844,2025.9000244140625,1.9539999961853027
2015-01-08,1208.4000244140625,17.010000228881836,92.37000274658203,2062.139892578125,2.0160000324249268
2015-01-09,1216.0,17.549999237060547,91.94000244140625,2044.81005859375,1.9709999561309814
2015-01-12,1232.699951171875,19.600000381469727,91.9800033569336,2028.260009765625,1.9119999408721924
2015-01-13,1234.300048828125,20.559999465942383,92.30999755859375,2023.030029296875,1.8899999856948853
2015-01-14,1234.4000244140625,21.479999542236328,92.16000366210938,2011.27001953125,1.8370000123977661
2015-01-15,1264.699951171875,22.389999389648438,92.3499984741211,1992.6700439453125,1.774999976158142
2015-01-16,1276.9000244140625,20.950000762939453,92.5199966430664,2019.4200439453125,1.815000057220459
2015-01-20,1294.199951171875,19.889999389648438,93.05000305175781,2022.550048828125,1.8070000410079956
2015-01-21,1293.699951171875,18.850000381469727,92.9000015258789,2032.1199951171875,1.8530000448226929
2015-01-22,1300.699951171875,16.399999618530273,94.23999786376953,2063.14990234375,1.8960000276565552
2015-01-23,1292.5999755859375,16.65999984741211,95.0,2051.820068359375,1.8170000314712524
2015-01-26,1279.4000244140625,15.520000457763672,94.80000305175781,2057.090087890625,1.8279999494552612
2015-01-27,1291.699951171875,17.219999313354492,94.0199966430664,2029.550048828125,1.8250000476837158
2015-01-28,1285.9000244140625,20.440000534057617,94.47000122070312,2002.1600341796875,1.7239999771118164
2015-01-29,1254.5999755859375,18.760000228881836,94.77999877929688,2021.25,1.7510000467300415
2015-01-30,1278.5,20.969999313354492,94.80000305175781,1994.989990234375,1.6749999523162842
2015-02-02,1276.199951171875,19.43000030517578,94.5,2020.8499755859375,1.6729999780654907
2015-02-03,1259.699951171875,17.329999923706055,93.5999984741211,2050.030029296875,1.7799999713897705
2015-02-04,1263.800048828125,18.329999923706055,93.98999786376953,2041.510009765625,1.7970000505447388
2015-02-05,1262.0,16.850000381469727,94.69999694824219,2062.52001953125,1.815000057220459
2015-02-06,1233.9000244140625,17.290000915527344,94.69999694824219,2055.469970703125,1.937999963760376
2015-02-09,1240.800048828125,18.549999237060547,94.44999694824219,2046.739990234375,1.9479999542236328
2015-02-10,1231.5999755859375,17.229999542236328,94.76000213623047,2068.590087890625,1.9910000562667847
2015-02-11,1219.0,16.959999084472656,94.98999786376953,2068.530029296875,1.9880000352859497
2015-02-12,1220.0999755859375,15.34000015258789,94.08999633789062,2088.47998046875,1.9859999418258667
2015-02-13,1226.5,14.6899995803833,94.19999694824219,2096.989990234375,2.0209999084472656
2015-02-17,1208.0999755859375,15.800000190734863,94.05999755859375,2100.340087890625,2.1449999809265137
2015-02-18,1199.699951171875,15.449999809265137,94.19999694824219,2099.679931640625,2.065999984741211
2015-02-19,1207.0999755859375,15.289999961853027,94.4000015258789,2097.449951171875,2.11299991607666
2015-02-20,1204.4000244140625,14.300000190734863,94.25,2110.300048828125,2.132999897003174
2015-02-23,1200.300048828125,14.5600004196167,94.56999969482422,2109.659912109375,2.059000015258789
2015-02-24,1196.9000244140625,13.6899995803833,94.48999786376953,2115.47998046875,1.9880000352859497
2015-02-25,1201.0,13.84000015258789,94.20999908447266,2113.860107421875,1.968999981880188
2015-02-26,1209.5999755859375,13.90999984741211,95.29000091552734,2110.739990234375,2.0160000324249268
2015-02-27,1212.5999755859375,13.34000015258789,95.25,2104.5,2.002000093460083
2015-03-02,1207.699951171875,13.039999961853027,95.45999908447266,2117.389892578125,2.0840001106262207
2015-03-03,1204.0,13.859999656677246,95.37999725341797,2107.780029296875,2.121999979019165
2015-03-04,1200.5999755859375,14.229999542236328,95.97000122070312,2098.530029296875,2.122999906539917
2015-03-05,1195.9000244140625,14.039999961853027,96.37999725341797,2101.0400390625,2.111999988555908
2015-03-06,1164.0999755859375,15.199999809265137,97.62000274658203,2071.260009765625,2.240000009536743
2015-03-09,1166.4000244140625,15.0600004196167,97.58999633789062,2079.429931640625,2.194999933242798
2015-03-10,1160.0999755859375,16.690000534057617,98.62000274658203,2044.1600341796875,2.125999927520752
2015-03-11,1150.699951171875,16.8700008392334,99.80000305175781,2040.239990234375,2.1089999675750732
2015-03-12,1152.0999755859375,15.420000076293945,99.1500015258789,2065.949951171875,2.0959999561309814
2015-03-13,1152.5999755859375,16.0,100.33000183105469,2053.39990234375,2.111999988555908
2015-03-16,1153.300048828125,15.609999656677246,99.5999984741211,2081.18994140625,2.0980000495910645
2015-03-17,1148.300048828125,15.65999984741211,99.58999633789062,2074.280029296875,2.058000087738037
2015-03-18,1151.4000244140625,13.970000267028809,98.55000305175781,2099.5,1.9509999752044678
2015-03-19,1169.0999755859375,14.069999694824219,99.0999984741211,2089.27001953125,1.9769999980926514
2015-03-20,1184.800048828125,13.020000457763672,97.91000366210938,2108.10009765625,1.9299999475479126
2015-03-23,1188.0,13.40999984741211,97.02999877929688,2104.419921875,1.9149999618530273
2015-03-24,1191.699951171875,13.619999885559082,97.19000244140625,2091.5,1.878000020980835
2015-03-25,1197.300048828125,15.4399995803833,96.9800033569336,2061.050048828125,1.9199999570846558
2015-03-26,1205.0999755859375,15.800000190734863,97.44000244140625,2056.14990234375,2.006999969482422
2015-03-27,1199.800048828125,15.069999694824219,97.29000091552734,2061.02001953125,1.9479999542236328
2015-03-30,1184.800048828125,14.510000228881836,97.9800033569336,2086.239990234375,1.9630000591278076
2015-03-31,1183.0999755859375,15.289999961853027,98.36000061035156,2067.889892578125,1.934000015258789
2015-04-01,1208.0999755859375,15.109999656677246,98.19000244140625,2059.68994140625,1.8680000305175781
2015-04-02,1200.9000244140625,14.670000076293945,97.44000244140625,2066.9599609375,1.9040000438690186
2015-04-06,1218.5999755859375,14.739999771118164,97.11000061035156,2080.6201171875,1.9040000438690186
2015-04-07,1210.5999755859375,14.779999732971191,97.83000183105469,2076.330078125,1.8930000066757202
2015-04-08,1203.0999755859375,13.979999542236328,98.06999969482422,2081.89990234375,1.8949999809265137
2015-04-09,1193.5999755859375,13.09000015258789,99.16000366210938,2091.179931640625,1.9579999446868896
2015-04-10,1204.5999755859375,12.579999923706055,99.38999938964844,2102.06005859375,1.9509999752044678
2015-04-13,1199.300048828125,13.9399995803833,99.48999786376953,2092.429931640625,1.9390000104904175
2015-04-14,1192.800048828125,13.670000076293945,98.76000213623047,2095.840087890625,1.9040000438690186
2015-04-15,1201.5,12.84000015258789,98.33000183105469,2106.6298828125,1.899999976158142
2015-04-16,1198.0,12.600000381469727,97.41999816894531,2104.989990234375,1.878000020980835
2015-04-17,1202.9000244140625,13.890000343322754,97.5199966430664,2081.179931640625,1.850000023841858
2015-04-20,1193.5,13.300000190734863,97.94000244140625,2100.39990234375,1.8949999809265137
2015-04-21,1202.9000244140625,13.25,97.9800033569336,2097.2900390625,1.9160000085830688
2015-04-22,1186.9000244140625,12.710000038146973,98.0199966430664,2107.9599609375,1.972000002861023
2015-04-23,1194.4000244140625,12.479999542236328,97.27999877929688,2112.929931640625,1.9470000267028809
2015-04-24,1175.199951171875,12.289999961853027,96.91999816894531,2117.68994140625,1.9170000553131104
2015-04-27,1203.300048828125,13.119999885559082,96.7699966430664,2108.919921875,1.9240000247955322
2015-04-28,1214.0,12.40999984741211,96.08999633789062,2114.760009765625,1.9730000495910645
2015-04-29,1209.800048828125,13.390000343322754,95.12000274658203,2106.85009765625,2.0350000858306885
2015-04-30,1182.4000244140625,14.550000190734863,94.5999984741211,2085.510009765625,2.0460000038146973
2015-05-01,1174.5,12.699999809265137,95.30000305175781,2108.2900390625,2.117000102996826
2015-05-04,1186.800048828125,12.850000381469727,95.4800033569336,2114.489990234375,2.134999990463257
2015-05-05,1193.199951171875,14.3100004196167,95.12999725341797,2089.4599609375,2.1760001182556152
2015-05-06,1190.300048828125,15.149999618530273,94.12999725341797,2080.14990234375,2.240000009536743
2015-05-07,1182.4000244140625,15.130000114440918,94.62000274658203,2088.0,2.184000015258789
2015-05-08,1189.0999755859375,12.859999656677246,94.79000091552734,2116.10009765625,2.1500000953674316
2015-05-11,1183.199951171875,13.850000381469727,95.01000213623047,2105.330078125,2.2739999294281006
2015-05-12,1192.5999755859375,13.859999656677246,94.52999877929688,2099.1201171875,2.259999990463257
2015-05-13,1218.4000244140625,13.760000228881836,93.62000274658203,2098.47998046875,2.2820000648498535
2015-05-14,1225.4000244140625,12.739999771118164,93.36000061035156,2121.10009765625,2.239000082015991
2015-05-15,1225.5,12.380000114440918,93.13999938964844,2122.72998046875,2.1410000324249268
2015-05-18,1227.800048828125,12.729999542236328,94.19000244140625,2129.199951171875,2.2279999256134033
2015-05-19,1206.9000244140625,12.850000381469727,95.2699966430664,2127.830078125,2.26200008392334
2015-05-20,1208.9000244140625,12.880000114440918,95.44999694824219,2125.85009765625,2.250999927520752
2015-05-21,1204.4000244140625,12.109999656677246,95.26000213623047,2130.820068359375,2.184999942779541
2015-05-22,1204.300048828125,12.130000114440918,96.01000213623047,2126.06005859375,2.2149999141693115
2015-05-26,1187.199951171875,14.0600004196167,97.30000305175781,2104.199951171875,2.13700008392334
2015-05-27,1185.9000244140625,13.270000457763672,97.37000274658203,2123.47998046875,2.134999990463257
2015-05-28,1188.0999755859375,13.3100004196167,96.97000122070312,2120.7900390625,2.130000114440918
2015-05-29,1189.4000244140625,13.84000015258789,96.91000366210938,2107.389892578125,2.0950000286102295
2015-06-01,1188.300048828125,13.970000267028809,97.38999938964844,2111.72998046875,2.191999912261963
2015-06-02,1194.0999755859375,14.239999771118164,95.83999633789062,2109.60009765625,2.2660000324249268
2015-06-03,1184.699951171875,13.65999984741211,95.47000122070312,2114.070068359375,2.365999937057495
2015-06-04,1174.9000244140625,14.710000038146973,95.45999908447266,2095.840087890625,2.306999921798706
2015-06-05,1167.800048828125,14.210000038146973,96.30999755859375,2092.830078125,2.4019999504089355
2015-06-08,1173.199951171875,15.289999961853027,95.30000305175781,2079.280029296875,2.38100004196167
2015-06-09,1177.300048828125,14.470000267028809,95.16999816894531,2080.14990234375,2.4170000553131104
2015-06-10,1186.0999755859375,13.220000267028809,94.6500015258789,2105.199951171875,2.4779999256134033
2015-06-11,1179.9000244140625,12.850000381469727,94.9800033569336,2108.860107421875,2.382999897003174
2015-06-12,1178.800048828125,13.779999732971191,94.97000122070312,2094.110107421875,2.384999990463257
2015-06-15,1185.300048828125,15.390000343322754,94.80999755859375,2084.429931640625,2.3580000400543213
2015-06-16,1180.5,14.8100004196167,95.0,2096.2900390625,2.318000078201294
2015-06-17,1176.4000244140625,14.5,94.30000305175781,2100.43994140625,2.305999994277954
2015-06-18,1201.5,13.1899995803833,94.04000091552734,2121.239990234375,2.3510000705718994
2015-06-19,1201.5,13.960000038146973,94.08999633789062,2109.989990234375,2.2669999599456787
2015-06-22,1183.699951171875,12.739999771118164,94.33000183105469,2122.85009765625,2.359999895095825
2015-06-23,1176.199951171875,12.109999656677246,95.43000030517578,2124.199951171875,2.4089999198913574
2015-06-24,1172.5999755859375,13.260000228881836,95.26000213623047,2108.580078125,2.371000051498413
2015-06-25,1171.5,14.010000228881836,95.19000244140625,2102.31005859375,2.3929998874664307
2015-06-26,1172.9000244140625,14.020000457763672,95.47000122070312,2101.489990234375,2.4760000705718994
2015-06-29,1178.5,18.850000381469727,94.79000091552734,2057.639892578125,2.3310000896453857
2015-06-30,1171.5,18.229999542236328,95.48999786376953,2063.110107421875,2.3350000381469727
2015-07-01,1169.0,16.09000015258789,96.30999755859375,2077.419921875,2.4179999828338623
2015-07-02,1163.0,16.790000915527344,96.11000061035156,2076.780029296875,2.3929998874664307
2015-07-06,1172.9000244140625,17.010000228881836,96.30000305175781,2068.760009765625,2.2780001163482666
2015-07-07,1152.4000244140625,16.09000015258789,96.87000274658203,2081.340087890625,2.2309999465942383
2015-07-08,1163.300048828125,19.65999984741211,96.29000091552734,2046.6800537109375,2.2060000896453857
2015-07-09,1159.0,19.969999313354492,96.61000061035156,2051.31005859375,2.3010001182556152
2015-07-10,1157.699951171875,16.829999923706055,96.02999877929688,2076.6201171875,2.4170000553131104
2015-07-13,1155.199951171875,13.899999618530273,96.86000061035156,2099.60009765625,2.430000066757202
2015-07-14,1153.300048828125,13.369999885559082,96.63999938964844,2108.949951171875,2.3989999294281006
2015-07-15,1147.199951171875,13.229999542236328,97.12999725341797,2107.39990234375,2.3499999046325684
2015-07-16,1143.800048828125,12.109999656677246,97.66000366210938,2124.2900390625,2.3519999980926514
2015-07-17,1131.800048828125,11.949999809265137,97.86000061035156,2126.639892578125,2.3489999771118164
2015-07-20,1106.699951171875,12.25,98.02999877929688,2128.280029296875,2.371999979019165
2015-07-21,1103.4000244140625,12.220000267028809,97.33000183105469,2119.2099609375,2.3399999141693115
2015-07-22,1091.4000244140625,12.119999885559082,97.5999984741211,2114.14990234375,2.322000026702881
2015-07-23,1094.0,12.640000343322754,97.12000274658203,2102.14990234375,2.2769999504089355
2015-07-24,1085.5999755859375,13.739999771118164,97.23999786376953,2079.64990234375,2.2709999084472656
2015-07-27,1096.5,15.600000381469727,96.5,2067.639892578125,2.2279999256134033
2015-07-28,1096.300048828125,13.4399995803833,96.7699966430664,2093.25,2.25
2015-07-29,1092.699951171875,12.5,96.9800033569336,2108.570068359375,2.2790000438690186
2015-07-30,1088.4000244140625,12.130000114440918,97.55999755859375,2108.6298828125,2.2679998874664307
2015-07-31,1094.9000244140625,12.119999885559082,97.37000274658203,2103.840087890625,2.2049999237060547
2015-08-03,1089.4000244140625,12.5600004196167,97.48999786376953,2098.0400390625,2.1500000953674316
2015-08-04,1090.699951171875,13.0,97.93000030517578,2093.320068359375,2.2109999656677246
2015-08-05,1085.699951171875,12.510000228881836,97.95999908447266,2099.840087890625,2.2679998874664307
2015-08-06,1090.199951171875,13.770000457763672,97.83000183105469,2083.56005859375,2.2339999675750732
2015-08-07,1094.0999755859375,13.390000343322754,97.55999755859375,2077.570068359375,2.174999952316284
2015-08-10,1104.199951171875,12.229999542236328,97.16000366210938,2104.179931640625,2.23799991607666
2015-08-11,1107.5999755859375,13.710000038146973,97.29000091552734,2084.070068359375,2.13700008392334
2015-08-12,1123.199951171875,13.609999656677246,96.26000213623047,2086.050048828125,2.130000114440918
2015-08-13,1115.699951171875,13.489999771118164,96.44999694824219,2083.389892578125,2.188999891281128
2015-08-14,1112.9000244140625,12.829999923706055,96.56999969482422,2091.5400390625,2.196000099182129
2015-08-17,1118.5999755859375,13.020000457763672,96.81999969482422,2102.43994140625,2.1500000953674316
2015-08-18,1117.0999755859375,13.789999961853027,96.97000122070312,2096.919921875,2.196000099182129
2015-08-19,1128.0999755859375,15.25,96.45999908447266,2079.610107421875,2.128999948501587
2015-08-20,1153.0,19.139999389648438,95.75,2035.72998046875,2.0840001106262207
2015-08-21,1159.5999755859375,28.030000686645508,94.83000183105469,1970.8900146484375,2.053999900817871
2015-08-24,1153.4000244140625,40.7400016784668,93.30999755859375,1893.2099609375,1.996999979019165
2015-08-25,1138.199951171875,36.02000045776367,94.52999877929688,1867.6099853515625,2.132999897003174
2015-08-26,1124.5999755859375,30.31999969482422,95.0999984741211,1940.510009765625,2.171999931335449
2015-08-27,1122.4000244140625,26.100000381469727,95.61000061035156,1987.6600341796875,2.1679999828338623
2015-08-28,1133.0999755859375,26.049999237060547,96.11000061035156,1988.8699951171875,2.186000108718872
2015-08-31,1131.5999755859375,28.43000030517578,95.94999694824219,1972.1800537109375,2.200000047683716
2015-09-01,1138.699951171875,31.399999618530273,95.44999694824219,1913.8499755859375,2.171999931335449
2015-09-02,1132.5,26.09000015258789,95.83000183105469,1948.8599853515625,2.193000078201294
2015-09-03,1123.699951171875,25.610000610351562,96.41000366210938,1951.1300048828125,2.1679999828338623
2015-09-04,1120.5999755859375,27.799999237060547,96.2300033569336,1921.219970703125,2.128000020980835
2015-09-08,1120.4000244140625,24.899999618530273,95.87999725341797,1969.4100341796875,2.194000005722046
2015-09-09,1102.199951171875,26.229999542236328,96.01000213623047,1942.0400390625,2.180999994277954
2015-09-10,1109.5,24.3700008392334,95.45999908447266,1952.2900390625,2.2219998836517334
2015-09-11,1103.5,23.200000762939453,95.19000244140625,1961.050048828125,2.183000087738037
2015-09-14,1107.699951171875,24.25,95.25,1953.030029296875,2.180000066757202
2015-09-15,1102.800048828125,22.540000915527344,95.61000061035156,1978.0899658203125,2.2809998989105225
2015-09-16,1119.199951171875,21.350000381469727,95.41999816894531,1995.31005859375,2.302999973297119
2015-09-17,1117.300048828125,21.139999389648438,94.55000305175781,1990.199951171875,2.2170000076293945
2015-09-18,1138.0999755859375,22.280000686645508,94.86000061035156,1958.030029296875,2.130000114440918
2015-09-21,1133.0999755859375,20.139999389648438,95.88999938964844,1966.969970703125,2.2139999866485596
2015-09-22,1125.0,22.440000534057617,96.27999877929688,1942.739990234375,2.125
2015-09-23,1131.5999755859375,22.1299991607666,96.06999969482422,1938.760009765625,2.1440000534057617
2015-09-24,1153.800048828125,23.469999313354492,95.98999786376953,1932.239990234375,2.119999885559082
2015-09-25,1146.0,23.6200008392334,96.2699966430664,1931.3399658203125,2.1679999828338623
2015-09-28,1132.0,27.6299991607666,96.02999877929688,1881.77001953125,2.0950000286102295
2015-09-29,1127.0999755859375,26.829999923706055,95.88999938964844,1884.0899658203125,2.053999900817871
2015-09-30,1115.5,24.5,96.3499984741211,1920.030029296875,2.059999942779541
2015-10-01,1114.199951171875,22.549999237060547,96.19000244140625,1923.8199462890625,2.0420000553131104
2015-10-02,1137.0999755859375,20.940000534057617,95.83000183105469,1951.3599853515625,1.9889999628067017
2015-10-05,1138.0999755859375,19.540000915527344,96.11000061035156,1987.050048828125,2.055999994277954
2015-10-06,1146.800048828125,19.399999618530273,95.45999908447266,1979.9200439453125,2.0350000858306885
2015-10-07,1149.0,18.399999618530273,95.5,1995.8299560546875,2.062000036239624
2015-10-08,1144.699951171875,17.420000076293945,95.31999969482422,2013.4300537109375,2.1080000400543213
2015-10-09,1156.300048828125,17.079999923706055,94.80999755859375,2014.8900146484375,2.0989999771118164
2015-10-12,1164.9000244140625,16.170000076293945,94.83999633789062,2017.4599609375,2.0899999141693115
2015-10-13,1165.800048828125,17.670000076293945,94.76000213623047,2003.68994140625,2.055000066757202
2015-10-14,1180.0999755859375,18.030000686645508,93.93000030517578,1994.239990234375,1.9809999465942383
2015-10-15,1187.9000244140625,16.049999237060547,94.37000274658203,2023.8599853515625,2.0230000019073486
2015-10-16,1183.5999755859375,15.050000190734863,94.54000091552734,2033.1099853515625,2.0230000019073486
2015-10-19,1173.300048828125,14.979999542236328,94.95999908447266,2033.6600341796875,2.0280001163482666
2015-10-20,1178.0,15.75,94.8499984741211,2030.77001953125,2.071000099182129
2015-10-21,1167.5999755859375,16.700000762939453,95.05000305175781,2018.93994140625,2.0299999713897705
2015-10-22,1166.5999755859375,14.449999809265137,96.33999633789062,2052.510009765625,2.0250000953674316
2015-10-23,1163.300048828125,14.460000038146973,97.06999969482422,2075.14990234375,2.0829999446868896
2015-10-26,1167.0,15.289999961853027,96.86000061035156,2071.179931640625,2.058000087738037
2015-10-27,1166.800048828125,15.430000305175781,96.91000366210938,2065.889892578125,2.0280001163482666
2015-10-28,1177.0999755859375,14.329999923706055,97.77999877929688,2090.35009765625,2.0920000076293945
2015-10-29,1147.199951171875,14.609999656677246,97.27999877929688,2089.409912109375,2.1730000972747803
2015-10-30,1141.5,15.069999694824219,96.94999694824219,2079.360107421875,2.1510000228881836
2015-11-02,1135.800048828125,14.149999618530273,96.93000030517578,2104.050048828125,2.187000036239624
2015-11-03,1114.199951171875,14.539999961853027,97.16000366210938,2109.7900390625,2.2200000286102295
2015-11-04,1106.5,15.510000228881836,97.94999694824219,2102.31005859375,2.2300000190734863
2015-11-05,1104.4000244140625,15.050000190734863,97.94000244140625,2099.929931640625,2.244999885559082
2015-11-06,1087.5999755859375,14.329999923706055,99.16000366210938,2099.199951171875,2.3329999446868896
2015-11-09,1087.9000244140625,16.520000457763672,98.9800033569336,2078.580078125,2.3420000076293945
2015-11-10,1088.199951171875,15.289999961853027,99.29000091552734,2081.719970703125,2.322000026702881
2015-11-11,1084.699951171875,16.059999465942383,99.01000213623047,2075.0,2.3380000591278076
2015-11-12,1080.800048828125,18.3700008392334,98.6500015258789,2045.969970703125,2.319000005722046
2015-11-13,1080.800048828125,20.079999923706055,98.98999786376953,2023.0400390625,2.2799999713897705
2015-11-16,1083.699951171875,18.15999984741211,99.44000244140625,2053.18994140625,2.2730000019073486
2015-11-17,1068.699951171875,18.84000015258789,99.62999725341797,2050.43994140625,2.260999917984009
2015-11-18,1068.800048828125,16.850000381469727,99.6500015258789,2083.580078125,2.2690000534057617
2015-11-19,1078.0,16.989999771118164,98.98999786376953,2081.239990234375,2.247999906539917
2015-11-20,1076.4000244140625,15.470000267028809,99.56999969482422,2089.169921875,2.26200008392334
2015-11-23,1066.800048828125,15.619999885559082,99.80000305175781,2086.590087890625,2.25
2015-11-24,1074.300048828125,15.930000305175781,99.52999877929688,2089.139892578125,2.243000030517578
2015-11-25,1070.5,15.1899995803833,99.80000305175781,2088.8701171875,2.2320001125335693
2015-11-27,1056.199951171875,15.119999885559082,100.0199966430664,2090.110107421875,2.2249999046325684
2015-11-30,1065.800048828125,16.1299991607666,100.16999816894531,2080.409912109375,2.2179999351501465
2015-12-01,1063.800048828125,14.670000076293945,99.80000305175781,2102.6298828125,2.1549999713897705
2015-12-02,1054.199951171875,15.90999984741211,99.98999786376953,2079.510009765625,2.177999973297119
2015-12-03,1061.699951171875,18.110000610351562,97.62000274658203,2049.6201171875,2.3299999237060547
2015-12-04,1084.5,14.8100004196167,98.3499984741211,2091.68994140625,2.2750000953674316
2015-12-07,1076.4000244140625,15.84000015258789,98.66000366210938,2077.070068359375,2.2249999046325684
2015-12-08,1076.300048828125,17.600000381469727,98.47000122070312,2063.590087890625,2.23799991607666
2015-12-09,1077.5999755859375,19.610000610351562,97.3499984741211,2047.6199951171875,2.2079999446868896
2015-12-10,1073.0999755859375,19.34000015258789,97.94000244140625,2052.22998046875,2.239000082015991
2015-12-11,1076.9000244140625,24.389999389648438,97.56999969482422,2012.3699951171875,2.1389999389648438
2015-12-14,1064.699951171875,22.729999542236328,97.5999984741211,2021.93994140625,2.2249999046325684
2015-12-15,1062.9000244140625,20.950000762939453,98.22000122070312,2043.4100341796875,2.2679998874664307
2015-12-16,1078.0,17.860000610351562,97.87000274658203,2073.070068359375,2.2869999408721924
2015-12-17,1050.800048828125,18.940000534057617,99.2699966430664,2041.8900146484375,2.23799991607666
2015-12-18,1066.199951171875,20.700000762939453,98.69999694824219,2005.550048828125,2.1989998817443848
2015-12-21,1081.9000244140625,18.700000762939453,98.45999908447266,2021.1500244140625,2.197000026702881
2015-12-22,1074.800048828125,16.600000381469727,98.23999786376953,2038.969970703125,2.239000082015991
2015-12-23,1069.4000244140625,15.569999694824219,98.33999633789062,2064.2900390625,2.2639999389648438
2015-12-24,1077.199951171875,15.739999771118164,97.9800033569336,2060.989990234375,2.243000030517578
2015-12-28,1070.5,16.90999984741211,97.91999816894531,2056.5,2.2249999046325684
2015-12-29,1077.5,16.079999923706055,98.0999984741211,2078.360107421875,2.306999921798706
2015-12-30,1060.0999755859375,17.290000915527344,98.2699966430664,2063.360107421875,2.302999973297119
2015-12-31,1060.300048828125,18.209999084472656,98.62999725341797,2043.93994140625,2.2690000534057617
2016-01-04,1075.0999755859375,20.700000762939453,98.87000274658203,2012.6600341796875,2.244999885559082
2016-01-05,1078.4000244140625,19.34000015258789,99.4000015258789,2016.7099609375,2.247999906539917
2016-01-06,1091.9000244140625,20.59000015258789,99.18000030517578,1990.260009765625,2.177000045776367
2016-01-07,1107.699951171875,24.989999771118164,98.22000122070312,1943.0899658203125,2.1530001163482666
2016-01-08,1097.800048828125,27.010000228881836,98.54000091552734,1922.030029296875,2.130000114440918
2016-01-11,1096.5,24.299999237060547,98.7300033569336,1923.6700439453125,2.1579999923706055
2016-01-12,1085.5999755859375,22.469999313354492,98.97000122070312,1938.6800537109375,2.1019999980926514
2016-01-13,1087.5,25.219999313354492,98.93000030517578,1890.280029296875,2.065999984741211
2016-01-14,1073.9000244140625,23.950000762939453,99.08999633789062,1921.8399658203125,2.0980000495910645
2016-01-15,1091.5,27.020000457763672,98.95999908447266,1880.3299560546875,2.0329999923706055
2016-01-19,1089.9000244140625,26.049999237060547,98.98999786376953,1881.3299560546875,2.0350000858306885
2016-01-20,1107.0999755859375,27.59000015258789,99.08999633789062,1859.3299560546875,1.9839999675750732
2016-01-21,1099.0999755859375,26.690000534057617,99.05999755859375,1868.989990234375,2.0190000534057617
2016-01-22,1097.199951171875,22.34000015258789,99.56999969482422,1906.9000244140625,2.0480000972747803
2016-01-25,1106.199951171875,24.149999618530273,99.36000061035156,1877.0799560546875,2.0220000743865967
2016-01-26,1121.699951171875,22.5,99.36000061035156,1903.6300048828125,1.99399995803833
2016-01-27,1116.0999755859375,23.110000610351562,98.9000015258789,1882.949951171875,2.000999927520752
2016-01-28,1115.5999755859375,22.420000076293945,98.51000213623047,1893.3599853515625,1.9850000143051147
2016-01-29,1116.4000244140625,20.200000762939453,99.61000061035156,1940.239990234375,1.930999994277954
2016-02-01,1127.9000244140625,19.979999542236328,99.0,1939.3800048828125,1.965999960899353
2016-02-02,1127.300048828125,21.979999542236328,98.87000274658203,1903.030029296875,1.8639999628067017
2016-02-03,1141.300048828125,21.649999618530273,97.29000091552734,1912.530029296875,1.88100004196167
2016-02-04,1157.5999755859375,21.84000015258789,96.47000122070312,1915.449951171875,1.8639999628067017
2016-02-05,1157.800048828125,23.3799991607666,97.02999877929688,1880.050048828125,1.8480000495910645
2016-02-08,1197.9000244140625,26.0,96.56999969482422,1853.43994140625,1.7350000143051147
2016-02-09,1198.699951171875,26.540000915527344,96.06999969482422,1852.2099609375,1.7289999723434448
2016-02-10,1194.699951171875,26.290000915527344,95.88999938964844,1851.8599853515625,1.7050000429153442
2016-02-11,1247.9000244140625,28.139999389648438,95.55999755859375,1829.0799560546875,1.6440000534057617
2016-02-12,1239.0999755859375,25.399999618530273,95.9800033569336,1864.780029296875,1.7480000257492065
2016-02-16,1207.9000244140625,24.110000610351562,96.87000274658203,1895.5799560546875,1.777999997138977
2016-02-17,1211.0999755859375,22.309999465942383,96.79000091552734,1926.8199462890625,1.819000005722046
2016-02-18,1226.0999755859375,21.639999389648438,96.94999694824219,1917.8299560546875,1.7589999437332153
2016-02-19,1230.4000244140625,20.530000686645508,96.5999984741211,1917.780029296875,1.7480000257492065
2016-02-22,1209.5,19.3799991607666,97.37999725341797,1945.5,1.7660000324249268
2016-02-23,1222.300048828125,20.979999542236328,97.4800033569336,1921.27001953125,1.7450000047683716
2016-02-24,1238.699951171875,20.719999313354492,97.45999908447266,1929.800048828125,1.7419999837875366
2016-02-25,1238.199951171875,19.110000610351562,97.29000091552734,1951.699951171875,1.6970000267028809
2016-02-26,1219.800048828125,19.809999465942383,98.1500015258789,1948.050048828125,1.7619999647140503
2016-02-29,1233.9000244140625,20.549999237060547,98.20999908447266,1932.22998046875,1.7400000095367432
2016-03-01,1230.300048828125,17.700000762939453,98.3499984741211,1978.3499755859375,1.8339999914169312
2016-03-02,1241.0999755859375,17.09000015258789,98.20999908447266,1986.449951171875,1.8480000495910645
2016-03-03,1257.4000244140625,16.700000762939453,97.56999969482422,1993.4000244140625,1.8300000429153442
2016-03-04,1269.9000244140625,16.860000610351562,97.33999633789062,1999.989990234375,1.8830000162124634
2016-03-07,1263.199951171875,17.350000381469727,97.06999969482422,2001.760009765625,1.9019999504089355
2016-03-08,1262.0999755859375,18.670000076293945,97.20999908447266,1979.260009765625,1.8320000171661377
2016-03-09,1256.5999755859375,18.34000015258789,97.16999816894531,1989.260009765625,1.8919999599456787
2016-03-10,1272.0,18.049999237060547,96.06999969482422,1989.5699462890625,1.9290000200271606
2016-03-11,1258.699951171875,16.5,96.16999816894531,2022.18994140625,1.9769999980926514
2016-03-14,1244.4000244140625,16.920000076293945,96.62000274658203,2019.6400146484375,1.9630000591278076
2016-03-15,1230.4000244140625,16.84000015258789,96.62999725341797,2015.9300537109375,1.9589999914169312
2016-03-16,1229.300048828125,14.989999771118164,95.88999938964844,2027.219970703125,1.937999963760376
2016-03-17,1264.5,14.4399995803833,94.76000213623047,2040.5899658203125,1.902999997138977
2016-03-18,1253.800048828125,14.020000457763672,94.98999786376953,2049.580078125,1.871000051498413
2016-03-21,1243.800048828125,13.789999961853027,95.29000091552734,2051.60009765625,1.9229999780654907
2016-03-22,1248.199951171875,14.170000076293945,95.6500015258789,2049.800048828125,1.934999942779541
2016-03-23,1223.699951171875,14.9399995803833,96.05000305175781,2036.7099609375,1.875
2016-03-24,1221.4000244140625,14.739999771118164,96.13999938964844,2035.93994140625,1.899999976158142
2016-03-28,1219.9000244140625,15.239999771118164,95.94000244140625,2037.050048828125,1.8700000047683716
2016-03-29,1235.5999755859375,13.819999694824219,95.16000366210938,2055.010009765625,1.8140000104904175
2016-03-30,1226.9000244140625,13.5600004196167,94.83999633789062,2063.949951171875,1.8300000429153442
2016-03-31,1234.199951171875,13.949999809265137,94.58999633789062,2059.739990234375,1.7860000133514404
2016-04-01,1222.199951171875,13.100000381469727,94.62000274658203,2072.780029296875,1.7920000553131104
2016-04-04,1218.0,14.119999885559082,94.51000213623047,2066.1298828125,1.7790000438690186
2016-04-05,1228.4000244140625,15.420000076293945,94.62999725341797,2045.1700439453125,1.7269999980926514
2016-04-06,1222.5,14.09000015258789,94.43000030517578,2066.659912109375,1.7549999952316284
2016-04-07,1236.199951171875,16.15999984741211,94.4800033569336,2041.9100341796875,1.690999984741211
2016-04-08,1242.5,15.359999656677246,94.23999786376953,2047.5999755859375,1.7200000286102295
2016-04-11,1256.699951171875,16.260000228881836,93.94999694824219,2041.989990234375,1.7239999771118164
2016-04-12,1259.4000244140625,14.850000381469727,93.95999908447266,2061.719970703125,1.781000018119812
2016-04-13,1246.800048828125,13.84000015258789,94.73999786376953,2082.419921875,1.7619999647140503
2016-04-14,1225.0,13.720000267028809,94.9000015258789,2082.780029296875,1.781000018119812
2016-04-15,1233.0999755859375,13.619999885559082,94.69999694824219,2080.72998046875,1.7519999742507935
2016-04-18,1233.5999755859375,13.350000381469727,94.48999786376953,2094.340087890625,1.7730000019073486
2016-04-19,1253.0,13.239999771118164,93.9800033569336,2100.800048828125,1.7829999923706055
2016-04-20,1253.199951171875,13.279999732971191,94.48999786376953,2102.39990234375,1.8539999723434448
2016-04-21,1249.0,13.949999809265137,94.5999984741211,2091.47998046875,1.8700000047683716
2016-04-22,1228.699951171875,13.220000267028809,95.12000274658203,2091.580078125,1.8880000114440918
2016-04-25,1238.9000244140625,14.079999923706055,94.83999633789062,2087.7900390625,1.9019999504089355
2016-04-26,1242.199951171875,13.960000038146973,94.56999969482422,2091.699951171875,1.930999994277954
2016-04-27,1249.199951171875,13.770000457763672,94.38999938964844,2095.14990234375,1.8600000143051147
2016-04-28,1265.5,15.220000267028809,93.76000213623047,2075.81005859375,1.8380000591278076
2016-04-29,1289.199951171875,15.699999809265137,93.08000183105469,2065.300048828125,1.819000005722046
2016-05-02,1294.699951171875,14.680000305175781,92.62999725341797,2081.429931640625,1.8650000095367432
2016-05-03,1290.699951171875,15.600000381469727,92.94000244140625,2063.3701171875,1.7999999523162842
2016-05-04,1273.300048828125,16.049999237060547,93.18000030517578,2051.1201171875,1.784000039100647
2016-05-05,1271.4000244140625,15.90999984741211,93.77999877929688,2050.6298828125,1.746999979019165
2016-05-06,1292.9000244140625,14.720000267028809,93.88999938964844,2057.139892578125,1.7790000438690186
2016-05-09,1265.5999755859375,14.569999694824219,94.1500015258789,2058.68994140625,1.7599999904632568
2016-05-10,1263.9000244140625,13.630000114440918,94.29000091552734,2084.389892578125,1.7599999904632568
2016-05-11,1274.5999755859375,14.6899995803833,93.81999969482422,2064.4599609375,1.7369999885559082
2016-05-12,1270.300048828125,14.40999984741211,94.13999938964844,2064.110107421875,1.7569999694824219
2016-05-13,1271.9000244140625,15.039999961853027,94.61000061035156,2046.6099853515625,1.7050000429153442
2016-05-16,1273.4000244140625,14.680000305175781,94.56999969482422,2066.659912109375,1.753000020980835
2016-05-17,1276.199951171875,15.569999694824219,94.55000305175781,2047.2099609375,1.7589999437332153
2016-05-18,1273.699951171875,15.949999809265137,95.08000183105469,2047.6300048828125,1.8799999952316284
2016-05-19,1254.199951171875,16.329999923706055,95.29000091552734,2040.0400390625,1.8450000286102295
2016-05-20,1252.4000244140625,15.199999809265137,95.30999755859375,2052.320068359375,1.8489999771118164
2016-05-23,1251.0999755859375,15.819999694824219,95.2300033569336,2048.0400390625,1.8380000591278076
2016-05-24,1228.9000244140625,14.420000076293945,95.56999969482422,2076.06005859375,1.8589999675750732
2016-05-25,1223.5,13.899999618530273,95.3499984741211,2090.5400390625,1.8700000047683716
2016-05-26,1220.0999755859375,13.430000305175781,95.16999816894531,2090.10009765625,1.8229999542236328
2016-05-27,1213.800048828125,13.119999885559082,95.5199966430664,2099.06005859375,1.8509999513626099
2016-05-31,1214.800048828125,14.1899995803833,95.88999938964844,2096.949951171875,1.8339999914169312
2016-06-01,1211.9000244140625,14.199999809265137,95.45999908447266,2099.330078125,1.8459999561309814
2016-06-02,1209.800048828125,13.630000114440918,95.55999755859375,2105.260009765625,1.8109999895095825
2016-06-03,1240.0999755859375,13.470000267028809,94.02999877929688,2099.1298828125,1.7039999961853027
2016-06-06,1244.5999755859375,13.649999618530273,93.9000015258789,2109.409912109375,1.7230000495910645
2016-06-07,1244.4000244140625,14.050000190734863,93.83000183105469,2112.1298828125,1.7130000591278076
2016-06-08,1259.800048828125,14.079999923706055,93.58999633789062,2119.1201171875,1.7059999704360962
2016-06-09,1270.199951171875,14.640000343322754,94.0999984741211,2115.47998046875,1.6799999475479126
2016-06-10,1273.4000244140625,17.030000686645508,94.5999984741211,2096.070068359375,1.6390000581741333
2016-06-13,1284.4000244140625,20.969999313354492,94.37000274658203,2079.06005859375,1.6160000562667847
2016-06-14,1285.5999755859375,20.5,94.93000030517578,2075.320068359375,1.6109999418258667
2016-06-15,1285.800048828125,20.139999389648438,94.61000061035156,2071.5,1.5959999561309814
2016-06-16,1296.0999755859375,19.3700008392334,94.56999969482422,2077.989990234375,1.5640000104904175
2016-06-17,1292.5,19.40999984741211,94.20999908447266,2071.219970703125,1.6180000305175781
2016-06-20,1290.0,18.3700008392334,93.61000061035156,2083.25,1.6699999570846558
2016-06-21,1270.5,18.479999542236328,94.0199966430664,2088.89990234375,1.6970000267028809
2016-06-22,1268.0,21.170000076293945,93.72000122070312,2085.449951171875,1.684999942779541
2016-06-23,1261.199951171875,17.25,93.52999877929688,2113.320068359375,1.7389999628067017
2016-06-24,1320.0,25.760000228881836,95.44999694824219,2037.4100341796875,1.5789999961853027
2016-06-27,1322.5,23.850000381469727,96.54000091552734,2000.5400390625,1.4600000381469727
2016-06-28,1315.300048828125,18.75,96.25,2036.0899658203125,1.4609999656677246
2016-06-29,1323.9000244140625,16.639999389648438,95.7699966430664,2070.77001953125,1.4769999980926514
2016-06-30,1318.4000244140625,15.630000114440918,96.13999938964844,2098.860107421875,1.4880000352859497
2016-07-01,1336.699951171875,14.770000457763672,95.6500015258789,2102.949951171875,1.4559999704360962
2016-07-05,1356.4000244140625,15.579999923706055,96.16999816894531,2088.550048828125,1.3669999837875366
2016-07-06,1364.9000244140625,14.960000038146973,96.05999755859375,2099.72998046875,1.3849999904632568
2016-07-07,1360.0999755859375,14.760000228881836,96.33000183105469,2097.89990234375,1.3869999647140503
2016-07-08,1356.5999755859375,13.199999809265137,96.30000305175781,2129.89990234375,1.3660000562667847
2016-07-11,1355.0,13.539999961853027,96.56999969482422,2137.159912109375,1.434000015258789
2016-07-12,1334.0999755859375,13.550000190734863,96.44000244140625,2152.139892578125,1.5130000114440918
2016-07-13,1342.4000244140625,13.039999961853027,96.22000122070312,2152.429931640625,1.468000054359436
2016-07-14,1331.300048828125,12.819999694824219,96.08000183105469,2163.75,1.531000018119812
2016-07-15,1326.5,12.670000076293945,96.58000183105469,2161.739990234375,1.593999981880188
2016-07-18,1328.4000244140625,12.4399995803833,96.55999755859375,2166.889892578125,1.5870000123977661
2016-07-19,1331.5,11.970000267028809,97.05000305175781,2163.780029296875,1.5579999685287476
2016-07-20,1318.800048828125,11.770000457763672,97.19999694824219,2173.02001953125,1.5800000429153442
2016-07-21,1330.5,12.739999771118164,97.0,2165.169921875,1.565000057220459
2016-07-22,1323.0999755859375,12.020000457763672,97.47000122070312,2175.030029296875,1.5700000524520874
2016-07-25,1319.300048828125,12.869999885559082,97.29000091552734,2168.47998046875,1.5709999799728394
2016-07-26,1320.699951171875,13.050000190734863,97.16000366210938,2169.179931640625,1.562999963760376
2016-07-27,1326.5999755859375,12.829999923706055,97.05000305175781,2166.580078125,1.5149999856948853
2016-07-28,1332.300048828125,12.720000267028809,96.73999786376953,2170.06005859375,1.5110000371932983
2016-07-29,1349.0,11.869999885559082,95.52999877929688,2173.60009765625,1.4579999446868896
2016-08-01,1351.4000244140625,12.4399995803833,95.70999908447266,2170.840087890625,1.496000051498413
2016-08-02,1364.4000244140625,13.369999885559082,95.05999755859375,2157.030029296875,1.5369999408721924
2016-08-03,1356.0999755859375,12.859999656677246,95.55999755859375,2163.7900390625,1.5420000553131104
2016-08-04,1358.800048828125,12.420000076293945,95.76000213623047,2164.25,1.503000020980835
2016-08-05,1336.4000244140625,11.390000343322754,96.19000244140625,2182.8701171875,1.5820000171661377
2016-08-08,1333.4000244140625,11.5,96.4000015258789,2180.889892578125,1.5829999446868896
2016-08-09,1339.0,11.65999984741211,96.18000030517578,2181.739990234375,1.5449999570846558
2016-08-10,1344.300048828125,12.050000190734863,95.6500015258789,2175.489990234375,1.5089999437332153
2016-08-11,1342.5,11.680000305175781,95.86000061035156,2185.7900390625,1.5729999542236328
2016-08-12,1335.800048828125,11.550000190734863,95.72000122070312,2184.050048828125,1.5149999856948853
2016-08-15,1340.300048828125,11.8100004196167,95.62999725341797,2190.14990234375,1.5529999732971191
2016-08-16,1350.5,12.640000343322754,94.79000091552734,2178.14990234375,1.5759999752044678
2016-08-17,1342.699951171875,12.1899995803833,94.72000122070312,2182.219970703125,1.5609999895095825
2016-08-18,1351.199951171875,11.430000305175781,94.16000366210938,2187.02001953125,1.5360000133514404
2016-08-19,1340.4000244140625,11.34000015258789,94.51000213623047,2183.8701171875,1.5779999494552612
2016-08-22,1337.699951171875,12.270000457763672,94.5199966430664,2182.639892578125,1.5390000343322754
2016-08-23,1340.5999755859375,12.380000114440918,94.54000091552734,2186.89990234375,1.5529999732971191
2016-08-24,1324.4000244140625,13.449999809265137,94.79000091552734,2175.43994140625,1.559000015258789
2016-08-25,1320.0999755859375,13.630000114440918,94.7699966430664,2172.469970703125,1.5770000219345093
2016-08-26,1321.5,13.649999618530273,95.56999969482422,2169.0400390625,1.6349999904632568
2016-08-29,1322.9000244140625,12.9399995803833,95.58000183105469,2180.3798828125,1.565999984741211
2016-08-30,1311.699951171875,13.119999885559082,96.05000305175781,2176.1201171875,1.5700000524520874
2016-08-31,1306.9000244140625,13.420000076293945,96.0199966430664,2170.949951171875,1.5679999589920044
2016-09-01,1312.199951171875,13.479999542236328,95.6500015258789,2170.860107421875,1.5700000524520874
2016-09-02,1322.0999755859375,11.979999542236328,95.87999725341797,2179.97998046875,1.5959999561309814
2016-09-06,1349.4000244140625,12.020000457763672,94.81999969482422,2186.47998046875,1.5429999828338623
2016-09-07,1344.300048828125,11.9399995803833,94.95999908447266,2186.159912109375,1.5410000085830688
2016-09-08,1336.800048828125,12.510000228881836,95.02999877929688,2181.300048828125,1.6160000562667847
2016-09-09,1330.0999755859375,17.5,95.33999633789062,2127.81005859375,1.6720000505447388
2016-09-12,1321.0,15.15999984741211,95.0999984741211,2159.0400390625,1.6720000505447388
2016-09-13,1319.0,17.850000381469727,95.62999725341797,2127.02001953125,1.7339999675750732
2016-09-14,1321.5,18.139999389648438,95.33000183105469,2125.77001953125,1.6890000104904175
2016-09-15,1313.5,16.299999237060547,95.29000091552734,2147.260009765625,1.7029999494552612
2016-09-16,1305.800048828125,15.369999885559082,96.11000061035156,2139.159912109375,1.7009999752044678
2016-09-19,1313.5,15.529999732971191,95.83999633789062,2139.1201171875,1.6959999799728394
2016-09-20,1313.699951171875,15.920000076293945,96.0199966430664,2139.760009765625,1.687999963760376
2016-09-21,1326.9000244140625,13.300000190734863,95.66000366210938,2163.1201171875,1.6679999828338623
2016-09-22,1340.4000244140625,12.020000457763672,95.44999694824219,2177.179931640625,1.6319999694824219
2016-09-23,1337.199951171875,12.289999961853027,95.4800033569336,2164.68994140625,1.6150000095367432
2016-09-26,1339.699951171875,14.5,95.30999755859375,2146.10009765625,1.5889999866485596
2016-09-27,1325.9000244140625,13.100000381469727,95.44000244140625,2159.929931640625,1.555999994277954
2016-09-28,1319.4000244140625,12.390000343322754,95.43000030517578,2171.3701171875,1.5670000314712524
2016-09-29,1321.699951171875,14.020000457763672,95.54000091552734,2151.1298828125,1.5570000410079956
2016-09-30,1313.300048828125,13.289999961853027,95.45999908447266,2168.27001953125,1.6080000400543213
2016-10-03,1309.0,13.569999694824219,95.75,2161.199951171875,1.621999979019165
2016-10-04,1266.300048828125,13.630000114440918,96.12000274658203,2150.489990234375,1.6829999685287476
2016-10-05,1265.199951171875,12.989999771118164,96.12999725341797,2159.72998046875,1.715999960899353
2016-10-06,1249.800048828125,12.84000015258789,96.66000366210938,2160.77001953125,1.7419999837875366
2016-10-07,1248.9000244140625,13.479999542236328,96.5199966430664,2153.739990234375,1.7359999418258667
2016-10-11,1253.0,15.359999656677246,97.69999694824219,2136.72998046875,1.7589999437332153
2016-10-12,1251.0999755859375,15.90999984741211,97.97000122070312,2139.179931640625,1.777999997138977
2016-10-13,1255.0,16.690000534057617,97.5199966430664,2132.550048828125,1.7380000352859497
2016-10-14,1253.0999755859375,16.1200008392334,98.0199966430664,2132.97998046875,1.7940000295639038
2016-10-17,1254.4000244140625,16.209999084472656,97.88999938964844,2126.5,1.7660000324249268
2016-10-18,1260.800048828125,15.279999732971191,97.9000015258789,2139.60009765625,1.7489999532699585
2016-10-19,1267.9000244140625,14.40999984741211,97.87000274658203,2144.2900390625,1.7519999742507935
2016-10-20,1265.5999755859375,13.75,98.31999969482422,2141.340087890625,1.746999979019165
2016-10-21,1265.9000244140625,13.34000015258789,98.69999694824219,2141.159912109375,1.7400000095367432
2016-10-24,1262.0,13.020000457763672,98.66999816894531,2151.330078125,1.7630000114440918
2016-10-25,1271.9000244140625,13.460000038146973,98.72000122070312,2143.159912109375,1.7580000162124634
2016-10-26,1264.800048828125,14.239999771118164,98.62999725341797,2139.429931640625,1.7899999618530273
2016-10-27,1267.9000244140625,15.359999656677246,98.88999938964844,2133.0400390625,1.843000054359436
2016-10-28,1275.5,16.190000534057617,98.3499984741211,2126.409912109375,1.8450000286102295
2016-10-31,1271.5,17.059999465942383,98.44999694824219,2126.14990234375,1.8339999914169312
2016-11-01,1286.4000244140625,18.559999465942383,97.69999694824219,2111.719970703125,1.8200000524520874
2016-11-02,1306.800048828125,19.31999969482422,97.4000015258789,2097.93994140625,1.7990000247955322
2016-11-03,1302.0999755859375,22.079999923706055,97.16000366210938,2088.659912109375,1.812000036239624
2016-11-04,1303.300048828125,22.510000228881836,97.06999969482422,2085.179931640625,1.7829999923706055
2016-11-07,1278.300048828125,18.709999084472656,97.77999877929688,2131.52001953125,1.8279999494552612
2016-11-08,1273.4000244140625,18.739999771118164,97.86000061035156,2139.56005859375,1.8619999885559082
2016-11-09,1272.5999755859375,14.380000114440918,98.5,2163.260009765625,2.072000026702881
2016-11-10,1265.5,14.739999771118164,98.79000091552734,2167.47998046875,2.117000102996826
2016-11-14,1221.199951171875,14.479999542236328,100.11000061035156,2164.199951171875,2.2219998836517334
2016-11-15,1224.0,13.369999885559082,100.19000244140625,2180.389892578125,2.23799991607666
2016-11-16,1223.4000244140625,13.720000267028809,100.41000366210938,2176.93994140625,2.2230000495910645
2016-11-17,1216.5,13.350000381469727,100.88999938964844,2187.1201171875,2.2760000228881836
2016-11-18,1208.5,12.850000381469727,101.20999908447266,2181.89990234375,2.3350000381469727
2016-11-21,1209.5999755859375,12.420000076293945,101.05000305175781,2198.179931640625,2.3389999866485596
2016-11-22,1211.0,12.40999984741211,101.04000091552734,2202.93994140625,2.321000099182129
2016-11-23,1189.0999755859375,12.430000305175781,101.69999694824219,2204.719970703125,2.3570001125335693
2016-11-25,1178.199951171875,12.34000015258789,101.48999786376953,2213.35009765625,2.371999979019165
2016-11-28,1190.5999755859375,13.149999618530273,101.33000183105469,2201.719970703125,2.319999933242798
2016-11-29,1187.9000244140625,12.899999618530273,100.93000030517578,2204.659912109375,2.302000045776367
2016-11-30,1170.800048828125,13.329999923706055,101.5,2198.81005859375,2.368000030517578
2016-12-01,1166.9000244140625,14.069999694824219,101.04000091552734,2191.080078125,2.440999984741211
2016-12-02,1175.0999755859375,14.119999885559082,100.7699966430664,2191.949951171875,2.390000104904175
2016-12-05,1174.0,12.140000343322754,100.13999938964844,2204.7099609375,2.38700008392334
2016-12-06,1167.5999755859375,11.789999961853027,100.48999786376953,2212.22998046875,2.3959999084472656
2016-12-07,1175.0,12.220000267028809,100.2300033569336,2241.35009765625,2.3469998836517334
2016-12-08,1169.800048828125,12.640000343322754,101.06999969482422,2246.18994140625,2.38700008392334
2016-12-09,1159.4000244140625,11.75,101.56999969482422,2259.530029296875,2.4639999866485596
2016-12-12,1163.5,12.640000343322754,100.95999908447266,2256.9599609375,2.4790000915527344
2016-12-13,1156.699951171875,12.720000267028809,101.02999877929688,2271.719970703125,2.4809999465942383
2016-12-14,1161.300048828125,13.1899995803833,102.0,2253.280029296875,2.5250000953674316
2016-12-15,1127.800048828125,12.789999961853027,103.12999725341797,2262.030029296875,2.5799999237060547
2016-12-16,1135.300048828125,12.199999809265137,102.94999694824219,2258.070068359375,2.5969998836517334
2016-12-19,1140.5,11.710000038146973,103.13999938964844,2262.530029296875,2.5420000553131104
2016-12-20,1131.5,11.449999809265137,103.29000091552734,2270.760009765625,2.568000078201294
2016-12-21,1131.0999755859375,11.270000457763672,103.0199966430664,2265.179931640625,2.5460000038146973
2016-12-22,1128.800048828125,11.430000305175781,103.08999633789062,2260.9599609375,2.552999973297119
2016-12-23,1131.9000244140625,11.4399995803833,103.01000213623047,2263.7900390625,2.5429999828338623
2016-12-27,1137.300048828125,11.989999771118164,103.0199966430664,2268.8798828125,2.562999963760376
2016-12-28,1139.4000244140625,12.949999809265137,103.26000213623047,2249.919921875,2.50600004196167
2016-12-29,1156.4000244140625,13.369999885559082,102.68000030517578,2249.260009765625,2.4769999980926514
2016-12-30,1150.0,14.039999961853027,102.38999938964844,2238.830078125,2.446000099182129
2017-01-03,1160.4000244140625,12.850000381469727,103.20999908447266,2257.830078125,2.450000047683716
2017-01-04,1163.800048828125,11.850000381469727,102.69999694824219,2270.75,2.4519999027252197
2017-01-05,1179.699951171875,11.670000076293945,101.5199966430664,2269.0,2.368000030517578
2017-01-06,1171.9000244140625,11.319999694824219,102.22000122070312,2276.97998046875,2.4179999828338623
2017-01-09,1183.5,11.5600004196167,101.93000030517578,2268.89990234375,2.375999927520752
2017-01-10,1184.199951171875,11.489999771118164,102.01000213623047,2268.89990234375,2.378999948501587
2017-01-11,1195.5999755859375,11.260000228881836,101.77999877929688,2275.320068359375,2.369999885559082
2017-01-12,1198.9000244140625,11.539999961853027,101.3499984741211,2270.43994140625,2.3610000610351562
2017-01-13,1195.300048828125,11.229999542236328,101.18000030517578,2274.639892578125,2.380000114440918
2017-01-17,1212.0,11.869999885559082,100.33000183105469,2267.889892578125,2.3269999027252197
2017-01-18,1211.300048828125,12.479999542236328,100.93000030517578,2271.889892578125,2.3889999389648438
2017-01-19,1200.9000244140625,12.779999732971191,101.1500015258789,2263.68994140625,2.4590001106262207
2017-01-20,1204.300048828125,11.539999961853027,100.73999786376953,2271.31005859375,2.4670000076293945
2017-01-23,1215.0,11.770000457763672,100.16000366210938,2265.199951171875,2.4030001163482666
2017-01-24,1210.300048828125,11.069999694824219,100.3499984741211,2280.070068359375,2.4709999561309814
2017-01-25,1197.300048828125,10.8100004196167,100.02999877929688,2298.3701171875,2.5230000019073486
2017-01-26,1189.5,10.630000114440918,100.37999725341797,2296.679931640625,2.507999897003174
2017-01-27,1188.0999755859375,10.579999923706055,100.52999877929688,2294.68994140625,2.4809999465942383
2017-01-30,1193.199951171875,11.880000114440918,100.43000030517578,2280.89990234375,2.4830000400543213
2017-01-31,1208.5999755859375,11.989999771118164,99.51000213623047,2278.8701171875,2.4509999752044678
2017-02-01,1205.5999755859375,11.8100004196167,99.63999938964844,2279.550048828125,2.4739999771118164
2017-02-02,1216.699951171875,11.930000305175781,99.8499984741211,2280.85009765625,2.4700000286102295
2017-02-03,1218.5,10.970000267028809,99.87000274658203,2297.419921875,2.490999937057495
2017-02-06,1230.0,11.369999885559082,99.91000366210938,2292.56005859375,2.4130001068115234
2017-02-07,1234.199951171875,11.289999961853027,100.26000213623047,2293.080078125,2.3889999389648438
2017-02-08,1237.5999755859375,11.449999809265137,100.27999877929688,2294.669921875,2.3510000705718994
2017-02-09,1235.0999755859375,10.880000114440918,100.6500015258789,2307.8701171875,2.3949999809265137
2017-02-10,1234.4000244140625,10.850000381469727,100.80000305175781,2316.10009765625,2.4089999198913574
2017-02-13,1224.4000244140625,11.069999694824219,100.95999908447266,2328.25,2.434000015258789
2017-02-14,1223.9000244140625,10.739999771118164,101.25,2337.580078125,2.4700000286102295
2017-02-15,1231.699951171875,11.970000267028809,101.18000030517578,2349.25,2.502000093460083
2017-02-16,1240.0,11.760000228881836,100.44000244140625,2347.219970703125,2.450000047683716
2017-02-17,1237.5999755859375,11.489999771118164,100.94999694824219,2351.159912109375,2.424999952316284
2017-02-21,1237.5,11.569999694824219,101.37000274658203,2365.3798828125,2.427000045776367
2017-02-22,1232.0,11.739999771118164,101.33000183105469,2362.820068359375,2.4179999828338623
2017-02-23,1250.199951171875,11.710000038146973,101.05000305175781,2363.81005859375,2.388000011444092
2017-02-24,1256.9000244140625,11.470000267028809,101.08999633789062,2367.340087890625,2.316999912261963
2017-02-27,1257.4000244140625,12.09000015258789,101.12999725341797,2369.75,2.36899995803833
2017-02-28,1252.5999755859375,12.920000076293945,101.12000274658203,2363.639892578125,2.3580000400543213
2017-03-01,1248.9000244140625,12.539999961853027,101.77999877929688,2395.9599609375,2.4630000591278076
2017-03-02,1231.9000244140625,11.8100004196167,102.19999694824219,2381.919921875,2.489000082015991
2017-03-03,1225.5,10.960000038146973,101.54000091552734,2383.1201171875,2.492000102996826
2017-03-06,1224.5,11.239999771118164,101.63999938964844,2375.31005859375,2.49399995803833
2017-03-07,1215.0999755859375,11.449999809265137,101.80999755859375,2368.389892578125,2.510999917984009
2017-03-08,1208.5,11.859999656677246,102.06999969482422,2362.97998046875,2.552000045776367
2017-03-09,1202.4000244140625,12.300000190734863,101.8499984741211,2364.8701171875,2.5980000495910645
2017-03-10,1200.699951171875,11.65999984741211,101.25,2372.60009765625,2.5820000171661377
2017-03-13,1202.4000244140625,11.350000381469727,101.37999725341797,2373.469970703125,2.6080000400543213
2017-03-14,1201.9000244140625,12.300000190734863,101.69999694824219,2365.449951171875,2.5950000286102295
2017-03-15,1200.0999755859375,11.630000114440918,100.73999786376953,2385.260009765625,2.507999897003174
2017-03-16,1226.5,11.210000038146973,100.2699966430664,2381.3798828125,2.5220000743865967
2017-03-17,1229.800048828125,11.279999732971191,100.30000305175781,2378.25,2.500999927520752
2017-03-20,1233.5999755859375,11.34000015258789,100.41000366210938,2373.469970703125,2.4730000495910645
2017-03-21,1246.0999755859375,12.470000267028809,99.80999755859375,2344.02001953125,2.436000108718872
2017-03-22,1249.300048828125,12.8100004196167,99.68000030517578,2348.449951171875,2.3959999084472656
2017-03-23,1246.9000244140625,13.119999885559082,99.76000213623047,2345.9599609375,2.4179999828338623
2017-03-24,1248.199951171875,12.960000038146973,99.62999725341797,2343.97998046875,2.4000000953674316
2017-03-27,1255.4000244140625,12.5,99.16999816894531,2341.590087890625,2.372999906539917
2017-03-28,1255.300048828125,11.529999732971191,99.70999908447266,2358.570068359375,2.4089999198913574
2017-03-29,1253.4000244140625,11.420000076293945,100.0,2361.1298828125,2.385999917984009
2017-03-30,1245.0,11.539999961853027,100.41000366210938,2368.06005859375,2.4159998893737793
2017-03-31,1247.300048828125,12.369999885559082,100.3499984741211,2362.719970703125,2.3959999084472656
2017-04-03,1250.800048828125,12.380000114440918,100.54000091552734,2358.840087890625,2.3499999046325684
2017-04-04,1255.0,11.789999961853027,100.54000091552734,2360.159912109375,2.3499999046325684
2017-04-05,1245.4000244140625,12.890000343322754,100.55999755859375,2352.949951171875,2.3570001125335693
2017-04-06,1250.300048828125,12.390000343322754,100.66999816894531,2357.489990234375,2.3429999351501465
2017-04-07,1254.300048828125,12.869999885559082,101.18000030517578,2355.5400390625,2.372999906539917
2017-04-10,1251.0999755859375,14.050000190734863,101.0199966430664,2357.159912109375,2.3610000610351562
2017-04-11,1271.199951171875,15.069999694824219,100.70999908447266,2353.780029296875,2.2980000972747803
2017-04-12,1275.300048828125,15.770000457763672,100.77999877929688,2344.929931640625,2.2960000038146973
2017-04-13,1285.9000244140625,15.960000038146973,100.55999755859375,2328.949951171875,2.2320001125335693
2017-04-17,1289.4000244140625,14.65999984741211,100.30000305175781,2349.010009765625,2.252000093460083
2017-04-18,1291.699951171875,14.420000076293945,99.5,2342.18994140625,2.178999900817871
2017-04-19,1281.4000244140625,14.930000305175781,99.73999786376953,2338.169921875,2.2019999027252197
2017-04-20,1281.9000244140625,14.149999618530273,99.77999877929688,2355.840087890625,2.240999937057495
2017-04-21,1287.4000244140625,14.630000114440918,99.9800033569336,2348.68994140625,2.236999988555908
2017-04-24,1275.800048828125,10.84000015258789,99.08999633789062,2374.14990234375,2.2730000019073486
2017-04-25,1265.5999755859375,10.760000228881836,98.81999969482422,2388.610107421875,2.3269999027252197
2017-04-26,1262.0999755859375,10.850000381469727,98.95999908447266,2387.449951171875,2.311000108718872
2017-04-27,1263.699951171875,10.359999656677246,99.08000183105469,2388.77001953125,2.2960000038146973
2017-04-28,1266.0999755859375,10.819999694824219,99.05000305175781,2384.199951171875,2.2820000648498535
2017-05-01,1253.300048828125,10.109999656677246,99.13999938964844,2388.330078125,2.325000047683716
2017-05-02,1255.0999755859375,10.59000015258789,98.9800033569336,2391.169921875,2.2960000038146973
2017-05-03,1246.4000244140625,10.680000305175781,99.20999908447266,2388.1298828125,2.309000015258789
2017-05-04,1226.5,10.460000038146973,98.76000213623047,2389.52001953125,2.3559999465942383
2017-05-05,1224.800048828125,10.569999694824219,98.6500015258789,2399.2900390625,2.3519999980926514
2017-05-08,1225.300048828125,9.770000457763672,99.1500015258789,2399.3798828125,2.375999927520752
2017-05-09,1214.300048828125,9.960000038146973,99.58999633789062,2396.919921875,2.4070000648498535
2017-05-10,1217.300048828125,10.210000038146973,99.66999816894531,2399.6298828125,2.4140000343322754
2017-05-11,1222.699951171875,10.600000381469727,99.62000274658203,2394.43994140625,2.4000000953674316
2017-05-12,1226.199951171875,10.399999618530273,99.25,2390.89990234375,2.3350000381469727
2017-05-15,1228.5999755859375,10.420000076293945,98.91000366210938,2402.320068359375,2.3380000591278076
2017-05-16,1235.0,10.649999618530273,98.11000061035156,2400.669921875,2.3289999961853027
2017-05-17,1257.5,15.59000015258789,97.41999816894531,2357.030029296875,2.2160000801086426
2017-05-18,1251.699951171875,14.65999984741211,97.87999725341797,2365.719970703125,2.2330000400543213
2017-05-19,1252.699951171875,12.039999961853027,97.1500015258789,2381.72998046875,2.244999885559082
2017-05-22,1260.699951171875,10.930000305175781,96.9800033569336,2394.02001953125,2.253999948501587
2017-05-23,1254.800048828125,10.720000267028809,97.3499984741211,2398.419921875,2.2850000858306885
2017-05-24,1252.4000244140625,10.020000457763672,97.23999786376953,2404.389892578125,2.2660000324249268
2017-05-25,1255.800048828125,9.989999771118164,97.25,2415.070068359375,2.255000114440918
2017-05-26,1267.5999755859375,9.8100004196167,97.4000015258789,2415.820068359375,2.25
2017-05-30,1262.0999755859375,10.380000114440918,97.27999877929688,2412.909912109375,2.2170000076293945
2017-05-31,1272.0,10.40999984741211,96.91999816894531,2411.800048828125,2.196000099182129
2017-06-01,1267.0,9.890000343322754,97.19999694824219,2430.06005859375,2.2170000076293945
2017-06-02,1276.800048828125,9.75,96.72000122070312,2439.070068359375,2.1589999198913574
2017-06-05,1279.300048828125,10.069999694824219,96.80000305175781,2436.10009765625,2.181999921798706
2017-06-06,1294.4000244140625,10.449999809265137,96.63999938964844,2429.330078125,2.1470000743865967
2017-06-07,1290.0999755859375,10.390000343322754,96.75,2433.139892578125,2.177999973297119
2017-06-08,1276.300048828125,10.15999984741211,96.91999816894531,2433.7900390625,2.194000005722046
2017-06-09,1268.5,10.699999809265137,97.2699966430664,2431.77001953125,2.1989998817443848
2017-06-12,1266.0999755859375,11.460000038146973,97.13999938964844,2429.389892578125,2.2130000591278076
2017-06-13,1265.800048828125,10.420000076293945,96.9800033569336,2440.35009765625,2.2070000171661377
2017-06-14,1272.800048828125,10.640000343322754,96.94000244140625,2437.919921875,2.138000011444092
2017-06-15,1252.199951171875,10.899999618530273,97.43000030517578,2432.4599609375,2.1619999408721924
2017-06-16,1254.0,10.380000114440918,97.16000366210938,2433.14990234375,2.1570000648498535
2017-06-19,1244.199951171875,10.369999885559082,97.52999877929688,2453.4599609375,2.190000057220459
2017-06-20,1241.0,10.859999656677246,97.75,2437.030029296875,2.1530001163482666
2017-06-21,1243.4000244140625,10.75,97.55999755859375,2435.610107421875,2.1549999713897705
2017-06-22,1247.5999755859375,10.479999542236328,97.54000091552734,2434.5,2.1530001163482666
2017-06-23,1256.199951171875,10.020000457763672,97.30000305175781,2438.300048828125,2.1440000534057617
2017-06-26,1246.300048828125,9.899999618530273,97.43000030517578,2439.070068359375,2.13700008392334
2017-06-27,1246.4000244140625,11.0600004196167,96.47000122070312,2419.3798828125,2.197999954223633
2017-06-28,1248.0,10.029999732971191,96.05000305175781,2440.68994140625,2.2209999561309814
2017-06-29,1244.199951171875,11.4399995803833,95.62999725341797,2419.699951171875,2.2669999599456787
2017-06-30,1240.699951171875,11.180000305175781,95.66000366210938,2423.409912109375,2.302000045776367
2017-07-03,1217.9000244140625,11.220000267028809,96.19999694824219,2429.010009765625,2.3459999561309814
2017-07-05,1220.4000244140625,11.069999694824219,96.29000091552734,2432.5400390625,2.3340001106262207
2017-07-06,1222.199951171875,12.539999961853027,95.81999969482422,2409.75,2.369999885559082
2017-07-07,1208.5999755859375,11.1899995803833,96.01000213623047,2425.179931640625,2.3929998874664307
2017-07-10,1212.0999755859375,11.109999656677246,96.05000305175781,2427.429931640625,2.371000051498413
2017-07-11,1213.5999755859375,10.890000343322754,95.73999786376953,2425.530029296875,2.361999988555908
2017-07-12,1218.0999755859375,10.300000190734863,95.79000091552734,2443.25,2.3269999027252197
2017-07-13,1216.300048828125,9.899999618530273,95.7300033569336,2447.830078125,2.3480000495910645
2017-07-14,1226.5999755859375,9.510000228881836,95.11000061035156,2459.27001953125,2.319000005722046
2017-07-17,1232.800048828125,9.819999694824219,95.12999725341797,2459.139892578125,2.309000015258789
2017-07-18,1241.0999755859375,9.890000343322754,94.66000366210938,2460.610107421875,2.263000011444092
2017-07-19,1241.199951171875,9.789999961853027,94.80000305175781,2473.830078125,2.2679998874664307
2017-07-20,1244.800048828125,9.579999923706055,94.2699966430664,2473.449951171875,2.2660000324249268
2017-07-21,1254.300048828125,9.359999656677246,93.94000244140625,2472.5400390625,2.2320001125335693
2017-07-24,1253.9000244140625,9.430000305175781,93.9800033569336,2469.909912109375,2.253999948501587
2017-07-25,1251.699951171875,9.430000305175781,94.05000305175781,2477.1298828125,2.3259999752044678
2017-07-26,1249.0,9.600000381469727,93.66999816894531,2477.830078125,2.2820000648498535
2017-07-27,1259.5999755859375,10.109999656677246,93.86000061035156,2475.419921875,2.309999942779541
2017-07-28,1268.4000244140625,10.289999961853027,93.26000213623047,2472.10009765625,2.2890000343322754
2017-07-31,1266.5999755859375,10.260000228881836,92.86000061035156,2470.300048828125,2.2920000553131104
2017-08-01,1272.5999755859375,10.09000015258789,93.02999877929688,2476.35009765625,2.250999927520752
2017-08-02,1271.800048828125,10.279999732971191,92.83000183105469,2477.570068359375,2.26200008392334
2017-08-03,1267.800048828125,10.4399995803833,92.80999755859375,2472.159912109375,2.2279999256134033
2017-08-04,1258.300048828125,10.029999732971191,93.54000091552734,2476.830078125,2.2669999599456787
2017-08-07,1258.199951171875,9.930000305175781,93.43000030517578,2480.909912109375,2.256999969482422
2017-08-08,1256.4000244140625,10.960000038146973,93.63999938964844,2474.919921875,2.2829999923706055
2017-08-09,1273.0,11.109999656677246,93.5199966430664,2474.02001953125,2.240999937057495
2017-08-10,1283.699951171875,16.040000915527344,93.4000015258789,2438.2099609375,2.2119998931884766
2017-08-11,1287.699951171875,15.510000228881836,93.06999969482422,2441.320068359375,2.188999891281128
2017-08-14,1284.199951171875,12.329999923706055,93.45999908447266,2465.840087890625,2.2190001010894775
2017-08-15,1273.699951171875,12.039999961853027,93.8499984741211,2464.610107421875,2.2660000324249268
2017-08-16,1276.9000244140625,11.739999771118164,93.48999786376953,2468.110107421875,2.2260000705718994
2017-08-17,1286.4000244140625,15.550000190734863,93.62000274658203,2430.010009765625,2.1989998817443848
2017-08-18,1285.699951171875,14.260000228881836,93.43000030517578,2425.550048828125,2.194000005722046
2017-08-21,1290.800048828125,13.1899995803833,93.0999984741211,2428.3701171875,2.180000066757202
2017-08-22,1285.0999755859375,11.350000381469727,93.55000305175781,2452.510009765625,2.2149999141693115
2017-08-23,1288.9000244140625,12.25,93.1500015258789,2444.0400390625,2.1710000038146973
2017-08-24,1286.5,12.229999542236328,93.27999877929688,2438.969970703125,2.194000005722046
2017-08-25,1292.5,11.279999732971191,92.73999786376953,2443.050048828125,2.1689999103546143
2017-08-28,1309.699951171875,11.319999694824219,92.20999908447266,2444.239990234375,2.1589999198913574
2017-08-29,1313.0999755859375,11.699999809265137,92.3499984741211,2446.300048828125,2.135999917984009
2017-08-30,1308.0999755859375,11.220000267028809,92.87999725341797,2457.590087890625,2.1429998874664307
2017-08-31,1316.199951171875,10.59000015258789,92.66999816894531,2471.64990234375,2.121000051498413
2017-09-01,1324.5,10.130000114440918,92.80999755859375,2476.550048828125,2.1570000648498535
2017-09-05,1339.199951171875,12.229999542236328,92.30999755859375,2457.85009765625,2.069999933242798
2017-09-06,1333.9000244140625,11.630000114440918,92.29000091552734,2465.5400390625,2.1080000400543213
2017-09-07,1345.0999755859375,11.550000190734863,91.52999877929688,2465.10009765625,2.061000108718872
2017-09-08,1346.0,12.119999885559082,91.33000183105469,2461.429931640625,2.061000108718872
2017-09-11,1331.0,10.729999542236328,91.86000061035156,2488.110107421875,2.125
2017-09-12,1328.0,10.579999923706055,91.91000366210938,2496.47998046875,2.1710000038146973
2017-09-13,1323.4000244140625,10.5,92.5199966430664,2498.3701171875,2.194999933242798
2017-09-14,1324.699951171875,10.4399995803833,92.12000274658203,2495.6201171875,2.197000026702881
2017-09-15,1320.4000244140625,10.170000076293945,91.87000274658203,2500.22998046875,2.2019999027252197
2017-09-18,1306.300048828125,10.149999618530273,92.05000305175781,2503.8701171875,2.2290000915527344
2017-09-19,1306.199951171875,10.180000305175781,91.79000091552734,2506.64990234375,2.243000030517578
2017-09-20,1312.0,9.779999732971191,92.51000213623047,2508.239990234375,2.2769999504089355
2017-09-21,1290.5999755859375,9.670000076293945,92.26000213623047,2500.60009765625,2.2780001163482666
2017-09-22,1293.300048828125,9.59000015258789,92.16999816894531,2502.219970703125,2.26200008392334
2017-09-25,1306.800048828125,10.210000038146973,92.6500015258789,2496.659912109375,2.2200000286102295
2017-09-26,1297.0,10.170000076293945,92.97000122070312,2496.840087890625,2.2290000915527344
2017-09-27,1283.4000244140625,9.869999885559082,93.36000061035156,2507.0400390625,2.309000015258789
2017-09-28,1285.5,9.550000190734863,93.08999633789062,2510.06005859375,2.309000015258789
2017-09-29,1281.5,9.510000228881836,93.08000183105469,2519.360107421875,2.3259999752044678
2017-10-02,1272.699951171875,9.449999809265137,93.55999755859375,2529.1201171875,2.3369998931884766
2017-10-03,1271.5,9.510000228881836,93.56999969482422,2534.580078125,2.3340001106262207
2017-10-04,1273.699951171875,9.630000114440918,93.45999908447266,2537.739990234375,2.3299999237060547
2017-10-05,1269.9000244140625,9.1899995803833,93.95999908447266,2552.070068359375,2.3499999046325684
2017-10-06,1271.5999755859375,9.649999618530273,93.80000305175781,2549.330078125,2.369999885559082
2017-10-09,1281.800048828125,10.329999923706055,93.73999786376953,2544.72998046875,2.3610000610351562
2017-10-10,1290.5999755859375,10.079999923706055,93.29000091552734,2550.639892578125,2.3450000286102295
2017-10-11,1285.800048828125,9.850000381469727,92.95999908447266,2555.239990234375,2.3450000286102295
2017-10-12,1293.300048828125,9.90999984741211,93.12000274658203,2550.929931640625,2.322999954223633
2017-10-13,1301.5,9.609999656677246,93.08999633789062,2553.169921875,2.2799999713897705
2017-10-16,1299.9000244140625,9.90999984741211,93.27999877929688,2557.639892578125,2.306999921798706
2017-10-17,1283.0,10.3100004196167,93.48999786376953,2559.360107421875,2.2980000972747803
2017-10-18,1279.9000244140625,10.069999694824219,93.36000061035156,2561.260009765625,2.3389999866485596
2017-10-19,1286.9000244140625,10.050000190734863,93.2699966430664,2562.10009765625,2.321000099182129
2017-10-20,1277.4000244140625,9.970000267028809,93.69999694824219,2575.2099609375,2.38100004196167
2017-10-23,1277.699951171875,11.069999694824219,93.94000244140625,2564.97998046875,2.375999927520752
2017-10-24,1275.0,11.15999984741211,93.95999908447266,2569.1298828125,2.4059998989105225
2017-10-25,1275.4000244140625,11.229999542236328,93.70999908447266,2557.14990234375,2.444000005722046
2017-10-26,1266.300048828125,11.300000190734863,94.61000061035156,2560.39990234375,2.4519999027252197
2017-10-27,1268.5,9.800000190734863,94.91999816894531,2581.070068359375,2.427999973297119
2017-10-30,1274.0999755859375,10.5,94.48999786376953,2572.830078125,2.369999885559082
2017-10-31,1267.0,10.180000305175781,94.55000305175781,2575.260009765625,2.375999927520752
2017-11-01,1274.0999755859375,10.199999809265137,94.81999969482422,2579.360107421875,2.375999927520752
2017-11-02,1274.9000244140625,9.930000305175781,94.69000244140625,2579.85009765625,2.3469998836517334
2017-11-03,1266.5,9.140000343322754,94.94000244140625,2587.840087890625,2.3429999351501465
2017-11-06,1279.4000244140625,9.399999618530273,94.72000122070312,2591.1298828125,2.319999933242798
2017-11-07,1273.699951171875,9.890000343322754,94.91000366210938,2590.639892578125,2.306999921798706
2017-11-08,1281.5999755859375,9.779999732971191,94.87000274658203,2594.3798828125,2.325000047683716
2017-11-09,1285.5999755859375,10.5,94.44000244140625,2584.6201171875,2.3310000896453857
2017-11-10,1272.4000244140625,11.289999961853027,94.38999938964844,2582.300048828125,2.4000000953674316
2017-11-13,1277.300048828125,11.5,94.48999786376953,2584.840087890625,2.4000000953674316
2017-11-14,1281.5,11.59000015258789,93.83000183105469,2578.8701171875,2.38100004196167
2017-11-15,1276.5,13.130000114440918,93.80999755859375,2564.6201171875,2.3350000381469727
2017-11-16,1277.4000244140625,11.760000228881836,93.93000030517578,2585.639892578125,2.3610000610351562
2017-11-17,1295.800048828125,11.430000305175781,93.66000366210938,2578.85009765625,2.3540000915527344
2017-11-20,1274.5999755859375,10.649999618530273,94.08000183105469,2582.139892578125,2.371999979019165
2017-11-21,1281.0999755859375,9.729999542236328,93.94999694824219,2599.030029296875,2.36299991607666
2017-11-22,1291.5999755859375,9.880000114440918,93.22000122070312,2597.080078125,2.322000026702881
2017-11-24,1286.699951171875,9.670000076293945,92.76000213623047,2602.419921875,2.3399999141693115
2017-11-27,1293.800048828125,9.869999885559082,92.9000015258789,2601.419921875,2.328000068664551
2017-11-28,1294.699951171875,10.029999732971191,93.26000213623047,2627.0400390625,2.3380000591278076
2017-11-29,1282.0999755859375,10.699999809265137,93.26000213623047,2626.070068359375,2.375999927520752
2017-11-30,1273.199951171875,11.279999732971191,93.01000213623047,2647.580078125,2.4170000553131104
2017-12-01,1278.800048828125,11.430000305175781,92.9000015258789,2642.219970703125,2.361999988555908
2017-12-04,1274.300048828125,11.680000305175781,93.19000244140625,2639.43994140625,2.378999948501587
2017-12-05,1261.5999755859375,11.329999923706055,93.37999725341797,2629.570068359375,2.3559999465942383
2017-12-06,1262.800048828125,11.020000457763672,93.61000061035156,2629.27001953125,2.3299999237060547
2017-12-07,1249.800048828125,10.15999984741211,93.80000305175781,2636.97998046875,2.375999927520752
2017-12-08,1245.199951171875,9.579999923706055,93.9000015258789,2651.5,2.382999897003174
2017-12-11,1243.699951171875,9.34000015258789,93.87000274658203,2659.989990234375,2.384999990463257
2017-12-12,1238.5,9.920000076293945,94.0999984741211,2664.110107421875,2.4030001163482666
2017-12-13,1245.4000244140625,10.180000305175781,93.43000030517578,2662.85009765625,2.3489999771118164
2017-12-14,1253.800048828125,10.489999771118164,93.48999786376953,2652.010009765625,2.3459999561309814
2017-12-15,1254.300048828125,9.420000076293945,93.93000030517578,2675.81005859375,2.3550000190734863
2017-12-18,1262.199951171875,9.529999732971191,93.69999694824219,2690.159912109375,2.3919999599456787
2017-12-19,1260.699951171875,10.029999732971191,93.47000122070312,2681.469970703125,2.4630000591278076
2017-12-20,1266.0999755859375,9.720000267028809,93.3499984741211,2679.25,2.496999979019165
2017-12-21,1267.300048828125,9.619999885559082,93.27999877929688,2684.570068359375,2.4809999465942383
2017-12-22,1275.4000244140625,9.899999618530273,93.3499984741211,2683.340087890625,2.484999895095825
2017-12-26,1284.0999755859375,10.25,93.26000213623047,2680.5,2.4670000076293945
2017-12-27,1287.0,10.470000267028809,93.02999877929688,2682.6201171875,2.4140000343322754
2017-12-28,1294.0999755859375,10.180000305175781,92.5999984741211,2687.5400390625,2.431999921798706
2017-12-29,1306.300048828125,11.039999961853027,92.12000274658203,2673.610107421875,2.4049999713897705
2018-01-02,1313.699951171875,9.770000457763672,91.8499984741211,2695.81005859375,2.4649999141693115
2018-01-03,1316.199951171875,9.149999618530273,92.16000366210938,2713.06005859375,2.447000026702881
2018-01-04,1319.4000244140625,9.220000267028809,91.8499984741211,2723.989990234375,2.453000068664551
2018-01-05,1320.300048828125,9.220000267028809,91.94999694824219,2743.14990234375,2.4760000705718994
2018-01-08,1318.5999755859375,9.520000457763672,92.33000183105469,2747.7099609375,2.4800000190734863
2018-01-09,1311.699951171875,10.079999923706055,92.52999877929688,2751.2900390625,2.5460000038146973
2018-01-10,1317.4000244140625,9.819999694824219,92.33000183105469,2748.22998046875,2.549999952316284
2018-01-11,1320.5999755859375,9.880000114440918,91.8499984741211,2767.56005859375,2.5309998989105225
2018-01-12,1333.4000244140625,10.15999984741211,90.97000122070312,2786.239990234375,2.552000045776367
2018-01-16,1335.4000244140625,11.65999984741211,90.38999938964844,2776.419921875,2.5439999103546143
2018-01-17,1338.0,11.90999984741211,90.54000091552734,2802.56005859375,2.578000068664551
2018-01-18,1326.0,12.220000267028809,90.5,2798.030029296875,2.6110000610351562
2018-01-19,1331.9000244140625,11.270000457763672,90.56999969482422,2810.300048828125,2.63700008392334
2018-01-22,1330.9000244140625,11.029999732971191,90.4000015258789,2832.969970703125,2.6649999618530273
2018-01-23,1335.699951171875,11.100000381469727,90.12000274658203,2839.1298828125,2.624000072479248
2018-01-24,1355.9000244140625,11.470000267028809,89.20999908447266,2837.5400390625,2.6540000438690186
2018-01-25,1362.4000244140625,11.579999923706055,89.38999938964844,2839.25,2.621000051498413
2018-01-26,1351.5999755859375,11.079999923706055,89.06999969482422,2872.8701171875,2.6619999408721924
2018-01-30,1335.4000244140625,14.789999961853027,89.19000244140625,2822.429931640625,2.7260000705718994
2018-01-31,1339.0,13.539999961853027,89.12999725341797,2823.81005859375,2.7200000286102295
2018-02-01,1344.300048828125,13.470000267028809,88.66999816894531,2821.97998046875,2.7730000019073486
2018-02-02,1333.699951171875,17.309999465942383,89.19999694824219,2762.1298828125,2.8540000915527344
2018-02-05,1333.0,37.31999969482422,89.55000305175781,2648.93994140625,2.7939999103546143
2018-02-06,1326.0999755859375,29.979999542236328,89.58999633789062,2695.139892578125,2.7679998874664307
2018-02-07,1311.5999755859375,27.729999542236328,90.26000213623047,2681.659912109375,2.8440001010894775
2018-02-08,1316.9000244140625,33.459999084472656,90.2300033569336,2581.0,2.8510000705718994
2018-02-09,1313.0999755859375,29.059999465942383,90.44000244140625,2619.550048828125,2.8289999961853027
2018-02-12,1324.199951171875,25.610000610351562,90.20999908447266,2656.0,2.8570001125335693
2018-02-13,1328.0999755859375,24.969999313354492,89.69999694824219,2662.93994140625,2.8399999141693115
2018-02-14,1355.5,19.260000228881836,89.12000274658203,2698.6298828125,2.9130001068115234
2018-02-15,1352.0999755859375,19.1299991607666,88.58999633789062,2731.199951171875,2.8910000324249268
2018-02-16,1353.199951171875,19.459999084472656,89.0999984741211,2732.219970703125,2.877000093460083
2018-02-20,1328.800048828125,20.600000381469727,89.72000122070312,2716.260009765625,2.8929998874664307
2018-02-21,1330.0,20.020000457763672,90.08000183105469,2701.330078125,2.943000078201294
2018-02-22,1330.5999755859375,18.719999313354492,89.75,2703.9599609375,2.9170000553131104
2018-02-23,1328.199951171875,16.489999771118164,89.87999725341797,2747.300048828125,2.871000051498413
2018-02-26,1330.699951171875,15.800000190734863,89.81999969482422,2779.60009765625,2.8589999675750732
2018-02-27,1315.5,18.59000015258789,90.36000061035156,2744.280029296875,2.9079999923706055
2018-02-28,1315.5,19.850000381469727,90.61000061035156,2713.830078125,2.868000030517578
2018-03-01,1302.9000244140625,22.469999313354492,90.31999969482422,2677.669921875,2.803999900817871
2018-03-02,1321.0999755859375,19.59000015258789,89.94000244140625,2691.25,2.8570001125335693
2018-03-05,1318.0999755859375,18.729999542236328,90.08000183105469,2720.93994140625,2.88100004196167
2018-03-06,1333.5999755859375,18.360000610351562,89.62000274658203,2728.1201171875,2.877000093460083
2018-03-07,1326.0,17.760000228881836,89.63999938964844,2726.800048828125,2.882999897003174
2018-03-08,1319.9000244140625,16.540000915527344,90.12000274658203,2738.969970703125,2.865999937057495
2018-03-09,1322.4000244140625,14.640000343322754,90.08999633789062,2786.570068359375,2.8940000534057617
2018-03-12,1319.4000244140625,15.779999732971191,89.9000015258789,2783.02001953125,2.869999885559082
2018-03-13,1325.9000244140625,16.350000381469727,89.66000366210938,2765.31005859375,2.8480000495910645
2018-03-14,1324.4000244140625,17.229999542236328,89.69999694824219,2749.47998046875,2.816999912261963
2018-03-15,1316.800048828125,16.59000015258789,90.13999938964844,2747.330078125,2.8259999752044678
2018-03-16,1311.300048828125,15.800000190734863,90.2300033569336,2752.010009765625,2.8480000495910645
2018-03-19,1316.800048828125,19.020000457763672,89.9000015258789,2712.919921875,2.8450000286102295
2018-03-20,1311.0999755859375,18.200000762939453,90.37000274658203,2716.93994140625,2.878999948501587
2018-03-21,1320.699951171875,17.860000610351562,89.77999877929688,2711.929931640625,2.9070000648498535
2018-03-22,1326.5999755859375,23.34000015258789,89.86000061035156,2643.68994140625,2.8320000171661377
2018-03-23,1349.300048828125,24.8700008392334,89.44000244140625,2588.260009765625,2.8299999237060547
2018-03-26,1354.4000244140625,21.030000686645508,89.02999877929688,2658.550048828125,2.8429999351501465
2018-03-27,1341.300048828125,22.5,89.37000274658203,2612.6201171875,2.7860000133514404
2018-03-28,1324.199951171875,22.8700008392334,90.05999755859375,2605.0,2.7750000953674316
2018-03-29,1322.800048828125,19.969999313354492,90.1500015258789,2640.8701171875,2.740999937057495
2018-04-02,1342.0999755859375,23.6200008392334,90.05000305175781,2581.8798828125,2.7320001125335693
2018-04-03,1332.800048828125,21.100000381469727,90.19999694824219,2614.449951171875,2.7839999198913574
2018-04-04,1335.800048828125,20.059999465942383,90.13999938964844,2644.68994140625,2.7880001068115234
2018-04-05,1324.300048828125,18.940000534057617,90.45999908447266,2662.840087890625,2.8320000171661377
2018-04-06,1331.9000244140625,21.489999771118164,90.11000061035156,2604.469970703125,2.7750000953674316
2018-04-09,1336.300048828125,21.770000457763672,89.83999633789062,2613.159912109375,2.7860000133514404
2018-04-10,1342.0,20.469999313354492,89.58999633789062,2656.8701171875,2.796999931335449
2018-04-11,1356.5,20.239999771118164,89.56999969482422,2642.18994140625,2.7899999618530273
2018-04-12,1338.4000244140625,18.489999771118164,89.75,2663.989990234375,2.8340001106262207
2018-04-13,1344.800048828125,17.40999984741211,89.80000305175781,2656.300048828125,2.8289999961853027
2018-04-16,1347.5,16.559999465942383,89.43000030517578,2677.840087890625,2.8320000171661377
2018-04-17,1347.199951171875,15.25,89.5199966430664,2706.389892578125,2.813999891281128
2018-04-18,1351.199951171875,15.600000381469727,89.62000274658203,2708.639892578125,2.867000102996826
2018-04-19,1346.800048828125,15.960000038146973,89.94000244140625,2693.1298828125,2.9140000343322754
2018-04-20,1336.699951171875,16.8799991607666,90.31999969482422,2670.139892578125,2.9509999752044678
2018-04-23,1322.5,16.34000015258789,90.94000244140625,2670.2900390625,2.9730000495910645
2018-04-24,1331.4000244140625,18.020000457763672,90.7699966430664,2634.56005859375,2.9830000400543213
2018-04-25,1321.199951171875,17.84000015258789,91.16999816894531,2639.39990234375,3.0239999294281006
2018-04-26,1316.300048828125,16.239999771118164,91.55999755859375,2666.93994140625,2.990000009536743
2018-04-27,1320.300048828125,15.40999984741211,91.54000091552734,2669.909912109375,2.9570000171661377
2018-04-30,1316.199951171875,15.930000305175781,91.83999633789062,2648.050048828125,2.936000108718872
2018-05-01,1303.800048828125,15.489999771118164,92.44999694824219,2654.800048828125,2.9760000705718994
2018-05-02,1302.5999755859375,15.970000267028809,92.51000213623047,2635.669921875,2.9639999866485596
2018-05-03,1310.699951171875,15.899999618530273,92.41000366210938,2629.72998046875,2.946000099182129
2018-05-04,1312.699951171875,14.770000457763672,92.56999969482422,2663.419921875,2.944000005722046
2018-05-07,1312.199951171875,14.75,92.75,2672.6298828125,2.950000047683716
2018-05-08,1312.0,14.710000038146973,93.12000274658203,2671.919921875,2.9690001010894775
2018-05-09,1311.300048828125,13.420000076293945,93.04000091552734,2697.7900390625,3.003999948501587
2018-05-10,1320.800048828125,13.229999542236328,92.6500015258789,2723.070068359375,2.9709999561309814
2018-05-11,1319.0,12.649999618530273,92.54000091552734,2727.719970703125,2.9709999561309814
2018-05-14,1316.5,12.930000305175781,92.58999633789062,2730.1298828125,2.994999885559082
2018-05-15,1288.9000244140625,14.630000114440918,93.22000122070312,2711.449951171875,3.0799999237060547
2018-05-16,1290.199951171875,13.420000076293945,93.38999938964844,2722.4599609375,3.0950000286102295
2018-05-17,1288.199951171875,13.430000305175781,93.47000122070312,2720.1298828125,3.1089999675750732
2018-05-18,1290.199951171875,13.420000076293945,93.63999938964844,2712.969970703125,3.066999912261963
2018-05-21,1290.199951171875,13.079999923706055,93.68000030517578,2733.010009765625,3.065000057220459
2018-05-22,1291.699951171875,13.220000267028809,93.61000061035156,2724.43994140625,3.065000057220459
2018-05-23,1289.300048828125,12.579999923706055,94.01000213623047,2733.2900390625,3.003000020980835
2018-05-24,1303.699951171875,12.529999732971191,93.77999877929688,2727.760009765625,2.9809999465942383
2018-05-25,1303.300048828125,13.220000267028809,94.19000244140625,2721.330078125,2.930999994277954
2018-05-29,1298.699951171875,17.020000457763672,94.83000183105469,2689.860107421875,2.7679998874664307
2018-05-30,1301.5,14.9399995803833,94.1500015258789,2724.010009765625,2.8420000076293945
2018-05-31,1300.0999755859375,15.430000305175781,93.98999786376953,2705.27001953125,2.822000026702881
2018-06-01,1294.800048828125,13.460000038146973,94.19000244140625,2734.6201171875,2.8949999809265137
2018-06-04,1293.0999755859375,12.739999771118164,94.0199966430664,2746.8701171875,2.937000036239624
2018-06-05,1297.5,12.399999618530273,93.88999938964844,2748.800048828125,2.9189999103546143
2018-06-06,1297.0999755859375,11.640000343322754,93.66000366210938,2772.35009765625,2.9749999046325684
2018-06-07,1298.699951171875,12.130000114440918,93.4000015258789,2770.3701171875,2.933000087738037
2018-06-08,1298.0999755859375,12.180000305175781,93.55000305175781,2779.030029296875,2.937000036239624
2018-06-11,1298.9000244140625,12.350000381469727,93.58000183105469,2782.0,2.9570000171661377
2018-06-12,1295.0999755859375,12.34000015258789,93.80000305175781,2786.85009765625,2.9570000171661377
2018-06-13,1296.9000244140625,12.9399995803833,93.70999908447266,2775.6298828125,2.9769999980926514
2018-06-14,1304.0,12.119999885559082,94.7699966430664,2782.489990234375,2.946000099182129
2018-06-15,1274.5999755859375,11.979999542236328,94.79000091552734,2779.659912109375,2.9240000247955322
2018-06-18,1276.199951171875,12.3100004196167,94.75,2773.75,2.9260001182556152
2018-06-19,1275.5999755859375,13.350000381469727,95.08999633789062,2762.590087890625,2.8929998874664307
2018-06-20,1271.199951171875,12.789999961853027,95.05999755859375,2767.320068359375,2.927999973297119
2018-06-21,1267.199951171875,14.640000343322754,94.87000274658203,2749.760009765625,2.8970000743865967
2018-06-22,1267.4000244140625,13.770000457763672,94.5199966430664,2754.8798828125,2.9000000953674316
2018-06-25,1265.5999755859375,17.329999923706055,94.27999877929688,2717.070068359375,2.875
2018-06-26,1256.5999755859375,15.920000076293945,94.68000030517578,2723.06005859375,2.880000114440918
2018-06-27,1252.800048828125,17.90999984741211,95.29000091552734,2699.6298828125,2.8269999027252197
2018-06-28,1247.800048828125,16.850000381469727,95.38999938964844,2716.31005859375,2.8469998836517334
2018-06-29,1251.300048828125,16.09000015258789,94.62999725341797,2718.3701171875,2.8489999771118164
2018-07-02,1239.800048828125,15.600000381469727,94.87000274658203,2726.7099609375,2.865999937057495
2018-07-03,1251.5999755859375,16.139999389648438,94.58999633789062,2713.219970703125,2.8380000591278076
2018-07-05,1257.300048828125,14.970000267028809,94.47000122070312,2736.610107421875,2.8399999141693115
2018-07-06,1254.300048828125,13.369999885559082,94.04000091552734,2759.820068359375,2.8310000896453857
2018-07-09,1258.0999755859375,12.6899995803833,94.08000183105469,2784.169921875,2.859999895095825
2018-07-10,1253.800048828125,12.640000343322754,94.11000061035156,2793.840087890625,2.872999906539917
2018-07-11,1242.800048828125,13.630000114440918,94.72000122070312,2774.02001953125,2.8420000076293945
2018-07-12,1245.0,12.579999923706055,94.80999755859375,2798.2900390625,2.8529999256134033
2018-07-13,1239.5999755859375,12.180000305175781,94.75,2801.31005859375,2.8310000896453857
2018-07-16,1238.0999755859375,12.829999923706055,94.51000213623047,2798.429931640625,2.8580000400543213
2018-07-17,1225.699951171875,12.0600004196167,94.97000122070312,2809.550048828125,2.864000082015991
2018-07-18,1226.300048828125,12.100000381469727,95.08000183105469,2815.6201171875,2.875
2018-07-19,1222.4000244140625,12.869999885559082,95.16999816894531,2804.489990234375,2.8469998836517334
2018-07-20,1229.5,12.859999656677246,94.45999908447266,2801.830078125,2.8949999809265137
2018-07-23,1224.0,12.619999885559082,94.66999816894531,2806.97998046875,2.9649999141693115
2018-07-24,1223.9000244140625,12.40999984741211,94.61000061035156,2820.39990234375,2.9489998817443848
2018-07-25,1231.4000244140625,12.289999961853027,94.36000061035156,2846.070068359375,2.936000108718872
2018-07-26,1225.300048828125,12.140000343322754,94.75,2837.43994140625,2.9749999046325684
2018-07-27,1222.5999755859375,13.029999732971191,94.68000030517578,2818.820068359375,2.9600000381469727
2018-07-30,1221.300048828125,14.260000228881836,94.36000061035156,2802.60009765625,2.9749999046325684
2018-07-31,1223.699951171875,12.829999923706055,94.48999786376953,2816.2900390625,2.9639999866485596
2018-08-01,1217.9000244140625,13.149999618530273,94.62000274658203,2813.360107421875,3.003000020980835
2018-08-02,1210.5999755859375,12.1899995803833,95.16999816894531,2827.219970703125,2.9860000610351562
2018-08-03,1214.199951171875,11.640000343322754,95.13999938964844,2840.35009765625,2.953000068664551
2018-08-06,1208.5999755859375,11.270000457763672,95.36000061035156,2850.39990234375,2.937999963760376
2018-08-07,1209.5999755859375,10.930000305175781,95.22000122070312,2858.449951171875,2.9730000495910645
2018-08-08,1212.5999755859375,10.850000381469727,95.0999984741211,2857.699951171875,2.9709999561309814
2018-08-09,1211.9000244140625,11.270000457763672,95.5,2853.580078125,2.934999942779541
2018-08-10,1211.0999755859375,13.15999984741211,96.36000061035156,2833.280029296875,2.8570001125335693
2018-08-13,1191.300048828125,14.779999732971191,96.38999938964844,2821.929931640625,2.877000093460083
2018-08-14,1193.0,13.3100004196167,96.7300033569336,2839.9599609375,2.8949999809265137
2018-08-15,1177.5,14.640000343322754,96.69999694824219,2818.3701171875,2.8519999980926514
2018-08-16,1176.199951171875,13.449999809265137,96.6500015258789,2840.68994140625,2.871000051498413
2018-08-17,1176.5,12.640000343322754,96.0999984741211,2850.1298828125,2.872999906539917
2018-08-20,1186.800048828125,12.489999771118164,95.9000015258789,2857.050048828125,2.822999954223633
2018-08-21,1192.5999755859375,12.859999656677246,95.26000213623047,2862.9599609375,2.8440001010894775
2018-08-22,1196.300048828125,12.25,95.1500015258789,2861.820068359375,2.822999954223633
2018-08-23,1187.0,12.40999984741211,95.62000274658203,2856.97998046875,2.821000099182129
2018-08-24,1206.300048828125,11.989999771118164,95.1500015258789,2874.68994140625,2.8259999752044678
2018-08-27,1209.0,12.15999984741211,94.77999877929688,2896.739990234375,2.8480000495910645
2018-08-28,1207.4000244140625,12.5,94.72000122070312,2897.52001953125,2.884000062942505
2018-08-29,1204.5,12.25,94.5999984741211,2914.0400390625,2.884000062942505
2018-08-30,1197.699951171875,13.529999732971191,94.72000122070312,2901.1298828125,2.859999895095825
2018-08-31,1200.300048828125,12.859999656677246,95.13999938964844,2901.52001953125,2.8529999256134033
2018-09-04,1192.699951171875,13.15999984741211,95.41999816894531,2896.719970703125,2.9019999504089355
2018-09-05,1194.9000244140625,13.90999984741211,95.12999725341797,2888.60009765625,2.9019999504089355
2018-09-06,1197.9000244140625,14.649999618530273,95.0199966430664,2878.050048828125,2.878999948501587
2018-09-07,1193.5999755859375,14.880000114440918,95.37000274658203,2871.679931640625,2.941999912261963
2018-09-10,1193.0,14.15999984741211,95.1500015258789,2877.1298828125,2.937000036239624
2018-09-11,1195.4000244140625,13.220000267028809,95.05999755859375,2887.889892578125,2.9769999980926514
2018-09-12,1204.699951171875,13.140000343322754,94.80000305175781,2888.919921875,2.9630000591278076
2018-09-13,1202.0,12.369999885559082,94.54000091552734,2904.179931640625,2.9630000591278076
2018-09-14,1195.0,12.069999694824219,94.9800033569336,2904.97998046875,2.99399995803833
2018-09-17,1199.699951171875,13.680000305175781,94.51000213623047,2888.800048828125,3.000999927520752
2018-09-18,1196.800048828125,12.789999961853027,94.62000274658203,2904.31005859375,3.0480000972747803
2018-09-19,1202.199951171875,11.75,94.55000305175781,2907.949951171875,3.0829999446868896
2018-09-20,1206.199951171875,11.800000190734863,93.91000366210938,2930.75,3.078000068664551
2018-09-21,1196.199951171875,11.680000305175781,94.22000122070312,2929.669921875,3.068000078201294
2018-09-24,1199.300048828125,12.199999809265137,94.26000213623047,2919.3701171875,3.078000068664551
2018-09-25,1200.0,12.420000076293945,94.12999725341797,2915.56005859375,3.1019999980926514
2018-09-26,1194.0,12.890000343322754,94.19000244140625,2905.969970703125,3.061000108718872
2018-09-27,1182.300048828125,12.40999984741211,95.0,2914.0,3.055999994277954
2018-09-28,1191.5,12.119999885559082,95.19000244140625,2913.97998046875,3.055999994277954
2018-10-01,1187.0999755859375,12.0,95.30000305175781,2924.590087890625,3.0799999237060547
2018-10-02,1202.4000244140625,12.050000190734863,95.51000213623047,2923.429931640625,3.055999994277954
2018-10-03,1198.300048828125,11.609999656677246,95.76000213623047,2925.510009765625,3.1610000133514404
2018-10-04,1197.199951171875,14.220000267028809,95.75,2901.610107421875,3.197000026702881
2018-10-05,1201.199951171875,14.819999694824219,95.62000274658203,2885.570068359375,3.2249999046325684
2018-10-08,1184.4000244140625,15.6899995803833,95.7699966430664,2884.429931640625,3.2330000400543213
2018-10-09,1187.199951171875,15.949999809265137,95.68000030517578,2880.340087890625,3.2079999446868896
2018-10-10,1189.300048828125,22.959999084472656,95.51000213623047,2785.679931640625,3.2249999046325684
2018-10-11,1223.5,24.979999542236328,95.0199966430664,2728.3701171875,3.132999897003174
2018-10-12,1218.0999755859375,21.309999465942383,95.22000122070312,2767.1298828125,3.1410000324249268
2018-10-15,1226.4000244140625,21.299999237060547,95.06999969482422,2750.7900390625,3.1630001068115234
2018-10-16,1227.300048828125,17.6200008392334,95.05000305175781,2809.919921875,3.1559998989105225
2018-10-17,1223.699951171875,17.399999618530273,95.58000183105469,2809.2099609375,3.178999900817871
2018-10-18,1226.5,20.059999465942383,95.9000015258789,2768.780029296875,3.174999952316284
2018-10-19,1225.300048828125,19.889999389648438,95.70999908447266,2767.780029296875,3.197999954223633
2018-10-22,1221.199951171875,19.639999389648438,96.01000213623047,2755.8798828125,3.196000099182129
2018-10-23,1233.4000244140625,20.709999084472656,95.95999908447266,2740.68994140625,3.1659998893737793
2018-10-24,1227.800048828125,25.229999542236328,96.43000030517578,2656.10009765625,3.124000072479248
2018-10-25,1229.0999755859375,24.219999313354492,96.68000030517578,2705.570068359375,3.135999917984009
2018-10-26,1232.5,24.15999984741211,96.36000061035156,2658.68994140625,3.0769999027252197
2018-10-29,1224.5,24.700000762939453,96.58000183105469,2641.25,3.0869998931884766
2018-10-30,1222.5999755859375,23.350000381469727,97.01000213623047,2682.6298828125,3.109999895095825
2018-10-31,1212.300048828125,21.229999542236328,97.12999725341797,2711.739990234375,3.1589999198913574
2018-11-01,1236.0,19.34000015258789,96.27999877929688,2740.3701171875,3.1440000534057617
2018-11-02,1230.9000244140625,19.510000228881836,96.54000091552734,2723.06005859375,3.2139999866485596
2018-11-05,1229.800048828125,19.959999084472656,96.3499984741211,2738.31005859375,3.2009999752044678
2018-11-06,1223.800048828125,19.90999984741211,96.31999969482422,2755.449951171875,3.2139999866485596
2018-11-07,1226.199951171875,16.360000610351562,96.0,2813.889892578125,3.2130000591278076
2018-11-08,1222.9000244140625,16.719999313354492,96.63999938964844,2806.830078125,3.2339999675750732
2018-11-09,1206.4000244140625,17.360000610351562,96.91000366210938,2781.010009765625,3.188999891281128
2018-11-12,1201.300048828125,20.450000762939453,97.54000091552734,2726.219970703125,3.186000108718872
2018-11-13,1199.199951171875,20.020000457763672,97.30000305175781,2722.179931640625,3.1449999809265137
2018-11-14,1207.9000244140625,21.25,96.80000305175781,2701.580078125,3.119999885559082
2018-11-15,1212.800048828125,19.979999542236328,96.93000030517578,2730.199951171875,3.118000030517578
2018-11-16,1220.800048828125,18.139999389648438,96.47000122070312,2736.27001953125,3.0739998817443848
2018-11-19,1223.0999755859375,20.100000381469727,96.19000244140625,2690.72998046875,3.056999921798706
2018-11-20,1219.0,22.479999542236328,96.80999755859375,2641.889892578125,3.0480000972747803
2018-11-21,1225.800048828125,20.799999237060547,96.70999908447266,2649.929931640625,3.061000108718872
2018-11-23,1221.0,21.520000457763672,96.91999816894531,2632.56005859375,3.053999900817871
2018-11-26,1220.199951171875,18.899999618530273,97.06999969482422,2673.449951171875,3.072000026702881
2018-11-27,1211.199951171875,19.020000457763672,97.37000274658203,2682.169921875,3.055000066757202
2018-11-28,1221.4000244140625,18.489999771118164,96.79000091552734,2743.7900390625,3.0439999103546143
2018-11-29,1224.0999755859375,18.790000915527344,96.77999877929688,2737.800048828125,3.0350000858306885
2018-11-30,1220.199951171875,18.06999969482422,97.2699966430664,2760.169921875,3.013000011444092
2018-12-03,1233.9000244140625,16.440000534057617,97.04000091552734,2790.3701171875,2.992000102996826
2018-12-04,1241.0999755859375,20.739999771118164,96.97000122070312,2700.06005859375,2.9240000247955322
2018-12-06,1238.0999755859375,21.190000534057617,96.80999755859375,2695.949951171875,2.875999927520752
2018-12-07,1246.800048828125,23.229999542236328,96.51000213623047,2633.080078125,2.8499999046325684
2018-12-10,1243.699951171875,22.639999389648438,97.22000122070312,2637.719970703125,2.8559999465942383
2018-12-11,1241.9000244140625,21.760000228881836,97.38999938964844,2636.780029296875,2.878999948501587
2018-12-12,1244.4000244140625,21.459999084472656,97.04000091552734,2651.070068359375,2.9059998989105225
2018-12-13,1242.699951171875,20.649999618530273,97.05999755859375,2650.5400390625,2.9110000133514404
2018-12-14,1237.0,21.6299991607666,97.44000244140625,2599.949951171875,2.8910000324249268
2018-12-17,1247.4000244140625,24.520000457763672,97.0999984741211,2545.93994140625,2.8570001125335693
2018-12-18,1249.199951171875,25.579999923706055,97.13999938964844,2546.159912109375,2.825000047683716
2018-12-19,1252.0999755859375,25.579999923706055,97.04000091552734,2506.9599609375,2.7780001163482666
2018-12-20,1263.5999755859375,28.3799991607666,96.27999877929688,2467.419921875,2.7890000343322754
2018-12-21,1253.800048828125,30.110000610351562,96.95999908447266,2416.6201171875,2.7920000553131104
2018-12-24,1267.5,36.06999969482422,96.55000305175781,2351.10009765625,2.749000072479248
2018-12-26,1269.199951171875,30.40999984741211,97.05000305175781,2467.699951171875,2.796999931335449
2018-12-27,1277.300048828125,29.959999084472656,96.4800033569336,2488.830078125,2.743000030517578
2018-12-28,1279.9000244140625,28.34000015258789,96.38999938964844,2485.739990234375,2.7360000610351562
2018-12-31,1278.300048828125,25.420000076293945,96.16999816894531,2506.85009765625,2.686000108718872
2019-01-02,1281.0,23.219999313354492,96.81999969482422,2510.030029296875,2.6610000133514404
2019-01-03,1291.800048828125,25.450000762939453,96.30999755859375,2447.889892578125,2.553999900817871
2019-01-04,1282.699951171875,21.3799991607666,96.19000244140625,2531.93994140625,2.6589999198913574
2019-01-07,1286.800048828125,21.399999618530273,95.70999908447266,2549.68994140625,2.681999921798706
2019-01-08,1283.199951171875,20.469999313354492,95.9000015258789,2574.409912109375,2.7160000801086426
2019-01-09,1289.300048828125,19.979999542236328,95.22000122070312,2584.9599609375,2.7279999256134033
2019-01-10,1284.699951171875,19.5,95.54000091552734,2596.639892578125,2.7309999465942383
2019-01-11,1287.0999755859375,18.190000534057617,95.66999816894531,2596.260009765625,2.7009999752044678
2019-01-14,1289.0999755859375,19.06999969482422,95.58999633789062,2582.610107421875,2.7100000381469727
2019-01-15,1286.199951171875,18.600000381469727,95.97000122070312,2610.300048828125,2.7109999656677246
2019-01-16,1291.5999755859375,19.040000915527344,96.05999755859375,2616.10009765625,2.7309999465942383
2019-01-17,1291.0,18.059999465942383,96.06999969482422,2635.9599609375,2.749000072479248
2019-01-18,1281.300048828125,17.799999237060547,96.33999633789062,2670.7099609375,2.7839999198913574
2019-01-22,1282.5,20.799999237060547,96.30000305175781,2632.89990234375,2.7300000190734863
2019-01-23,1283.0999755859375,19.520000457763672,96.12000274658203,2638.699951171875,2.755000114440918
2019-01-24,1279.0999755859375,18.889999389648438,96.5999984741211,2642.330078125,2.7119998931884766
2019-01-25,1297.4000244140625,17.420000076293945,95.79000091552734,2664.760009765625,2.753000020980835
2019-01-28,1302.4000244140625,18.8700008392334,95.75,2643.85009765625,2.74399995803833
2019-01-29,1308.199951171875,19.1299991607666,95.81999969482422,2640.0,2.7119998931884766
2019-01-30,1309.9000244140625,17.65999984741211,95.33999633789062,2681.050048828125,2.694999933242798
2019-01-31,1319.699951171875,16.56999969482422,95.58000183105469,2704.10009765625,2.634999990463257
2019-02-01,1316.9000244140625,16.139999389648438,95.58000183105469,2706.530029296875,2.690999984741211
2019-02-04,1314.300048828125,15.729999542236328,95.8499984741211,2724.8701171875,2.7239999771118164
2019-02-05,1314.199951171875,15.569999694824219,96.0999984741211,2737.699951171875,2.7019999027252197
2019-02-06,1309.5,15.380000114440918,96.41999816894531,2731.610107421875,2.7019999027252197
2019-02-07,1309.4000244140625,16.3700008392334,96.51000213623047,2706.050048828125,2.6519999504089355
2019-02-08,1313.699951171875,15.720000267028809,96.63999938964844,2707.8798828125,2.631999969482422
2019-02-11,1307.0,15.970000267028809,97.05999755859375,2709.800048828125,2.6610000133514404
2019-02-12,1309.199951171875,15.430000305175781,96.70999908447266,2744.72998046875,2.684000015258789
2019-02-13,1310.800048828125,15.649999618530273,97.12999725341797,2753.030029296875,2.7079999446868896
2019-02-14,1309.800048828125,16.219999313354492,96.9800033569336,2745.72998046875,2.6570000648498535
2019-02-15,1318.0999755859375,14.90999984741211,96.91999816894531,2775.60009765625,2.6659998893737793
2019-02-19,1340.0999755859375,14.880000114440918,96.5199966430664,2779.760009765625,2.6470000743865967
2019-02-20,1343.300048828125,14.020000457763672,96.44999694824219,2784.699951171875,2.6540000438690186
2019-02-21,1323.5,14.460000038146973,96.61000061035156,2774.8798828125,2.687999963760376
2019-02-22,1329.199951171875,13.510000228881836,96.51000213623047,2792.669921875,2.6549999713897705
2019-02-25,1325.9000244140625,14.850000381469727,96.41000366210938,2796.110107421875,2.6730000972747803
2019-02-26,1325.0999755859375,15.170000076293945,96.0,2793.89990234375,2.635999917984009
2019-02-27,1317.699951171875,14.699999809265137,96.1500015258789,2792.3798828125,2.693000078201294
2019-02-28,1312.800048828125,14.779999732971191,96.16000366210938,2784.489990234375,2.7109999656677246
2019-03-01,1296.4000244140625,13.569999694824219,96.52999877929688,2803.68994140625,2.755000114440918
2019-03-04,1284.800048828125,14.630000114440918,96.68000030517578,2792.81005859375,2.7219998836517334
2019-03-05,1282.0,14.739999771118164,96.8499984741211,2789.64990234375,2.7219998836517334
2019-03-06,1284.9000244140625,15.739999771118164,96.87000274658203,2771.449951171875,2.691999912261963
2019-03-07,1283.800048828125,16.59000015258789,97.66999816894531,2748.929931640625,2.635999917984009
2019-03-08,1297.0,16.049999237060547,97.37000274658203,2743.070068359375,2.625
2019-03-11,1288.800048828125,14.329999923706055,97.22000122070312,2783.300048828125,2.6429998874664307
2019-03-12,1296.300048828125,13.770000457763672,96.94000244140625,2791.52001953125,2.6050000190734863
2019-03-13,1307.5,13.40999984741211,96.55000305175781,2810.919921875,2.6110000610351562
2019-03-14,1293.4000244140625,13.5,96.79000091552734,2808.47998046875,2.630000114440918
2019-03-15,1301.800048828125,12.880000114440918,96.5999984741211,2822.47998046875,2.5929999351501465
2019-03-18,1300.300048828125,13.100000381469727,96.5199966430664,2832.93994140625,2.6019999980926514
2019-03-19,1305.0,13.5600004196167,96.37999725341797,2832.570068359375,2.614000082015991
2019-03-20,1300.5,13.90999984741211,95.76000213623047,2824.22998046875,2.5350000858306885
2019-03-21,1306.0999755859375,13.630000114440918,96.5,2854.8798828125,2.5369999408721924
2019-03-22,1311.5999755859375,16.479999542236328,96.6500015258789,2800.7099609375,2.4549999237060547
2019-03-25,1321.9000244140625,16.329999923706055,96.56999969482422,2798.360107421875,2.4200000762939453
2019-03-26,1314.300048828125,14.680000305175781,96.73999786376953,2818.4599609375,2.4140000343322754
2019-03-27,1309.9000244140625,15.149999618530273,96.7699966430664,2805.3701171875,2.374000072479248
2019-03-28,1289.800048828125,14.430000305175781,97.19999694824219,2815.43994140625,2.3889999389648438
2019-03-29,1293.0,13.710000038146973,97.27999877929688,2834.39990234375,2.4140000343322754
2019-04-01,1288.4000244140625,13.399999618530273,97.25,2867.18994140625,2.496999979019165
2019-04-02,1290.0,13.359999656677246,97.36000061035156,2867.239990234375,2.4809999465942383
2019-04-03,1289.9000244140625,13.739999771118164,97.08999633789062,2873.39990234375,2.5169999599456787
2019-04-04,1289.0,13.579999923706055,97.30999755859375,2879.389892578125,2.51200008392334
2019-04-05,1290.4000244140625,12.819999694824219,97.4000015258789,2892.739990234375,2.500999927520752
2019-04-08,1297.0999755859375,13.180000305175781,97.05000305175781,2895.77001953125,2.5190000534057617
2019-04-09,1303.5,14.279999732971191,97.01000213623047,2878.199951171875,2.499000072479248
2019-04-10,1309.0999755859375,13.300000190734863,96.94999694824219,2888.2099609375,2.4769999980926514
2019-04-11,1288.5999755859375,13.020000457763672,97.18000030517578,2888.320068359375,2.503999948501587
2019-04-12,1290.5999755859375,12.010000228881836,96.97000122070312,2907.409912109375,2.559999942779541
2019-04-15,1286.800048828125,12.319999694824219,96.94000244140625,2905.580078125,2.552999973297119
2019-04-16,1272.5999755859375,12.180000305175781,97.04000091552734,2907.06005859375,2.5920000076293945
2019-04-17,1272.199951171875,12.600000381469727,97.01000213623047,2900.449951171875,2.5920000076293945
2019-04-18,1271.9000244140625,12.09000015258789,97.47000122070312,2905.030029296875,2.559999942779541
2019-04-22,1273.5,12.420000076293945,97.27999877929688,2907.969970703125,2.5899999141693115
2019-04-23,1269.300048828125,12.279999732971191,97.56999969482422,2933.679931640625,2.569999933242798
2019-04-24,1275.5,13.140000343322754,98.0999984741211,2927.25,2.5220000743865967
2019-04-25,1275.800048828125,13.25,98.19999694824219,2926.169921875,2.5339999198913574
2019-04-26,1284.9000244140625,12.729999542236328,98.01000213623047,2939.8798828125,2.505000114440918
2019-04-29,1278.5999755859375,13.109999656677246,97.86000061035156,2943.030029296875,2.5360000133514404
2019-04-30,1282.800048828125,13.119999885559082,97.4800033569336,2945.830078125,2.509000062942505
2019-05-01,1281.4000244140625,14.800000190734863,97.69000244140625,2923.72998046875,2.510999917984009
2019-05-02,1269.699951171875,14.420000076293945,97.83000183105469,2917.52001953125,2.552000045776367
2019-05-03,1279.199951171875,12.869999885559082,97.5199966430664,2945.639892578125,2.5309998989105225
2019-05-06,1281.699951171875,15.4399995803833,97.5199966430664,2932.469970703125,2.5
2019-05-07,1283.5,19.31999969482422,97.62999725341797,2884.050048828125,2.447999954223633
2019-05-08,1279.4000244140625,19.399999618530273,97.62000274658203,2879.419921875,2.4820001125335693
2019-05-09,1283.5,19.100000381469727,97.37000274658203,2870.719970703125,2.4570000171661377
2019-05-10,1285.699951171875,16.040000915527344,97.33000183105469,2881.39990234375,2.4549999237060547
2019-05-13,1300.0999755859375,20.549999237060547,97.31999969482422,2811.8701171875,2.4049999713897705
2019-05-14,1294.699951171875,18.059999465942383,97.52999877929688,2834.409912109375,2.4189999103546143
2019-05-15,1296.300048828125,16.440000534057617,97.56999969482422,2850.9599609375,2.378999948501587
2019-05-16,1285.0,15.289999961853027,97.83999633789062,2876.320068359375,2.4049999713897705
2019-05-17,1274.5,15.960000038146973,98.0,2859.530029296875,2.3929998874664307
2019-05-20,1276.0999755859375,16.309999465942383,97.93000030517578,2840.22998046875,2.4159998893737793
2019-05-21,1272.0,14.949999809265137,98.05999755859375,2864.360107421875,2.4260001182556152
2019-05-22,1273.5999755859375,14.75,98.11000061035156,2856.27001953125,2.3929998874664307
2019-05-23,1284.800048828125,16.920000076293945,97.8499984741211,2822.239990234375,2.2960000038146973
2019-05-24,1283.0,15.850000381469727,97.61000061035156,2826.06005859375,2.3239998817443848
2019-05-28,1276.5,17.5,97.95999908447266,2802.389892578125,2.2679998874664307
2019-05-29,1280.5999755859375,17.899999618530273,98.13999938964844,2783.02001953125,2.2360000610351562
2019-05-30,1287.0999755859375,17.299999237060547,98.13999938964844,2788.860107421875,2.2269999980926514
2019-05-31,1305.800048828125,18.709999084472656,97.75,2752.06005859375,2.1419999599456787
2019-06-03,1322.699951171875,18.860000610351562,97.13999938964844,2744.449951171875,2.0810000896453857
2019-06-04,1323.4000244140625,16.969999313354492,97.06999969482422,2803.27001953125,2.11899995803833
2019-06-05,1328.300048828125,16.09000015258789,97.37000274658203,2826.14990234375,2.122999906539917
2019-06-06,1337.5999755859375,15.930000305175781,97.02999877929688,2843.489990234375,2.124000072479248
2019-06-07,1341.199951171875,16.299999237060547,96.61000061035156,2873.340087890625,2.0840001106262207
2019-06-10,1324.699951171875,15.9399995803833,96.76000213623047,2886.72998046875,2.1429998874664307
2019-06-11,1326.4000244140625,15.989999771118164,96.69000244140625,2885.719970703125,2.140000104904175
2019-06-12,1331.9000244140625,15.90999984741211,97.0,2879.840087890625,2.127000093460083
2019-06-13,1339.199951171875,15.819999694824219,97.01000213623047,2891.639892578125,2.0910000801086426
2019-06-14,1340.0999755859375,15.279999732971191,97.56999969482422,2886.97998046875,2.0929999351501465
2019-06-17,1338.699951171875,15.350000381469727,97.55999755859375,2889.669921875,2.0859999656677246
2019-06-18,1346.5999755859375,15.149999618530273,97.63999938964844,2917.75,2.059999942779541
2019-06-19,1344.5999755859375,14.329999923706055,97.12000274658203,2926.4599609375,2.0290000438690186
2019-06-20,1392.9000244140625,14.75,96.62999725341797,2954.179931640625,2.000999927520752
2019-06-21,1396.199951171875,15.399999618530273,96.22000122070312,2950.4599609375,2.068000078201294
2019-06-24,1414.300048828125,15.260000228881836,95.9800033569336,2945.35009765625,2.0209999084472656
2019-06-25,1414.9000244140625,16.280000686645508,96.16000366210938,2917.3798828125,1.99399995803833
2019-06-26,1411.5999755859375,16.209999084472656,96.20999908447266,2913.780029296875,2.0490000247955322
2019-06-27,1408.4000244140625,15.819999694824219,96.19000244140625,2924.919921875,2.005000114440918
2019-06-28,1409.699951171875,15.079999923706055,96.12999725341797,2941.760009765625,2.0
2019-07-01,1385.5999755859375,14.0600004196167,96.83999633789062,2964.330078125,2.0339999198913574
2019-07-02,1404.5999755859375,12.930000305175781,96.7300033569336,2973.010009765625,1.9759999513626099
2019-07-03,1417.699951171875,12.569999694824219,96.7699966430664,2995.820068359375,1.9529999494552612
2019-07-05,1396.699951171875,13.279999732971191,97.25,2990.409912109375,2.0480000972747803
2019-07-08,1397.0,13.960000038146973,97.37999725341797,2975.949951171875,2.0339999198913574
2019-07-09,1397.5,14.09000015258789,97.48999786376953,2979.6298828125,2.053999900817871
2019-07-10,1410.0999755859375,13.029999732971191,97.0999984741211,2993.070068359375,2.061000108718872
2019-07-11,1404.300048828125,12.930000305175781,97.05000305175781,2999.909912109375,2.119999885559082
2019-07-12,1409.9000244140625,12.390000343322754,96.80999755859375,3013.77001953125,2.1059999465942383
2019-07-15,1411.4000244140625,12.680000305175781,96.93000030517578,3014.300048828125,2.0920000076293945
2019-07-16,1409.199951171875,12.859999656677246,97.4000015258789,3004.0400390625,2.121999979019165
2019-07-17,1421.300048828125,13.970000267028809,97.22000122070312,2984.419921875,2.061000108718872
2019-07-18,1426.0999755859375,13.529999732971191,96.79000091552734,2995.110107421875,2.0380001068115234
2019-07-19,1425.0999755859375,14.449999809265137,97.1500015258789,2976.610107421875,2.0480000972747803
2019-07-22,1425.300048828125,13.529999732971191,97.26000213623047,2985.030029296875,2.0429999828338623
2019-07-23,1420.0999755859375,12.609999656677246,97.70999908447266,3005.469970703125,2.0739998817443848
2019-07-24,1422.800048828125,12.069999694824219,97.7300033569336,3019.56005859375,2.049999952316284
2019-07-25,1413.9000244140625,12.739999771118164,97.81999969482422,3003.669921875,2.0739998817443848
2019-07-26,1418.5,12.15999984741211,98.01000213623047,3025.860107421875,2.0810000896453857
2019-07-29,1419.5999755859375,12.829999923706055,98.04000091552734,3020.969970703125,2.055000066757202
2019-07-30,1429.699951171875,13.9399995803833,98.05000305175781,3013.179931640625,2.061000108718872
2019-07-31,1426.0999755859375,16.1200008392334,98.5199966430664,2980.3798828125,2.0209999084472656
2019-08-01,1420.9000244140625,17.8700008392334,98.38999938964844,2953.56005859375,1.8940000534057617
2019-08-02,1445.5999755859375,17.610000610351562,98.0999984741211,2932.050048828125,1.8550000190734863
2019-08-05,1464.5999755859375,24.59000015258789,97.5,2844.739990234375,1.7350000143051147
2019-08-06,1472.4000244140625,20.170000076293945,97.62999725341797,2881.77001953125,1.7389999628067017
2019-08-07,1507.300048828125,19.489999771118164,97.54000091552734,2883.97998046875,1.684000015258789
2019-08-08,1497.699951171875,16.90999984741211,97.62000274658203,2938.090087890625,1.715999960899353
2019-08-09,1496.5999755859375,17.969999313354492,97.48999786376953,2918.64990234375,1.7339999675750732
2019-08-12,1505.300048828125,21.09000015258789,97.37999725341797,2882.699951171875,1.6390000581741333
2019-08-13,1502.199951171875,17.520000457763672,97.80999755859375,2926.320068359375,1.6799999475479126
2019-08-14,1515.9000244140625,22.100000381469727,97.98999786376953,2840.60009765625,1.5809999704360962
2019-08-15,1519.5999755859375,21.18000030517578,98.13999938964844,2847.60009765625,1.5290000438690186
2019-08-16,1512.5,18.469999313354492,98.13999938964844,2888.679931640625,1.5390000343322754
2019-08-19,1500.4000244140625,16.8799991607666,98.3499984741211,2923.64990234375,1.5980000495910645
2019-08-20,1504.5999755859375,17.5,98.19000244140625,2900.510009765625,1.5609999895095825
2019-08-21,1504.5999755859375,15.800000190734863,98.30000305175781,2924.429931640625,1.5770000219345093
2019-08-22,1497.300048828125,16.68000030517578,98.16999816894531,2922.949951171875,1.6100000143051147
2019-08-23,1526.5999755859375,19.8700008392334,97.63999938964844,2847.110107421875,1.527999997138977
2019-08-26,1526.300048828125,19.31999969482422,98.08000183105469,2878.3798828125,1.5449999570846558
2019-08-27,1541.0,20.309999465942383,98.0,2869.159912109375,1.4900000095367432
2019-08-28,1537.800048828125,19.350000381469727,98.20999908447266,2887.93994140625,1.465999960899353
2019-08-29,1526.5,17.8799991607666,98.51000213623047,2924.580078125,1.5160000324249268
2019-08-30,1519.0999755859375,18.979999542236328,98.91999816894531,2926.4599609375,1.50600004196167
2019-09-03,1545.9000244140625,19.65999984741211,98.94999694824219,2906.27001953125,1.465999960899353
2019-09-04,1550.300048828125,17.329999923706055,98.44999694824219,2937.780029296875,1.4589999914169312
2019-09-05,1515.4000244140625,16.270000457763672,98.41000366210938,2976.0,1.565000057220459
2019-09-06,1506.199951171875,15.0,98.38999938964844,2978.7099609375,1.5499999523162842
2019-09-09,1502.199951171875,15.270000457763672,98.27999877929688,2978.429931640625,1.621999979019165
2019-09-10,1490.300048828125,15.199999809265137,98.33000183105469,2979.389892578125,1.7020000219345093
2019-09-11,1494.4000244140625,14.609999656677246,98.6500015258789,3000.929931640625,1.7330000400543213
2019-09-12,1498.699951171875,14.220000267028809,98.30999755859375,3009.570068359375,1.7910000085830688
2019-09-13,1490.9000244140625,13.739999771118164,98.26000213623047,3007.389892578125,1.902999997138977
2019-09-16,1503.0999755859375,14.670000076293945,98.6500015258789,2997.9599609375,1.840999960899353
2019-09-17,1505.0999755859375,14.4399995803833,98.26000213623047,3005.699951171875,1.812000036239624
2019-09-18,1507.5,13.949999809265137,98.5999984741211,3006.72998046875,1.7860000133514404
2019-09-19,1498.4000244140625,14.050000190734863,98.2699966430664,3006.7900390625,1.7740000486373901
2019-09-20,1507.300048828125,15.319999694824219,98.51000213623047,2992.070068359375,1.7549999952316284
2019-09-23,1523.699951171875,14.90999984741211,98.5999984741211,2991.780029296875,1.7079999446868896
2019-09-24,1532.0999755859375,17.049999237060547,98.33999633789062,2966.60009765625,1.6349999904632568
2019-09-25,1504.5999755859375,15.960000038146973,99.04000091552734,2984.8701171875,1.7319999933242798
2019-09-26,1507.5,16.06999969482422,99.20999908447266,2977.6201171875,1.684999942779541
2019-09-27,1499.0999755859375,17.219999313354492,99.11000061035156,2961.7900390625,1.6749999523162842
2019-09-30,1465.699951171875,16.239999771118164,99.37999725341797,2976.739990234375,1.6749999523162842
2019-10-01,1482.0,18.559999465942383,99.12999725341797,2940.25,1.6440000534057617
2019-10-02,1501.0,20.559999465942383,99.04000091552734,2887.610107421875,1.5959999561309814
2019-10-03,1507.0999755859375,19.1200008392334,98.86000061035156,2910.6298828125,1.5360000133514404
2019-10-04,1506.199951171875,17.040000915527344,98.80999755859375,2952.010009765625,1.5149999856948853
2019-10-07,1497.699951171875,17.860000610351562,98.98999786376953,2938.7900390625,1.5529999732971191
2019-10-08,1497.199951171875,20.280000686645508,99.13999938964844,2893.06005859375,1.5369999408721924
2019-10-09,1506.0999755859375,18.639999389648438,99.12000274658203,2919.39990234375,1.5889999866485596
2019-10-10,1494.800048828125,17.56999969482422,98.70999908447266,2938.1298828125,1.6579999923706055
2019-10-11,1482.699951171875,15.579999923706055,98.30000305175781,2970.27001953125,1.7519999742507935
2019-10-14,1491.699951171875,14.569999694824219,98.44999694824219,2966.14990234375,1.7330000400543213
2019-10-15,1477.5999755859375,13.539999961853027,98.29000091552734,2995.679931640625,1.7710000276565552
2019-10-16,1488.0,13.680000305175781,98.01000213623047,2989.68994140625,1.7480000257492065
2019-10-17,1492.300048828125,13.789999961853027,97.61000061035156,2997.949951171875,1.7569999694824219
2019-10-18,1488.199951171875,14.25,97.27999877929688,2986.199951171875,1.746999979019165
2019-10-21,1482.4000244140625,14.0,97.33000183105469,3006.719970703125,1.7920000553131104
2019-10-22,1481.699951171875,14.460000038146973,97.52999877929688,2995.989990234375,1.7680000066757202
2019-10-23,1489.9000244140625,14.010000228881836,97.47000122070312,3004.52001953125,1.7589999437332153
2019-10-24,1498.9000244140625,13.710000038146973,97.62999725341797,3010.2900390625,1.7660000324249268
2019-10-25,1499.5,12.649999618530273,97.83000183105469,3022.550048828125,1.8009999990463257
2019-10-28,1490.0,13.109999656677246,97.76000213623047,3039.419921875,1.8530000448226929
2019-10-29,1487.0,13.199999809265137,97.69000244140625,3036.889892578125,1.8350000381469727
2019-10-30,1493.199951171875,12.329999923706055,97.6500015258789,3046.77001953125,1.7979999780654907
2019-10-31,1511.4000244140625,13.220000267028809,97.3499984741211,3037.56005859375,1.690999984741211
2019-11-01,1508.0,12.300000190734863,97.23999786376953,3066.909912109375,1.7280000448226929
2019-11-04,1508.0,12.829999923706055,97.51000213623047,3078.27001953125,1.7860000133514404
2019-11-05,1480.800048828125,13.100000381469727,97.9800033569336,3074.6201171875,1.8660000562667847
2019-11-06,1490.199951171875,12.619999885559082,97.94999694824219,3076.780029296875,1.8140000104904175
2019-11-07,1464.199951171875,12.729999542236328,98.13999938964844,3085.179931640625,1.9259999990463257
2019-11-08,1461.300048828125,12.069999694824219,98.3499984741211,3093.080078125,1.9329999685287476
2019-11-11,1455.5,12.6899995803833,98.19999694824219,3087.010009765625,1.9429999589920044
2019-11-12,1452.0999755859375,12.680000305175781,98.30999755859375,3091.840087890625,1.909000039100647
2019-11-13,1461.699951171875,13.0,98.37000274658203,3094.0400390625,1.8700000047683716
2019-11-14,1471.800048828125,13.050000190734863,98.16000366210938,3096.6298828125,1.815000057220459
2019-11-15,1467.300048828125,12.050000190734863,98.0,3120.4599609375,1.8339999914169312
2019-11-18,1470.9000244140625,12.460000038146973,97.79000091552734,3122.030029296875,1.8079999685287476
2019-11-19,1473.300048828125,12.859999656677246,97.86000061035156,3120.179931640625,1.7860000133514404
2019-11-20,1473.300048828125,12.779999732971191,97.93000030517578,3108.4599609375,1.7380000352859497
2019-11-21,1463.0999755859375,13.130000114440918,97.98999786376953,3103.5400390625,1.7719999551773071
2019-11-22,1463.0999755859375,12.34000015258789,98.2699966430664,3110.2900390625,1.7740000486373901
2019-11-25,1456.5999755859375,11.869999885559082,98.31999969482422,3133.639892578125,1.7640000581741333
2019-11-26,1459.800048828125,11.539999961853027,98.25,3140.52001953125,1.7400000095367432
2019-11-27,1453.4000244140625,11.75,98.41000366210938,3153.6298828125,1.7669999599456787
2019-11-29,1465.5999755859375,12.619999885559082,98.2699966430664,3140.97998046875,1.7760000228881836
2019-12-02,1462.300048828125,14.90999984741211,97.86000061035156,3113.8701171875,1.8359999656677246
2019-12-03,1478.199951171875,15.960000038146973,97.73999786376953,3093.199951171875,1.7089999914169312
2019-12-04,1474.0,14.800000190734863,97.6500015258789,3112.760009765625,1.781000018119812
2019-12-05,1476.9000244140625,14.520000457763672,97.41000366210938,3117.429931640625,1.7970000505447388
2019-12-06,1459.0999755859375,13.619999885559082,97.69999694824219,3145.909912109375,1.8420000076293945
2019-12-09,1459.300048828125,15.859999656677246,97.63999938964844,3135.9599609375,1.8289999961853027
2019-12-10,1462.5999755859375,15.680000305175781,97.41000366210938,3132.52001953125,1.8329999446868896
2019-12-11,1469.4000244140625,14.989999771118164,97.16000366210938,3141.6298828125,1.7899999618530273
2019-12-12,1466.699951171875,13.9399995803833,97.4000015258789,3168.570068359375,1.8969999551773071
2019-12-13,1475.5999755859375,12.630000114440918,97.16999816894531,3168.800048828125,1.819000005722046
2019-12-16,1475.0,12.140000343322754,97.06999969482422,3191.449951171875,1.8919999599456787
2019-12-17,1474.5999755859375,12.289999961853027,97.20999908447266,3192.52001953125,1.8890000581741333
2019-12-18,1472.5999755859375,12.579999923706055,97.41000366210938,3191.139892578125,1.9240000247955322
2019-12-19,1478.199951171875,12.5,97.41999816894531,3205.3701171875,1.9079999923706055
2019-12-20,1474.699951171875,12.510000228881836,97.70999908447266,3221.219970703125,1.9170000553131104
2019-12-23,1482.5,12.609999656677246,97.66000366210938,3224.010009765625,1.934999942779541
2019-12-24,1499.0999755859375,12.670000076293945,97.6500015258789,3223.3798828125,1.909999966621399
2019-12-26,1509.300048828125,12.649999618530273,97.58999633789062,3239.909912109375,1.9049999713897705
2019-12-27,1513.800048828125,13.430000305175781,96.91999816894531,3240.02001953125,1.8739999532699585
2019-12-30,1514.5,14.819999694824219,96.73999786376953,3221.2900390625,1.8949999809265137
2019-12-31,1519.5,13.779999732971191,96.38999938964844,3230.780029296875,1.9190000295639038
2020-01-02,1524.5,12.470000267028809,96.8499984741211,3257.85009765625,1.8819999694824219
2020-01-03,1549.199951171875,14.020000457763672,96.83999633789062,3234.85009765625,1.7879999876022339
2020-01-06,1566.199951171875,13.850000381469727,96.66999816894531,3246.280029296875,1.8109999895095825
2020-01-07,1571.800048828125,13.789999961853027,96.9800033569336,3237.179931640625,1.8270000219345093
2020-01-08,1557.4000244140625,13.449999809265137,97.30000305175781,3253.050048828125,1.8739999532699585
2020-01-09,1551.699951171875,12.539999961853027,97.44999694824219,3274.699951171875,1.8580000400543213
2020-01-10,1557.5,12.5600004196167,97.36000061035156,3265.35009765625,1.8250000476837158
2020-01-13,1548.4000244140625,12.319999694824219,97.3499984741211,3288.1298828125,1.8480000495910645
2020-01-14,1542.4000244140625,12.390000343322754,97.37000274658203,3283.14990234375,1.8179999589920044
2020-01-15,1552.0999755859375,12.420000076293945,97.2300033569336,3289.2900390625,1.7879999876022339
2020-01-16,1549.0,12.319999694824219,97.31999969482422,3316.81005859375,1.809000015258789
2020-01-17,1558.800048828125,12.100000381469727,97.61000061035156,3329.6201171875,1.8359999656677246
2020-01-21,1556.4000244140625,12.850000381469727,97.52999877929688,3320.7900390625,1.7690000534057617
2020-01-22,1555.300048828125,12.90999984741211,97.52999877929688,3321.75,1.7690000534057617
2020-01-23,1564.5999755859375,12.979999542236328,97.69000244140625,3325.5400390625,1.7400000095367432
2020-01-24,1571.0999755859375,14.5600004196167,97.8499984741211,3295.469970703125,1.680999994277954
2020-01-27,1576.800048828125,18.229999542236328,97.95999908447266,3243.6298828125,1.6050000190734863
2020-01-28,1569.199951171875,16.280000686645508,98.0199966430664,3276.239990234375,1.6410000324249268
2020-01-29,1569.800048828125,16.389999389648438,97.98999786376953,3273.39990234375,1.593999981880188
2020-01-30,1583.5,15.489999771118164,97.87000274658203,3283.659912109375,1.5579999685287476
2020-01-31,1582.9000244140625,18.84000015258789,97.38999938964844,3225.52001953125,1.5199999809265137
2020-02-03,1577.199951171875,17.969999313354492,97.80000305175781,3248.919921875,1.5199999809265137
2020-02-04,1550.4000244140625,16.049999237060547,97.95999908447266,3297.590087890625,1.6030000448226929
2020-02-05,1557.800048828125,15.149999618530273,98.2699966430664,3334.68994140625,1.6490000486373901
2020-02-06,1565.0999755859375,14.960000038146973,98.5,3345.780029296875,1.6440000534057617
2020-02-07,1568.5999755859375,15.470000267028809,98.68000030517578,3327.7099609375,1.5779999494552612
2020-02-10,1574.699951171875,15.039999961853027,98.83000183105469,3352.090087890625,1.5470000505447388
2020-02-11,1565.5999755859375,15.180000305175781,98.72000122070312,3357.75,1.590000033378601
2020-02-12,1567.4000244140625,13.739999771118164,99.05000305175781,3379.449951171875,1.6299999952316284
2020-02-13,1575.0999755859375,14.149999618530273,99.06999969482422,3373.93994140625,1.6169999837875366
2020-02-14,1582.699951171875,13.680000305175781,99.12000274658203,3380.159912109375,1.5880000591278076
2020-02-18,1600.0,14.829999923706055,99.45999908447266,3370.2900390625,1.555999994277954
2020-02-19,1607.5,14.380000114440918,99.5999984741211,3386.14990234375,1.5700000524520874
2020-02-20,1616.5999755859375,15.5600004196167,99.87000274658203,3373.22998046875,1.524999976158142
2020-02-21,1644.5999755859375,17.079999923706055,99.26000213623047,3337.75,1.4709999561309814
2020-02-24,1672.4000244140625,25.030000686645508,99.29000091552734,3225.889892578125,1.3769999742507935
2020-02-25,1646.9000244140625,27.850000381469727,98.97000122070312,3128.2099609375,1.3300000429153442
2020-02-26,1640.0,27.559999465942383,99.0,3116.389892578125,1.309999942779541
2020-02-27,1640.0,39.15999984741211,98.44000244140625,2978.760009765625,1.2990000247955322
2020-02-28,1564.0999755859375,40.11000061035156,98.12999725341797,2954.219970703125,1.1269999742507935
2020-03-02,1592.300048828125,33.41999816894531,97.36000061035156,3090.22998046875,1.0880000591278076
2020-03-03,1642.0999755859375,36.81999969482422,97.1500015258789,3003.3701171875,1.0099999904632568
2020-03-04,1641.0999755859375,31.989999771118164,97.33999633789062,3130.1201171875,0.9919999837875366
2020-03-05,1666.4000244140625,39.619998931884766,96.81999969482422,3023.93994140625,0.9259999990463257
2020-03-06,1670.800048828125,41.939998626708984,95.94999694824219,2972.3701171875,0.7059999704360962
2020-03-09,1674.5,54.459999084472656,94.9000015258789,2746.56005859375,0.49900001287460327
2020-03-10,1659.0999755859375,47.29999923706055,96.41000366210938,2882.22998046875,0.7480000257492065
2020-03-11,1641.4000244140625,53.900001525878906,96.51000213623047,2741.3798828125,0.8199999928474426
2020-03-12,1589.300048828125,75.47000122070312,97.47000122070312,2480.639892578125,0.8489999771118164
2020-03-13,1515.699951171875,57.83000183105469,98.75,2711.02001953125,0.9509999752044678
2020-03-16,1485.9000244140625,82.69000244140625,98.08999633789062,2386.1298828125,0.7279999852180481
2020-03-17,1524.9000244140625,75.91000366210938,99.58000183105469,2529.18994140625,0.996999979019165
2020-03-18,1477.300048828125,76.44999694824219,101.16000366210938,2398.10009765625,1.2660000324249268
2020-03-19,1478.5999755859375,72.0,102.76000213623047,2409.389892578125,1.11899995803833
2020-03-20,1484.0,66.04000091552734,102.81999969482422,2304.919921875,0.9380000233650208
2020-03-23,1567.0,61.59000015258789,102.48999786376953,2237.39990234375,0.7639999985694885
2020-03-24,1660.199951171875,61.66999816894531,101.73999786376953,2447.330078125,0.8159999847412109
2020-03-25,1632.300048828125,63.95000076293945,101.05000305175781,2475.56005859375,0.8579999804496765
2020-03-26,1650.0999755859375,61.0,99.41999816894531,2630.070068359375,0.8109999895095825
2020-03-27,1623.9000244140625,65.54000091552734,98.37000274658203,2541.469970703125,0.7490000128746033
2020-03-30,1622.0,57.08000183105469,99.18000030517578,2626.64990234375,0.6700000166893005
2020-03-31,1583.4000244140625,53.540000915527344,99.05000305175781,2584.590087890625,0.6980000138282776
2020-04-01,1578.199951171875,57.060001373291016,99.66999816894531,2470.5,0.6349999904632568
2020-04-02,1625.699951171875,50.90999984741211,100.18000030517578,2526.89990234375,0.6269999742507935
2020-04-03,1633.699951171875,46.79999923706055,100.58000183105469,2488.64990234375,0.5870000123977661
2020-04-06,1677.0,45.2400016784668,100.69000244140625,2663.679931640625,0.6759999990463257
2020-04-07,1664.800048828125,46.70000076293945,99.9800033569336,2659.409912109375,0.7360000014305115
2020-04-08,1665.4000244140625,43.349998474121094,100.12000274658203,2749.97998046875,0.7639999985694885
2020-04-09,1736.199951171875,41.66999816894531,99.5199966430664,2789.820068359375,0.7289999723434448
2020-04-13,1744.800048828125,41.16999816894531,99.3499984741211,2761.6298828125,0.7490000128746033
2020-04-14,1756.699951171875,37.7599983215332,98.88999938964844,2846.06005859375,0.7519999742507935
2020-04-15,1727.199951171875,40.84000015258789,99.45999908447266,2783.360107421875,0.6380000114440918
2020-04-16,1720.4000244140625,40.11000061035156,100.02999877929688,2799.550048828125,0.609000027179718
2020-04-17,1689.199951171875,38.150001525878906,99.77999877929688,2874.56005859375,0.6539999842643738
2020-04-20,1701.5999755859375,43.83000183105469,99.95999908447266,2823.159912109375,0.6259999871253967
2020-04-21,1678.199951171875,45.40999984741211,100.26000213623047,2736.56005859375,0.5709999799728394
2020-04-22,1728.699951171875,41.97999954223633,100.38999938964844,2799.31005859375,0.6190000176429749
2020-04-23,1733.300048828125,41.380001068115234,100.43000030517578,2797.800048828125,0.6129999756813049
2020-04-24,1723.5,35.93000030517578,100.37999725341797,2836.739990234375,0.5960000157356262
2020-04-27,1711.9000244140625,33.290000915527344,100.04000091552734,2878.47998046875,0.656000018119812
2020-04-28,1710.5,33.56999969482422,99.87000274658203,2863.389892578125,0.6100000143051147
2020-04-29,1703.4000244140625,31.229999542236328,99.56999969482422,2939.510009765625,0.6269999742507935
2020-04-30,1684.199951171875,34.150001525878906,99.0199966430664,2912.429931640625,0.621999979019165
2020-05-01,1694.5,37.189998626708984,98.80000305175781,2830.7099609375,0.6420000195503235
2020-05-04,1706.9000244140625,35.970001220703125,99.4800033569336,2842.739990234375,0.6370000243186951
2020-05-05,1704.4000244140625,33.61000061035156,99.70999908447266,2868.43994140625,0.6570000052452087
2020-05-06,1684.199951171875,34.119998931884766,100.08999633789062,2848.419921875,0.7110000252723694
2020-05-07,1721.800048828125,31.440000534057617,99.88999938964844,2881.18994140625,0.6309999823570251
2020-05-08,1709.9000244140625,27.979999542236328,99.7300033569336,2929.800048828125,0.6819999814033508
2020-05-11,1695.300048828125,27.56999969482422,100.23999786376953,2930.18994140625,0.7260000109672546
2020-05-12,1704.4000244140625,33.040000915527344,99.93000030517578,2870.1201171875,0.6779999732971191
2020-05-13,1713.9000244140625,35.279998779296875,100.23999786376953,2820.0,0.6489999890327454
2020-05-14,1738.0999755859375,32.61000061035156,100.47000122070312,2852.5,0.6190000176429749
2020-05-15,1753.4000244140625,31.889999389648438,100.4000015258789,2863.699951171875,0.6399999856948853
2020-05-18,1731.800048828125,29.299999237060547,99.66999816894531,2953.909912109375,0.7440000176429749
2020-05-19,1744.199951171875,30.530000686645508,99.37000274658203,2922.93994140625,0.7110000252723694
2020-05-20,1750.5999755859375,27.989999771118164,99.12000274658203,2971.610107421875,0.6800000071525574
2020-05-21,1720.5,29.530000686645508,99.37000274658203,2948.510009765625,0.6769999861717224
2020-05-22,1734.5999755859375,28.15999984741211,99.86000061035156,2955.449951171875,0.6570000052452087
2020-05-26,1704.800048828125,28.010000228881836,98.91000366210938,2991.77001953125,0.6980000138282776
2020-05-27,1710.300048828125,27.6200008392334,99.05999755859375,3036.1298828125,0.6800000071525574
2020-05-28,1713.300048828125,28.59000015258789,98.37999725341797,3029.72998046875,0.7049999833106995
2020-05-29,1736.9000244140625,27.510000228881836,98.33999633789062,3044.31005859375,0.6480000019073486
2020-06-01,1737.800048828125,28.229999542236328,97.83000183105469,3055.72998046875,0.6620000004768372
2020-06-02,1725.199951171875,26.84000015258789,97.66999816894531,3080.820068359375,0.6800000071525574
2020-06-03,1697.800048828125,25.65999984741211,97.27999877929688,3122.8701171875,0.7609999775886536
2020-06-04,1718.9000244140625,25.809999465942383,96.68000030517578,3112.35009765625,0.8199999928474426
2020-06-05,1676.199951171875,24.520000457763672,96.94000244140625,3193.929931640625,0.9039999842643738
2020-06-08,1698.300048828125,25.809999465942383,96.62000274658203,3232.389892578125,0.8840000033378601
2020-06-09,1714.699951171875,27.56999969482422,96.31999969482422,3207.179931640625,0.8289999961853027
2020-06-10,1713.300048828125,27.56999969482422,95.95999908447266,3190.139892578125,0.7480000257492065
2020-06-11,1732.0,40.790000915527344,96.7300033569336,3002.10009765625,0.652999997138977
2020-06-12,1729.300048828125,36.09000015258789,97.31999969482422,3041.31005859375,0.6990000009536743
2020-06-15,1720.300048828125,34.400001525878906,96.68000030517578,3066.590087890625,0.7020000219345093
2020-06-16,1729.5999755859375,33.66999816894531,96.95999908447266,3124.739990234375,0.7559999823570251
2020-06-17,1729.199951171875,33.470001220703125,97.16000366210938,3113.489990234375,0.7329999804496765
2020-06-18,1724.800048828125,32.939998626708984,97.41999816894531,3115.340087890625,0.6940000057220459
2020-06-19,1745.9000244140625,35.119998931884766,97.62000274658203,3097.739990234375,0.6970000267028809
2020-06-22,1756.699951171875,31.770000457763672,97.04000091552734,3117.860107421875,0.7039999961853027
2020-06-23,1772.0999755859375,31.3700008392334,96.69000244140625,3131.2900390625,0.7089999914169312
2020-06-24,1765.800048828125,33.84000015258789,97.1500015258789,3050.330078125,0.6840000152587891
2020-06-25,1762.0999755859375,32.220001220703125,97.43000030517578,3083.760009765625,0.6740000247955322
2020-06-26,1772.5,34.72999954223633,97.5,3009.050048828125,0.6359999775886536
2020-06-29,1774.800048828125,31.780000686645508,97.54000091552734,3053.239990234375,0.6359999775886536
2020-06-30,1793.0,30.43000030517578,97.38999938964844,3100.2900390625,0.652999997138977
2020-07-01,1773.199951171875,28.6200008392334,97.19999694824219,3115.860107421875,0.6819999814033508
2020-07-02,1784.0,27.68000030517578,97.31999969482422,3130.010009765625,0.6690000295639038
2020-07-06,1788.5,27.940000534057617,96.79000091552734,3179.719970703125,0.6840000152587891
2020-07-07,1804.199951171875,29.43000030517578,96.87999725341797,3145.320068359375,0.6499999761581421
2020-07-08,1815.5,28.079999923706055,96.43000030517578,3169.93994140625,0.652999997138977
2020-07-09,1799.199951171875,29.260000228881836,96.69999694824219,3152.050048828125,0.6050000190734863
2020-07-10,1798.199951171875,27.290000915527344,96.6500015258789,3185.0400390625,0.6330000162124634
2020-07-13,1811.0,32.189998626708984,96.45999908447266,3155.219970703125,0.6399999856948853
2020-07-14,1810.5999755859375,29.520000457763672,96.26000213623047,3197.52001953125,0.6150000095367432
2020-07-15,1811.4000244140625,27.760000228881836,96.08000183105469,3226.56005859375,0.6299999952316284
2020-07-16,1798.699951171875,28.0,96.3499984741211,3215.570068359375,0.6119999885559082
2020-07-17,1808.300048828125,25.68000030517578,95.94000244140625,3224.72998046875,0.628000020980835
2020-07-20,1815.9000244140625,24.459999084472656,95.83000183105469,3251.840087890625,0.6200000047683716
2020-07-21,1842.4000244140625,24.84000015258789,95.12000274658203,3257.300048828125,0.6069999933242798
2020-07-22,1864.0999755859375,24.31999969482422,94.97000122070312,3276.02001953125,0.5950000286102295
2020-07-23,1889.0999755859375,26.079999923706055,94.69000244140625,3235.659912109375,0.5820000171661377
2020-07-24,1897.300048828125,25.84000015258789,94.44000244140625,3215.6298828125,0.5889999866485596
2020-07-27,1931.0,24.739999771118164,93.66999816894531,3239.409912109375,0.609000027179718
2020-07-28,1944.699951171875,25.440000534057617,93.76000213623047,3218.43994140625,0.5809999704360962
2020-07-29,1953.5,24.100000381469727,93.26000213623047,3258.43994140625,0.5789999961853027
2020-07-30,1942.300048828125,24.760000228881836,93.0199966430664,3246.219970703125,0.5410000085830688
2020-07-31,1962.800048828125,24.459999084472656,93.48999786376953,3271.1201171875,0.5360000133514404
2020-08-03,1966.0,24.280000686645508,93.5,3294.610107421875,0.5630000233650208
2020-08-04,2001.199951171875,23.760000228881836,93.37999725341797,3306.510009765625,0.5149999856948853
2020-08-05,2031.0999755859375,22.989999771118164,92.83000183105469,3327.77001953125,0.5429999828338623
2020-08-06,2051.5,22.649999618530273,92.79000091552734,3349.159912109375,0.5360000133514404
2020-08-07,2010.0999755859375,22.209999084472656,93.44000244140625,3351.280029296875,0.5619999766349792
2020-08-10,2024.4000244140625,22.1299991607666,93.58000183105469,3360.469970703125,0.5740000009536743
2020-08-11,1932.5999755859375,24.030000686645508,93.62999725341797,3333.68994140625,0.6579999923706055
2020-08-12,1934.9000244140625,22.280000686645508,93.44000244140625,3380.35009765625,0.6700000166893005
2020-08-13,1956.699951171875,22.1299991607666,93.33999633789062,3373.429931640625,0.7160000205039978
2020-08-14,1937.0,22.049999237060547,93.0999984741211,3372.85009765625,0.7089999914169312
2020-08-17,1985.0,21.350000381469727,92.8499984741211,3381.989990234375,0.6830000281333923
2020-08-18,1999.4000244140625,21.510000228881836,92.2699966430664,3389.780029296875,0.6690000295639038
2020-08-19,1958.699951171875,22.540000915527344,92.88999938964844,3374.85009765625,0.675000011920929
2020-08-20,1933.800048828125,22.719999313354492,92.79000091552734,3385.510009765625,0.6439999938011169
2020-08-21,1934.5999755859375,22.540000915527344,93.25,3397.159912109375,0.6399999856948853
2020-08-24,1927.699951171875,22.3700008392334,93.30000305175781,3431.280029296875,0.6460000276565552
2020-08-25,1911.800048828125,22.030000686645508,93.0199966430664,3443.6201171875,0.6819999814033508
2020-08-26,1940.699951171875,23.270000457763672,93.01000213623047,3478.72998046875,0.6869999766349792
2020-08-27,1921.5999755859375,24.469999313354492,93.01000213623047,3484.550048828125,0.7459999918937683
2020-08-28,1964.5999755859375,22.959999084472656,92.37000274658203,3508.010009765625,0.7289999723434448
2020-08-31,1967.5999755859375,26.40999984741211,92.13999938964844,3500.31005859375,0.6930000185966492
2020-09-01,1968.199951171875,26.1200008392334,92.33999633789062,3526.64990234375,0.671999990940094
2020-09-02,1934.4000244140625,26.56999969482422,92.8499984741211,3580.840087890625,0.6510000228881836
2020-09-03,1927.5999755859375,33.599998474121094,92.73999786376953,3455.06005859375,0.621999979019165
2020-09-04,1923.9000244140625,30.75,92.72000122070312,3426.9599609375,0.7210000157356262
2020-09-08,1933.0,31.459999084472656,93.4800033569336,3331.840087890625,0.6840000152587891
2020-09-09,1944.699951171875,28.809999465942383,93.26000213623047,3398.9599609375,0.703000009059906
2020-09-10,1954.199951171875,29.709999084472656,93.33999633789062,3339.18994140625,0.6850000023841858
2020-09-11,1937.800048828125,26.8700008392334,93.33000183105469,3340.969970703125,0.6690000295639038
2020-09-14,1953.0999755859375,25.850000381469727,93.06999969482422,3383.5400390625,0.6710000038146973
2020-09-15,1956.300048828125,25.59000015258789,93.05000305175781,3401.199951171875,0.6790000200271606
2020-09-16,1960.199951171875,26.040000915527344,93.20999908447266,3385.489990234375,0.6869999766349792
2020-09-17,1940.0,26.459999084472656,92.97000122070312,3357.010009765625,0.6840000152587891
2020-09-18,1952.0999755859375,25.829999923706055,92.93000030517578,3319.469970703125,0.6940000057220459
2020-09-21,1901.199951171875,27.780000686645508,93.54000091552734,3281.06005859375,0.6710000038146973
2020-09-22,1898.5999755859375,26.860000610351562,93.98999786376953,3315.570068359375,0.6639999747276306
2020-09-23,1859.9000244140625,28.579999923706055,94.38999938964844,3236.919921875,0.6759999990463257
2020-09-24,1868.300048828125,28.510000228881836,94.3499984741211,3246.590087890625,0.6660000085830688
2020-09-25,1857.699951171875,26.3799991607666,94.58000183105469,3298.4599609375,0.6589999794960022
2020-09-28,1872.800048828125,26.190000534057617,94.26000213623047,3351.60009765625,0.6629999876022339
2020-09-29,1894.300048828125,26.270000457763672,93.88999938964844,3335.469970703125,0.6449999809265137
2020-09-30,1887.5,26.3700008392334,93.88999938964844,3363.0,0.6769999861717224
2020-10-01,1908.4000244140625,26.700000762939453,93.70999908447266,3380.800048828125,0.6769999861717224
2020-10-02,1900.199951171875,27.6299991607666,93.83999633789062,3348.419921875,0.6959999799728394
2020-10-05,1912.5,27.959999084472656,93.51000213623047,3408.60009765625,0.7620000243186951
2020-10-06,1901.0999755859375,29.479999542236328,93.83000183105469,3360.969970703125,0.7419999837875366
2020-10-07,1883.5999755859375,28.059999465942383,93.62999725341797,3419.43994140625,0.7850000262260437
2020-10-08,1888.5999755859375,26.360000610351562,93.61000061035156,3446.830078125,0.7649999856948853
2020-10-09,1919.5,25.0,93.05999755859375,3477.139892578125,0.7749999761581421
2020-10-12,1922.5,25.06999969482422,93.06999969482422,3534.219970703125,0.7770000100135803
2020-10-13,1888.5,26.06999969482422,93.52999877929688,3511.929931640625,0.7269999980926514
2020-10-14,1901.300048828125,26.399999618530273,93.37999725341797,3488.669921875,0.722000002861023
2020-10-15,1903.199951171875,26.969999313354492,93.86000061035156,3483.340087890625,0.7310000061988831
2020-10-16,1900.800048828125,27.40999984741211,93.68000030517578,3483.81005859375,0.7440000176429749
2020-10-19,1906.4000244140625,29.18000030517578,93.43000030517578,3426.919921875,0.7609999775886536
2020-10-20,1910.4000244140625,29.350000381469727,93.06999969482422,3443.1201171875,0.796999990940094
2020-10-21,1924.5999755859375,28.649999618530273,92.61000061035156,3435.56005859375,0.8159999847412109
2020-10-22,1901.0999755859375,28.110000610351562,92.94999694824219,3453.489990234375,0.8479999899864197
2020-10-23,1902.0,27.549999237060547,92.7699966430664,3465.389892578125,0.8410000205039978
2020-10-26,1902.699951171875,32.459999084472656,93.05000305175781,3400.969970703125,0.8009999990463257
2020-10-27,1908.800048828125,33.349998474121094,92.94000244140625,3390.679931640625,0.777999997138977
2020-10-28,1876.199951171875,40.279998779296875,93.41000366210938,3271.030029296875,0.781000018119812
2020-10-29,1865.5999755859375,37.59000015258789,93.95999908447266,3310.110107421875,0.8349999785423279
2020-10-30,1877.4000244140625,38.02000045776367,94.04000091552734,3269.9599609375,0.8600000143051147
2020-11-02,1890.4000244140625,37.130001068115234,94.05000305175781,3310.239990234375,0.8489999771118164
2020-11-03,1908.5,35.54999923706055,93.55000305175781,3369.159912109375,0.8820000290870667
2020-11-04,1894.5999755859375,29.56999969482422,93.41000366210938,3443.43994140625,0.7680000066757202
2020-11-05,1945.300048828125,27.579999923706055,92.52999877929688,3510.449951171875,0.7760000228881836
2020-11-06,1950.300048828125,24.860000610351562,92.2300033569336,3509.43994140625,0.8199999928474426
2020-11-09,1853.199951171875,25.75,92.7300033569336,3550.5,0.9580000042915344
2020-11-10,1875.4000244140625,24.799999237060547,92.75,3545.530029296875,0.972000002861023
2020-11-11,1860.699951171875,23.450000762939453,93.04000091552734,3572.659912109375,0.9580000042915344
2020-11-12,1872.5999755859375,25.350000381469727,92.95999908447266,3537.010009765625,0.8849999904632568
2020-11-13,1885.699951171875,23.100000381469727,92.76000213623047,3585.14990234375,0.8930000066757202
2020-11-16,1887.300048828125,22.450000762939453,92.56999969482422,3626.909912109375,0.906000018119812
2020-11-17,1884.5,22.709999084472656,92.41999816894531,3609.530029296875,0.871999979019165
2020-11-18,1873.5,23.84000015258789,92.31999969482422,3567.7900390625,0.8820000290870667
2020-11-19,1861.0999755859375,23.110000610351562,92.29000091552734,3581.8701171875,0.8539999723434448
2020-11-20,1872.5999755859375,23.700000762939453,92.38999938964844,3557.5400390625,0.8289999961853027
2020-11-23,1837.800048828125,22.65999984741211,92.51000213623047,3577.590087890625,0.8569999933242798
2020-11-24,1804.800048828125,21.639999389648438,92.2300033569336,3635.409912109375,0.8820000290870667
2020-11-25,1805.699951171875,21.25,91.98999786376953,3629.64990234375,0.878000020980835
2020-11-27,1781.9000244140625,20.84000015258789,91.79000091552734,3638.35009765625,0.8420000076293945
2020-11-30,1775.699951171875,20.56999969482422,91.87000274658203,3621.6298828125,0.843999981880188
2020-12-01,1814.0999755859375,20.770000457763672,91.30999755859375,3662.449951171875,0.9340000152587891
2020-12-02,1825.699951171875,21.170000076293945,91.12000274658203,3669.010009765625,0.9480000138282776
2020-12-03,1836.800048828125,21.280000686645508,90.70999908447266,3666.719970703125,0.9200000166893005
2020-12-04,1835.9000244140625,20.790000915527344,90.69999694824219,3699.1201171875,0.968999981880188
2020-12-07,1861.800048828125,21.299999237060547,90.79000091552734,3691.9599609375,0.9279999732971191
2020-12-08,1870.800048828125,20.68000030517578,90.97000122070312,3702.25,0.9129999876022339
2020-12-09,1834.5999755859375,22.270000457763672,91.08999633789062,3672.820068359375,0.9409999847412109
2020-12-10,1833.5999755859375,22.520000457763672,90.79000091552734,3668.10009765625,0.9079999923706055
2020-12-11,1839.800048828125,23.309999465942383,90.9800033569336,3663.4599609375,0.8930000066757202
2020-12-14,1828.699951171875,24.719999313354492,90.70999908447266,3647.489990234375,0.8920000195503235
2020-12-15,1852.300048828125,22.889999389648438,90.47000122070312,3694.6201171875,0.9229999780654907
2020-12-16,1856.0999755859375,22.5,90.44999694824219,3701.169921875,0.9200000166893005
2020-12-17,1887.199951171875,21.93000030517578,89.81999969482422,3722.47998046875,0.9300000071525574
2020-12-18,1885.699951171875,21.56999969482422,90.0199966430664,3709.409912109375,0.9480000138282776
2020-12-21,1879.199951171875,25.15999984741211,90.04000091552734,3694.919921875,0.9409999847412109
2020-12-22,1866.5999755859375,24.229999542236328,90.6500015258789,3687.260009765625,0.9179999828338623
2020-12-23,1874.699951171875,23.309999465942383,90.41000366210938,3690.010009765625,0.9549999833106995
2020-12-24,1879.9000244140625,21.530000686645508,90.33000183105469,3703.06005859375,0.9279999732971191
2020-12-28,1877.199951171875,21.700000762939453,90.33999633789062,3735.360107421875,0.9330000281333923
2020-12-29,1879.699951171875,23.079999923706055,90.01000213623047,3727.0400390625,0.9350000023841858
2020-12-30,1891.0,22.770000457763672,89.62999725341797,3732.0400390625,0.9259999990463257
2020-12-31,1893.0999755859375,22.75,89.94000244140625,3756.070068359375,0.9169999957084656
2021-01-04,1944.699951171875,26.969999313354492,89.87999725341797,3700.64990234375,0.9169999957084656
2021-01-05,1952.699951171875,25.34000015258789,89.44000244140625,3726.860107421875,0.9549999833106995
2021-01-06,1906.9000244140625,25.06999969482422,89.52999877929688,3748.139892578125,1.0420000553131104
2021-01-07,1912.300048828125,22.3700008392334,89.83000183105469,3803.7900390625,1.0709999799728394
2021-01-08,1834.0999755859375,21.559999465942383,90.0999984741211,3824.679931640625,1.1050000190734863
2021-01-11,1849.5999755859375,24.079999923706055,90.54000091552734,3799.610107421875,1.1319999694824219
2021-01-12,1842.9000244140625,23.329999923706055,90.05000305175781,3801.18994140625,1.1380000114440918
2021-01-13,1853.5999755859375,22.209999084472656,90.31999969482422,3809.840087890625,1.0880000591278076
2021-01-14,1850.300048828125,23.25,90.23999786376953,3795.5400390625,1.128999948501587
2021-01-15,1829.300048828125,24.34000015258789,90.77999877929688,3768.25,1.097000002861023
2021-01-19,1839.5,23.239999771118164,90.5,3798.909912109375,1.0920000076293945
2021-01-20,1865.9000244140625,21.579999923706055,90.47000122070312,3851.85009765625,1.090000033378601
2021-01-21,1865.300048828125,21.31999969482422,90.12999725341797,3853.070068359375,1.1089999675750732
2021-01-22,1855.699951171875,21.90999984741211,90.23999786376953,3841.469970703125,1.090999960899353
2021-01-25,1854.9000244140625,23.190000534057617,90.38999938964844,3855.360107421875,1.0399999618530273
2021-01-26,1850.699951171875,23.020000457763672,90.16999816894531,3849.6201171875,1.0399999618530273
2021-01-27,1844.9000244140625,37.209999084472656,90.6500015258789,3750.77001953125,1.0140000581741333
2021-01-28,1837.9000244140625,30.209999084472656,90.45999908447266,3787.3798828125,1.0570000410079956
2021-01-29,1847.300048828125,33.09000015258789,90.58000183105469,3714.239990234375,1.093000054359436
2021-02-01,1860.800048828125,30.239999771118164,91.0199966430664,3773.860107421875,1.0770000219345093
2021-02-02,1830.5,25.559999465942383,91.19999694824219,3826.31005859375,1.1050000190734863
2021-02-03,1832.199951171875,22.90999984741211,91.12000274658203,3830.169921875,1.13100004196167
2021-02-04,1788.9000244140625,21.770000457763672,91.52999877929688,3871.739990234375,1.1390000581741333
2021-02-05,1810.9000244140625,20.8700008392334,91.04000091552734,3886.830078125,1.1699999570846558
2021-02-08,1831.9000244140625,21.239999771118164,90.93000030517578,3915.590087890625,1.159999966621399
2021-02-09,1835.300048828125,21.6299991607666,90.44000244140625,3911.22998046875,1.156999945640564
2021-02-10,1840.5999755859375,21.989999771118164,90.37000274658203,3909.8798828125,1.1330000162124634
2021-02-11,1824.9000244140625,21.25,90.41999816894531,3916.3798828125,1.1579999923706055
2021-02-12,1821.5999755859375,19.969999313354492,90.4800033569336,3934.830078125,1.2000000476837158
2021-02-16,1797.199951171875,21.459999084472656,90.51000213623047,3932.590087890625,1.2990000247955322
2021-02-17,1771.0999755859375,21.5,90.94999694824219,3931.330078125,1.3009999990463257
2021-02-18,1773.4000244140625,22.489999771118164,90.58999633789062,3913.969970703125,1.2869999408721924
2021-02-19,1775.800048828125,22.049999237060547,90.36000061035156,3906.7099609375,1.3450000286102295
2021-02-22,1806.699951171875,23.450000762939453,90.01000213623047,3876.5,1.3700000047683716
2021-02-23,1804.4000244140625,23.110000610351562,90.16999816894531,3881.3701171875,1.3619999885559082
2021-02-24,1796.4000244140625,21.34000015258789,90.18000030517578,3925.429931640625,1.3890000581741333
2021-02-25,1774.4000244140625,28.889999389648438,90.12999725341797,3829.340087890625,1.5180000066757202
2021-02-26,1728.0999755859375,27.950000762939453,90.93000030517578,3811.14990234375,1.4600000381469727
2021-03-01,1722.5,23.350000381469727,91.04000091552734,3901.820068359375,1.4459999799728394
2021-03-02,1733.0999755859375,24.100000381469727,90.79000091552734,3870.2900390625,1.4149999618530273
2021-03-03,1715.300048828125,26.670000076293945,90.94999694824219,3819.719970703125,1.4700000286102295
2021-03-04,1700.199951171875,28.56999969482422,91.62999725341797,3768.469970703125,1.5499999523162842
2021-03-05,1698.0,24.65999984741211,91.9800033569336,3841.93994140625,1.5540000200271606
2021-03-08,1677.699951171875,25.469999313354492,92.30999755859375,3821.35009765625,1.5959999561309814
2021-03-09,1716.5999755859375,24.030000686645508,91.95999908447266,3875.43994140625,1.5460000038146973
2021-03-10,1721.5,22.559999465942383,91.79000091552734,3898.81005859375,1.5199999809265137
2021-03-11,1722.300048828125,21.90999984741211,91.41999816894531,3939.340087890625,1.5269999504089355
2021-03-12,1719.5,20.690000534057617,91.68000030517578,3943.340087890625,1.6349999904632568
2021-03-15,1728.9000244140625,20.030000686645508,91.83000183105469,3968.93994140625,1.6069999933242798
2021-03-16,1730.5999755859375,19.790000915527344,91.87000274658203,3962.7099609375,1.621000051498413
2021-03-17,1726.800048828125,19.229999542236328,91.4000015258789,3974.1201171875,1.6410000324249268
2021-03-18,1732.199951171875,21.579999923706055,91.8499984741211,3915.4599609375,1.7300000190734863
2021-03-19,1741.4000244140625,20.950000762939453,91.91999816894531,3913.10009765625,1.7319999933242798
2021-03-22,1737.800048828125,18.8799991607666,91.80000305175781,3940.590087890625,1.684000015258789
2021-03-23,1724.699951171875,20.299999237060547,92.33999633789062,3910.52001953125,1.6380000114440918
2021-03-24,1732.9000244140625,21.200000762939453,92.52999877929688,3889.139892578125,1.6139999628067017
2021-03-25,1724.9000244140625,19.809999465942383,92.87999725341797,3909.52001953125,1.6139999628067017
2021-03-26,1732.199951171875,18.860000610351562,92.7699966430664,3974.5400390625,1.659999966621399
2021-03-29,1712.0999755859375,20.739999771118164,92.94000244140625,3971.090087890625,1.7209999561309814
2021-03-30,1683.9000244140625,19.610000610351562,93.30000305175781,3958.550048828125,1.7259999513626099
2021-03-31,1713.800048828125,19.399999618530273,93.2300033569336,3972.889892578125,1.746000051498413
2021-04-01,1726.5,17.329999923706055,92.93000030517578,4019.8701171875,1.6790000200271606
2021-04-05,1727.0,17.90999984741211,92.5999984741211,4077.909912109375,1.7200000286102295
2021-04-06,1741.5,18.1200008392334,92.33999633789062,4073.93994140625,1.656000018119812
2021-04-07,1740.0999755859375,17.15999984741211,92.45999908447266,4079.949951171875,1.652999997138977
2021-04-08,1756.800048828125,16.950000762939453,92.05999755859375,4097.169921875,1.6319999694824219
2021-04-09,1743.300048828125,16.690000534057617,92.16000366210938,4128.7998046875,1.6660000085830688
2021-04-12,1731.199951171875,16.90999984741211,92.13999938964844,4127.990234375,1.6749999523162842
2021-04-13,1746.199951171875,16.649999618530273,91.8499984741211,4141.58984375,1.6230000257492065
2021-04-14,1734.9000244140625,16.989999771118164,91.69000244140625,4124.66015625,1.6380000114440918
2021-04-15,1765.4000244140625,16.56999969482422,91.66999816894531,4170.419921875,1.5299999713897705
2021-04-16,1779.0,16.25,91.55999755859375,4185.47021484375,1.5729999542236328
2021-04-19,1769.4000244140625,17.290000915527344,91.06999969482422,4163.259765625,1.6009999513626099
2021-04-20,1777.300048828125,18.68000030517578,91.23999786376953,4134.93994140625,1.562000036239624
2021-04-21,1792.300048828125,17.5,91.16000366210938,4173.419921875,1.5640000104904175
2021-04-22,1781.199951171875,18.709999084472656,91.33000183105469,4134.97998046875,1.5540000200271606
2021-04-23,1777.0,17.329999923706055,90.86000061035156,4180.169921875,1.5670000314712524
2021-04-26,1779.199951171875,17.639999389648438,90.80999755859375,4187.6201171875,1.5700000524520874
2021-04-27,1778.0,17.559999465942383,90.91000366210938,4186.72021484375,1.621999979019165
2021-04-28,1773.199951171875,17.280000686645508,90.61000061035156,4183.18017578125,1.6200000047683716
2021-04-29,1768.0999755859375,17.610000610351562,90.61000061035156,4211.47021484375,1.6399999856948853
2021-04-30,1767.300048828125,18.610000610351562,91.27999877929688,4181.169921875,1.63100004196167
2021-05-03,1791.4000244140625,18.309999465942383,90.94999694824219,4192.66015625,1.6069999933242798
2021-05-04,1775.800048828125,19.479999542236328,91.29000091552734,4164.66015625,1.5920000076293945
2021-05-05,1784.0999755859375,19.149999618530273,91.30999755859375,4167.58984375,1.5839999914169312
2021-05-06,1815.5,18.389999389648438,90.94999694824219,4201.6201171875,1.5609999895095825
2021-05-07,1831.0999755859375,16.690000534057617,90.2300033569336,4232.60009765625,1.5770000219345093
2021-05-10,1837.5,19.65999984741211,90.20999908447266,4188.43017578125,1.6019999980926514
2021-05-11,1835.9000244140625,21.84000015258789,90.13999938964844,4152.10009765625,1.6239999532699585
2021-05-12,1822.5999755859375,27.59000015258789,90.70999908447266,4063.0400390625,1.6950000524520874
2021-05-13,1823.800048828125,23.1299991607666,90.75,4112.5,1.6679999828338623
2021-05-14,1837.9000244140625,18.809999465942383,90.31999969482422,4173.85009765625,1.6349999904632568
2021-05-17,1867.5,19.719999313354492,90.22000122070312,4163.2900390625,1.6399999856948853
2021-05-18,1867.800048828125,21.34000015258789,89.75,4127.830078125,1.6419999599456787
2021-05-19,1881.300048828125,22.18000030517578,90.19000244140625,4115.68017578125,1.6829999685287476
2021-05-20,1881.800048828125,20.670000076293945,89.80999755859375,4159.1201171875,1.6339999437332153
2021-05-21,1876.699951171875,20.149999618530273,90.0199966430664,4155.85986328125,1.6319999694824219
2021-05-24,1884.5999755859375,18.399999618530273,89.83000183105469,4197.0498046875,1.6080000400543213
2021-05-25,1898.0999755859375,18.84000015258789,89.63999938964844,4188.1298828125,1.5640000104904175
2021-05-26,1901.300048828125,17.360000610351562,90.04000091552734,4195.990234375,1.5740000009536743
2021-05-27,1895.699951171875,16.739999771118164,89.97000122070312,4200.8798828125,1.6100000143051147
2021-05-28,1902.5,16.760000228881836,90.02999877929688,4204.10986328125,1.5809999704360962
2021-06-01,1902.9000244140625,17.899999618530273,89.83000183105469,4202.0400390625,1.6150000095367432
2021-06-02,1907.5,17.479999542236328,89.9000015258789,4208.1201171875,1.590999960899353
2021-06-03,1871.199951171875,18.040000915527344,90.5,4192.85009765625,1.625
2021-06-04,1889.800048828125,16.420000076293945,90.13999938964844,4229.89013671875,1.559999942779541
2021-06-07,1896.800048828125,16.420000076293945,89.94999694824219,4226.52001953125,1.569000005722046
2021-06-08,1892.199951171875,17.06999969482422,90.08000183105469,4227.259765625,1.527999997138977
2021-06-09,1893.199951171875,17.889999389648438,90.12000274658203,4219.5498046875,1.4889999628067017
2021-06-10,1894.199951171875,16.100000381469727,90.08000183105469,4239.18017578125,1.4589999914169312
2021-06-11,1877.4000244140625,15.649999618530273,90.55999755859375,4247.43994140625,1.4620000123977661
2021-06-14,1864.0,16.389999389648438,90.5199966430664,4255.14990234375,1.5010000467300415
2021-06-15,1854.5,17.020000457763672,90.54000091552734,4246.58984375,1.4989999532699585
2021-06-16,1859.5,18.149999618530273,91.12999725341797,4223.7001953125,1.569000005722046
2021-06-17,1773.800048828125,17.75,91.88999938964844,4221.85986328125,1.5110000371932983
2021-06-18,1767.9000244140625,20.700000762939453,92.2300033569336,4166.4501953125,1.4500000476837158
2021-06-21,1781.800048828125,17.889999389648438,91.86000061035156,4224.7900390625,1.4839999675750732
2021-06-22,1776.300048828125,16.65999984741211,91.7300033569336,4246.43994140625,1.472000002861023
2021-06-23,1782.300048828125,16.31999969482422,91.80000305175781,4241.83984375,1.4869999885559082
2021-06-24,1775.5999755859375,15.970000267028809,91.81999969482422,4266.490234375,1.4869999885559082
2021-06-25,1776.5999755859375,15.619999885559082,91.80999755859375,4280.7001953125,1.5360000133514404
2021-06-28,1779.5999755859375,15.760000228881836,91.87999725341797,4290.60986328125,1.4780000448226929
2021-06-29,1762.800048828125,16.020000457763672,92.05000305175781,4291.7998046875,1.4800000190734863
2021-06-30,1770.800048828125,15.829999923706055,92.44000244140625,4297.5,1.4429999589920044
2021-07-01,1775.9000244140625,15.479999542236328,92.5999984741211,4319.93994140625,1.4800000190734863
2021-07-02,1782.5999755859375,15.069999694824219,92.2300033569336,4352.33984375,1.430999994277954
2021-07-06,1793.5,16.440000534057617,92.55000305175781,4343.5400390625,1.3700000047683716
2021-07-07,1801.5,16.200000762939453,92.63999938964844,4358.1298828125,1.3209999799728394
2021-07-08,1799.5999755859375,19.0,92.36000061035156,4320.81982421875,1.2879999876022339
2021-07-09,1810.0,16.18000030517578,92.12999725341797,4369.5498046875,1.3559999465942383
2021-07-12,1805.5,16.170000076293945,92.2300033569336,4384.6298828125,1.3630000352859497
2021-07-13,1809.4000244140625,17.1200008392334,92.75,4369.2099609375,1.4149999618530273
2021-07-14,1824.300048828125,16.329999923706055,92.41000366210938,4374.2998046875,1.3559999465942383
2021-07-15,1828.4000244140625,17.010000228881836,92.62000274658203,4360.02978515625,1.2970000505447388
2021-07-16,1814.5,18.450000762939453,92.69000244140625,4327.16015625,1.2999999523162842
2021-07-19,1808.699951171875,22.5,92.88999938964844,4258.490234375,1.180999994277954
2021-07-20,1810.9000244140625,19.729999542236328,92.97000122070312,4323.06005859375,1.2089999914169312
2021-07-21,1802.9000244140625,17.90999984741211,92.75,4358.68994140625,1.2799999713897705
2021-07-22,1805.0,17.690000534057617,92.81999969482422,4367.47998046875,1.2649999856948853
2021-07-23,1801.4000244140625,17.200000762939453,92.91000366210938,4411.7900390625,1.2860000133514404
2021-07-26,1798.699951171875,17.579999923706055,92.6500015258789,4422.2998046875,1.2760000228881836
2021-07-27,1799.5,19.360000610351562,92.43000030517578,4401.4599609375,1.2339999675750732
2021-07-28,1799.5,18.309999465942383,92.31999969482422,4400.64013671875,1.2610000371932983
2021-07-29,1831.199951171875,17.700000762939453,91.86000061035156,4419.14990234375,1.2690000534057617
2021-07-30,1812.5999755859375,18.239999771118164,92.16999816894531,4395.259765625,1.2389999628067017
2021-08-02,1818.0999755859375,19.459999084472656,92.05000305175781,4387.16015625,1.1740000247955322
2021-08-03,1810.0999755859375,18.040000915527344,92.08000183105469,4423.14990234375,1.1759999990463257
2021-08-04,1810.5,17.969999313354492,92.2699966430664,4402.66015625,1.184000015258789
2021-08-05,1805.0999755859375,17.280000686645508,92.23999786376953,4429.10009765625,1.2170000076293945
2021-08-06,1760.0,16.149999618530273,92.80000305175781,4436.52001953125,1.2899999618530273
2021-08-09,1723.4000244140625,16.719999313354492,92.94999694824219,4432.35009765625,1.3170000314712524
2021-08-10,1728.800048828125,16.790000915527344,93.05999755859375,4436.75,1.3420000076293945
2021-08-11,1750.4000244140625,16.170000076293945,92.91000366210938,4442.41015625,1.3289999961853027
2021-08-12,1749.0,15.59000015258789,93.04000091552734,4460.830078125,1.3669999837875366
2021-08-13,1775.199951171875,15.449999809265137,92.5199966430664,4468.0,1.2970000505447388
2021-08-16,1786.9000244140625,16.1200008392334,92.62999725341797,4479.7099609375,1.2569999694824219
2021-08-17,1785.0,17.90999984741211,93.12999725341797,4448.080078125,1.2580000162124634
2021-08-18,1781.5999755859375,21.56999969482422,93.13999938964844,4400.27001953125,1.2730000019073486
2021-08-19,1780.199951171875,21.670000076293945,93.56999969482422,4405.7998046875,1.2419999837875366
2021-08-20,1781.0,18.559999465942383,93.5,4441.669921875,1.2599999904632568
2021-08-23,1803.199951171875,17.149999618530273,92.95999908447266,4479.52978515625,1.2549999952316284
2021-08-24,1805.5999755859375,17.219999313354492,92.88999938964844,4486.22998046875,1.2899999618530273
2021-08-25,1788.199951171875,16.790000915527344,92.83000183105469,4496.18994140625,1.3420000076293945
2021-08-26,1792.199951171875,18.84000015258789,93.05999755859375,4470.0,1.3420000076293945
2021-08-27,1816.5999755859375,16.389999389648438,92.69000244140625,4509.3701171875,1.312000036239624
2021-08-30,1809.0,16.190000534057617,92.6500015258789,4528.7900390625,1.284999966621399
2021-08-31,1815.0,16.479999542236328,92.62999725341797,4522.68017578125,1.3040000200271606
2021-09-01,1813.0999755859375,16.110000610351562,92.44999694824219,4524.08984375,1.3020000457763672
2021-09-02,1808.699951171875,16.40999984741211,92.2300033569336,4536.9501953125,1.2940000295639038
2021-09-03,1830.9000244140625,16.40999984741211,92.04000091552734,4535.43017578125,1.3220000267028809
2021-09-07,1795.9000244140625,18.139999389648438,92.5199966430664,4520.02978515625,1.3700000047683716
2021-09-08,1790.699951171875,17.959999084472656,92.6500015258789,4514.06982421875,1.3339999914169312
2021-09-09,1797.4000244140625,18.799999237060547,92.4800033569336,4493.27978515625,1.2990000247955322
2021-09-10,1789.5999755859375,20.950000762939453,92.58000183105469,4458.580078125,1.340999960899353
2021-09-13,1792.0,19.3700008392334,92.62000274658203,4468.72998046875,1.3240000009536743
2021-09-14,1804.699951171875,19.459999084472656,92.6500015258789,4443.0498046875,1.2769999504089355
2021-09-15,1792.4000244140625,18.18000030517578,92.48999786376953,4480.7001953125,1.3040000200271606
2021-09-16,1754.5999755859375,18.690000534057617,92.86000061035156,4473.75,1.3309999704360962
2021-09-17,1749.4000244140625,20.809999465942383,93.19999694824219,4432.990234375,1.3700000047683716
2021-09-20,1761.800048828125,25.709999084472656,93.23999786376953,4357.72998046875,1.309000015258789
2021-09-21,1776.0,24.360000610351562,93.19999694824219,4354.18994140625,1.3240000009536743
2021-09-22,1776.699951171875,20.8700008392334,93.45999908447266,4395.64013671875,1.3359999656677246
2021-09-23,1747.699951171875,18.6299991607666,93.0999984741211,4448.97998046875,1.409999966621399
2021-09-24,1749.699951171875,17.75,93.33000183105469,4455.47998046875,1.4600000381469727
2021-09-27,1750.0,18.760000228881836,93.37999725341797,4443.10986328125,1.4839999675750732
2021-09-28,1735.800048828125,23.25,93.7699966430664,4352.6298828125,1.534000039100647
2021-09-29,1721.5,22.559999465942383,94.33999633789062,4359.4599609375,1.5410000085830688
2021-09-30,1755.300048828125,23.139999389648438,94.25,4307.5400390625,1.5290000438690186
2021-10-01,1757.0,21.100000381469727,94.04000091552734,4357.0400390625,1.4789999723434448
2021-10-04,1766.199951171875,22.959999084472656,93.80999755859375,4300.4599609375,1.4809999465942383
2021-10-05,1759.5999755859375,21.299999237060547,93.9800033569336,4345.72021484375,1.5290000438690186
2021-10-06,1760.5,21.0,94.2699966430664,4363.5498046875,1.5240000486373901
2021-10-07,1757.9000244140625,19.540000915527344,94.22000122070312,4399.759765625,1.5709999799728394
2021-10-08,1756.300048828125,18.770000457763672,94.06999969482422,4391.33984375,1.6050000190734863
2021-10-11,1754.5999755859375,20.0,94.31999969482422,4361.18994140625,1.6139999628067017
2021-10-12,1758.300048828125,19.850000381469727,94.5199966430664,4350.64990234375,1.5800000429153442
2021-10-13,1793.699951171875,18.639999389648438,94.08000183105469,4363.7998046875,1.5490000247955322
2021-10-14,1796.699951171875,16.860000610351562,93.95999908447266,4438.259765625,1.5190000534057617
2021-10-15,1767.199951171875,16.299999237060547,93.94000244140625,4471.3701171875,1.5759999752044678
2021-10-18,1764.800048828125,16.309999465942383,93.94999694824219,4486.4599609375,1.5839999914169312
2021-10-19,1769.699951171875,15.699999809265137,93.79000091552734,4519.6298828125,1.6349999904632568
2021-10-20,1784.0999755859375,15.489999771118164,93.55999755859375,4536.18994140625,1.6360000371932983
2021-10-21,1781.199951171875,15.010000228881836,93.7699966430664,4549.77978515625,1.6759999990463257
2021-10-22,1795.5,15.430000305175781,93.61000061035156,4544.89990234375,1.6549999713897705
2021-10-25,1806.0,15.239999771118164,93.80999755859375,4566.47998046875,1.6349999904632568
2021-10-26,1792.699951171875,15.979999542236328,93.94999694824219,4574.7900390625,1.61899995803833
2021-10-27,1797.9000244140625,16.979999542236328,93.86000061035156,4551.68017578125,1.5290000438690186
2021-10-28,1801.5999755859375,16.530000686645508,93.3499984741211,4596.419921875,1.5679999589920044
2021-10-29,1783.0,16.260000228881836,94.12000274658203,4605.3798828125,1.5570000410079956
2021-11-01,1795.0999755859375,16.40999984741211,93.87999725341797,4613.669921875,1.5750000476837158
2021-11-02,1788.699951171875,16.030000686645508,94.08999633789062,4630.64990234375,1.5490000247955322
2021-11-03,1763.5999755859375,15.100000381469727,93.86000061035156,4660.56982421875,1.5789999961853027
2021-11-04,1793.0,15.4399995803833,94.3499984741211,4680.06005859375,1.5240000486373901
2021-11-05,1816.4000244140625,16.479999542236328,94.31999969482422,4697.52978515625,1.4529999494552612
2021-11-08,1827.4000244140625,17.219999313354492,94.05000305175781,4701.7001953125,1.496999979019165
2021-11-09,1830.199951171875,17.780000686645508,93.95999908447266,4685.25,1.4320000410079956
2021-11-10,1847.5999755859375,18.729999542236328,94.8499984741211,4646.7099609375,1.559999942779541
2021-11-11,1863.199951171875,17.65999984741211,95.18000030517578,4649.27001953125,1.559999942779541
2021-11-12,1867.9000244140625,16.290000915527344,95.12999725341797,4682.85009765625,1.5820000171661377
2021-11-15,1866.0999755859375,16.489999771118164,95.41000366210938,4682.7998046875,1.6230000257492065
2021-11-16,1853.5999755859375,16.3700008392334,95.91999816894531,4700.89990234375,1.6339999437332153
2021-11-17,1869.699951171875,17.110000610351562,95.83000183105469,4688.669921875,1.6039999723434448
2021-11-18,1861.0,17.59000015258789,95.54000091552734,4704.5400390625,1.5889999866485596
2021-11-19,1851.199951171875,17.90999984741211,96.06999969482422,4697.9599609375,1.5360000133514404
2021-11-22,1806.0,19.170000076293945,96.5,4682.93994140625,1.625
2021-11-23,1783.5,19.3799991607666,96.48999786376953,4690.7001953125,1.6670000553131104
2021-11-24,1784.0999755859375,18.579999923706055,96.83999633789062,4701.4599609375,1.6449999809265137
2021-11-26,1785.300048828125,28.6200008392334,96.08999633789062,4594.6201171875,1.4819999933242798
2021-11-29,1782.300048828125,22.959999084472656,96.33999633789062,4655.27001953125,1.5299999713897705
2021-11-30,1773.5999755859375,27.190000534057617,95.98999786376953,4567.0,1.4429999589920044
2021-12-01,1781.5999755859375,31.1200008392334,96.05000305175781,4513.0400390625,1.434000015258789
2021-12-02,1760.699951171875,27.950000762939453,96.12999725341797,4577.10009765625,1.4479999542236328
2021-12-03,1782.0,30.670000076293945,96.12000274658203,4538.43017578125,1.343000054359436
2021-12-06,1777.5,27.18000030517578,96.29000091552734,4591.669921875,1.434000015258789
2021-12-07,1782.5999755859375,21.889999389648438,96.37000274658203,4686.75,1.4800000190734863
2021-12-08,1783.4000244140625,19.899999618530273,95.88999938964844,4701.2099609375,1.5089999437332153
2021-12-09,1774.5999755859375,21.579999923706055,96.2699966430664,4667.4501953125,1.4869999885559082
2021-12-10,1782.9000244140625,18.690000534057617,96.05000305175781,4712.02001953125,1.4889999628067017
2021-12-13,1786.300048828125,20.309999465942383,96.31999969482422,4668.97021484375,1.4240000247955322
2021-12-14,1770.4000244140625,21.889999389648438,96.56999969482422,4634.08984375,1.437999963760376
2021-12-15,1762.5999755859375,19.290000915527344,96.51000213623047,4709.85009765625,1.4630000591278076
2021-12-16,1796.5999755859375,20.56999969482422,96.04000091552734,4668.669921875,1.4220000505447388
2021-12-17,1803.800048828125,21.56999969482422,96.56999969482422,4620.64013671875,1.4019999504089355
2021-12-20,1793.699951171875,22.8700008392334,96.55000305175781,4568.02001953125,1.4190000295639038
2021-12-21,1787.9000244140625,21.010000228881836,96.48999786376953,4649.22998046875,1.4869999885559082
2021-12-22,1801.5999755859375,18.6299991607666,96.08000183105469,4696.56005859375,1.4570000171661377
2021-12-23,1811.199951171875,17.959999084472656,96.0199966430664,4725.7900390625,1.4930000305175781
2021-12-27,1808.0999755859375,17.68000030517578,96.08999633789062,4791.18994140625,1.4809999465942383
2021-12-28,1810.199951171875,17.540000915527344,96.19999694824219,4786.35009765625,1.4809999465942383
2021-12-29,1805.0999755859375,16.950000762939453,95.93000030517578,4793.06005859375,1.5429999828338623
2021-12-30,1812.699951171875,17.329999923706055,95.97000122070312,4778.72998046875,1.5149999856948853
2021-12-31,1827.5,17.219999313354492,95.66999816894531,4766.18017578125,1.5119999647140503
2022-01-03,1799.4000244140625,16.600000381469727,96.23999786376953,4796.56005859375,1.628000020980835
2022-01-04,1814.0,16.90999984741211,96.29000091552734,4793.5400390625,1.6679999828338623
2022-01-05,1824.5999755859375,19.729999542236328,96.19000244140625,4700.580078125,1.7050000429153442
2022-01-06,1788.699951171875,19.610000610351562,96.25,4696.0498046875,1.7330000400543213
2022-01-07,1797.0,18.760000228881836,95.73999786376953,4677.02978515625,1.7710000276565552
2022-01-10,1798.4000244140625,19.399999618530273,95.98999786376953,4670.2900390625,1.7799999713897705
2022-01-11,1818.5999755859375,18.40999984741211,95.62000274658203,4713.06982421875,1.746000051498413
2022-01-12,1827.199951171875,17.6200008392334,95.0,4726.35009765625,1.725000023841858
2022-01-13,1821.199951171875,20.309999465942383,94.79000091552734,4659.02978515625,1.7109999656677246
2022-01-14,1816.5,19.190000534057617,95.16999816894531,4662.85009765625,1.7719999551773071
2022-01-18,1812.300048828125,22.790000915527344,95.7300033569336,4577.10986328125,1.8650000095367432
2022-01-19,1843.0999755859375,23.850000381469727,95.51000213623047,4532.759765625,1.8270000219345093
2022-01-20,1842.5,25.59000015258789,95.73999786376953,4482.72998046875,1.8329999446868896
2022-01-21,1831.800048828125,28.850000381469727,95.63999938964844,4397.93994140625,1.746999979019165
2022-01-24,1841.699951171875,29.899999618530273,95.91999816894531,4410.1298828125,1.7350000143051147
2022-01-25,1852.699951171875,31.15999984741211,95.94999694824219,4356.4501953125,1.7829999923706055
2022-01-26,1829.9000244140625,31.959999084472656,96.48999786376953,4349.93017578125,1.8480000495910645
2022-01-27,1793.300048828125,30.489999771118164,97.26000213623047,4326.509765625,1.8070000410079956
2022-01-28,1784.9000244140625,27.65999984741211,97.2699966430664,4431.85009765625,1.781999945640564
2022-01-31,1795.0,24.829999923706055,96.54000091552734,4515.5498046875,1.781999945640564
2022-02-01,1800.300048828125,21.959999084472656,96.38999938964844,4546.5400390625,1.7999999523162842
2022-02-02,1809.199951171875,22.09000015258789,95.94000244140625,4589.3798828125,1.7660000324249268
2022-02-03,1803.0,24.350000381469727,95.37999725341797,4477.43994140625,1.8270000219345093
2022-02-04,1806.5999755859375,23.219999313354492,95.4800033569336,4500.52978515625,1.9299999475479126
2022-02-07,1820.5999755859375,22.860000610351562,95.4000015258789,4483.8701171875,1.9160000085830688
2022-02-08,1826.5999755859375,21.440000534057617,95.63999938964844,4521.5400390625,1.9539999961853027
2022-02-09,1835.199951171875,19.959999084472656,95.48999786376953,4587.18017578125,1.9290000200271606
2022-02-10,1836.199951171875,23.90999984741211,95.55000305175781,4504.080078125,2.0309998989105225
2022-02-11,1840.800048828125,27.360000610351562,96.08000183105469,4418.64013671875,1.9550000429153442
2022-02-14,1868.0,28.329999923706055,96.37000274658203,4401.669921875,1.996000051498413
2022-02-15,1854.800048828125,25.700000762939453,95.98999786376953,4471.06982421875,2.0450000762939453
2022-02-16,1870.199951171875,24.290000915527344,95.69999694824219,4475.009765625,2.046999931335449
2022-02-17,1900.699951171875,28.110000610351562,95.80000305175781,4380.259765625,1.972000002861023
2022-02-18,1898.5999755859375,27.75,96.04000091552734,4348.8701171875,1.9320000410079956
2022-02-22,1906.0999755859375,28.809999465942383,96.02999877929688,4304.759765625,1.9479999542236328
2022-02-23,1909.199951171875,31.020000457763672,96.19000244140625,4225.5,1.9769999980926514
2022-02-24,1925.0999755859375,30.31999969482422,97.13999938964844,4288.7001953125,1.968999981880188
2022-02-25,1886.5,27.59000015258789,96.62000274658203,4384.64990234375,1.9859999418258667
2022-02-28,1899.4000244140625,30.149999618530273,96.70999908447266,4373.93994140625,1.8389999866485596
2022-03-01,1942.4000244140625,33.31999969482422,97.41000366210938,4306.259765625,1.7070000171661377
2022-03-02,1920.9000244140625,30.739999771118164,97.38999938964844,4386.5400390625,1.8650000095367432
2022-03-03,1934.4000244140625,30.479999542236328,97.79000091552734,4363.490234375,1.843999981880188
2022-03-04,1965.0999755859375,31.979999542236328,98.6500015258789,4328.8701171875,1.7239999771118164
2022-03-07,1993.9000244140625,36.45000076293945,99.29000091552734,4201.08984375,1.7510000467300415
2022-03-08,2040.0999755859375,35.130001068115234,99.05999755859375,4170.7001953125,1.871999979019165
2022-03-09,1985.9000244140625,32.45000076293945,97.97000122070312,4277.8798828125,1.9479999542236328
2022-03-10,1998.0999755859375,30.229999542236328,98.51000213623047,4259.52001953125,2.010999917984009
2022-03-11,1982.699951171875,30.75,99.12000274658203,4204.31005859375,2.003999948501587
2022-03-14,1959.5999755859375,31.770000457763672,99.05999755859375,4173.10986328125,2.140000104904175
2022-03-15,1928.5,29.829999923706055,99.06999969482422,4262.4501953125,2.1600000858306885
2022-03-16,1908.0,26.670000076293945,98.37999725341797,4357.85986328125,2.187999963760376
2022-03-17,1942.0999755859375,25.670000076293945,98.01000213623047,4411.669921875,2.191999912261963
2022-03-18,1928.199951171875,23.8700008392334,98.2300033569336,4463.1201171875,2.1480000019073486
2022-03-21,1928.5999755859375,23.530000686645508,98.5,4461.18017578125,2.315000057220459
2022-03-22,1920.699951171875,22.940000534057617,98.48999786376953,4511.60986328125,2.372999906539917
2022-03-23,1936.5999755859375,23.56999969482422,98.62000274658203,4456.240234375,2.321000099182129
2022-03-24,1961.5999755859375,21.670000076293945,98.79000091552734,4520.16015625,2.3410000801086426
2022-03-25,1953.800048828125,20.809999465942383,98.80999755859375,4543.06005859375,2.492000102996826
2022-03-28,1939.5999755859375,19.6299991607666,99.08999633789062,4575.52001953125,2.4769999980926514
2022-03-29,1912.0,18.899999618530273,98.4000015258789,4631.60009765625,2.4000000953674316
2022-03-30,1933.5,19.329999923706055,97.79000091552734,4602.4501953125,2.3580000400543213
2022-03-31,1949.199951171875,20.559999465942383,98.30999755859375,4530.41015625,2.3269999027252197
2022-04-01,1919.0999755859375,19.6299991607666,98.62999725341797,4545.85986328125,2.377000093460083
2022-04-04,1929.199951171875,18.56999969482422,98.98999786376953,4582.64013671875,2.4119999408721924
2022-04-05,1922.9000244140625,21.030000686645508,99.47000122070312,4525.1201171875,2.555999994277954
2022-04-06,1918.4000244140625,22.100000381469727,99.5999984741211,4481.14990234375,2.6089999675750732
2022-04-07,1933.800048828125,21.549999237060547,99.75,4500.2099609375,2.6519999504089355
2022-04-08,1941.5999755859375,21.15999984741211,99.80000305175781,4488.27978515625,2.7130000591278076
2022-04-11,1944.300048828125,24.3700008392334,99.93000030517578,4412.52978515625,2.7799999713897705
2022-04-12,1972.0999755859375,24.260000228881836,100.29000091552734,4397.4501953125,2.7249999046325684
2022-04-13,1981.0,21.81999969482422,99.87999725341797,4446.58984375,2.687000036239624
2022-04-14,1970.9000244140625,22.700000762939453,100.31999969482422,4392.58984375,2.828000068664551
2022-04-18,1982.9000244140625,22.170000076293945,100.77999877929688,4391.68994140625,2.861999988555908
2022-04-19,1955.699951171875,21.3700008392334,100.95999908447266,4462.2099609375,2.9130001068115234
2022-04-20,1952.300048828125,20.31999969482422,100.38999938964844,4459.4501953125,2.8399999141693115
2022-04-21,1944.9000244140625,22.68000030517578,100.58000183105469,4393.66015625,2.9170000553131104
2022-04-22,1931.0,28.209999084472656,101.22000122070312,4271.77978515625,2.9059998989105225
2022-04-25,1893.199951171875,27.020000457763672,101.75,4296.1201171875,2.8259999752044678
2022-04-26,1901.4000244140625,33.52000045776367,102.30000305175781,4175.2001953125,2.7720000743865967
2022-04-27,1885.9000244140625,31.600000381469727,102.94999694824219,4183.9599609375,2.818000078201294
2022-04-28,1888.699951171875,29.989999771118164,103.62000274658203,4287.5,2.86299991607666
2022-04-29,1909.300048828125,33.400001525878906,102.95999908447266,4131.93017578125,2.88700008392334
2022-05-02,1861.800048828125,32.34000015258789,103.73999786376953,4155.3798828125,2.996000051498413
2022-05-03,1868.800048828125,29.25,103.47000122070312,4175.47998046875,2.9600000381469727
2022-05-04,1867.0,25.420000076293945,102.58999633789062,4300.169921875,2.9170000553131104
2022-05-05,1874.0,31.200000762939453,103.75,4146.8701171875,3.065999984741211
2022-05-06,1881.199951171875,30.190000534057617,103.66000366210938,4123.33984375,3.122999906539917
2022-05-09,1857.0999755859375,34.75,103.6500015258789,3991.239990234375,3.0789999961853027
2022-05-10,1839.9000244140625,32.9900016784668,103.91999816894531,4001.050048828125,2.993000030517578
2022-05-11,1852.5999755859375,32.560001373291016,103.8499984741211,3935.179931640625,2.9210000038146973
2022-05-12,1823.800048828125,31.770000457763672,104.8499984741211,3930.080078125,2.816999912261963
2022-05-13,1807.4000244140625,28.8700008392334,104.55999755859375,4023.889892578125,2.934999942779541
2022-05-16,1813.5,27.469999313354492,104.19000244140625,4008.010009765625,2.877000093460083
2022-05-17,1818.199951171875,26.100000381469727,103.36000061035156,4088.85009765625,2.9679999351501465
2022-05-18,1815.9000244140625,30.959999084472656,103.80999755859375,3923.679931640625,2.885999917984009
2022-05-19,1841.199951171875,29.350000381469727,102.72000122070312,3900.7900390625,2.8550000190734863
2022-05-20,1841.800048828125,29.43000030517578,103.1500015258789,3901.360107421875,2.7869999408721924
2022-05-23,1847.800048828125,28.479999542236328,102.08000183105469,3973.75,2.8589999675750732
2022-05-24,1865.0999755859375,29.450000762939453,101.86000061035156,3941.47998046875,2.759999990463257
2022-05-25,1846.199951171875,28.3700008392334,102.05999755859375,3978.72998046875,2.749000072479248
2022-05-26,1847.4000244140625,27.5,101.83000183105469,4057.840087890625,2.75600004196167
2022-05-27,1851.300048828125,25.719999313354492,101.66999816894531,4158.240234375,2.743000030517578
2022-05-31,1842.699951171875,26.190000534057617,101.75,4132.14990234375,2.8440001010894775
2022-06-01,1843.300048828125,25.690000534057617,102.55000305175781,4101.22998046875,2.930999994277954
2022-06-02,1866.5,24.719999313354492,101.7699966430664,4176.81982421875,2.9130001068115234
2022-06-03,1845.4000244140625,24.790000915527344,102.13999938964844,4108.5400390625,2.9570000171661377
2022-06-06,1839.199951171875,25.06999969482422,102.44000244140625,4121.43017578125,3.0380001068115234
2022-06-07,1847.5,24.020000457763672,102.31999969482422,4160.68017578125,2.9719998836517334
2022-06-08,1851.9000244140625,23.959999084472656,102.54000091552734,4115.77001953125,3.0290000438690186
2022-06-09,1848.800048828125,26.09000015258789,103.22000122070312,4017.820068359375,3.0439999103546143
2022-06-10,1871.5,27.75,104.1500015258789,3900.860107421875,3.1559998989105225
2022-06-13,1828.0,34.02000045776367,105.08000183105469,3749.6298828125,3.365999937057495
2022-06-14,1809.5,32.689998626708984,105.5199966430664,3735.47998046875,3.4830000400543213
2022-06-15,1815.300048828125,29.6200008392334,105.16000366210938,3789.989990234375,3.3949999809265137
2022-06-16,1845.699951171875,32.95000076293945,103.62999725341797,3666.77001953125,3.306999921798706
2022-06-17,1835.5999755859375,31.1299991607666,104.69999694824219,3674.840087890625,3.239000082015991
2022-06-21,1834.5999755859375,30.190000534057617,104.44000244140625,3764.7900390625,3.306999921798706
2022-06-22,1834.300048828125,28.950000762939453,104.19999694824219,3759.889892578125,3.1559998989105225
2022-06-23,1825.699951171875,29.049999237060547,104.43000030517578,3795.72998046875,3.068000078201294
2022-06-24,1826.5,27.229999542236328,104.19000244140625,3911.739990234375,3.125
2022-06-27,1820.9000244140625,26.950000762939453,103.94000244140625,3900.110107421875,3.194000005722046
2022-06-28,1817.5,28.360000610351562,104.51000213623047,3821.550048828125,3.2060000896453857
2022-06-29,1813.699951171875,28.15999984741211,105.11000061035156,3818.830078125,3.0929999351501465
2022-06-30,1804.0999755859375,28.709999084472656,104.69000244140625,3785.3798828125,2.9719998836517334
2022-07-01,1798.9000244140625,26.700000762939453,105.13999938964844,3825.330078125,2.8889999389648438
2022-07-05,1761.800048828125,27.540000915527344,106.5,3831.389892578125,2.809000015258789
2022-07-06,1734.9000244140625,26.729999542236328,107.0999984741211,3845.080078125,2.9130001068115234
2022-07-07,1737.9000244140625,26.079999923706055,107.12999725341797,3902.6201171875,3.007999897003174
2022-07-08,1740.5999755859375,24.639999389648438,107.01000213623047,3899.3798828125,3.1010000705718994
2022-07-11,1730.0,26.170000076293945,108.0199966430664,3854.429931640625,2.990999937057495
2022-07-12,1723.300048828125,27.290000915527344,108.06999969482422,3818.800048828125,2.9579999446868896
2022-07-13,1734.199951171875,26.81999969482422,107.95999908447266,3801.780029296875,2.9040000438690186
2022-07-14,1704.5,26.399999618530273,108.54000091552734,3790.3798828125,2.9600000381469727
2022-07-15,1702.4000244140625,24.229999542236328,108.05999755859375,3863.159912109375,2.930000066757202
2022-07-18,1709.199951171875,25.299999237060547,107.37000274658203,3830.85009765625,2.9600000381469727
2022-07-19,1710.0,24.5,106.68000030517578,3936.68994140625,3.0190000534057617
2022-07-20,1699.5,23.8799991607666,107.08000183105469,3959.89990234375,3.0360000133514404
2022-07-21,1712.699951171875,23.110000610351562,106.91000366210938,3998.949951171875,2.9100000858306885
2022-07-22,1727.0999755859375,23.030000686645508,106.7300033569336,3961.6298828125,2.7829999923706055
2022-07-25,1719.0,23.360000610351562,106.4800033569336,3966.840087890625,2.819999933242798
2022-07-26,1717.699951171875,24.690000534057617,107.19000244140625,3921.050048828125,2.7869999408721924
2022-07-27,1719.0999755859375,23.239999771118164,106.44999694824219,4023.610107421875,2.7339999675750732
2022-07-28,1750.300048828125,22.329999923706055,106.3499984741211,4072.429931640625,2.680999994277954
2022-07-29,1762.9000244140625,21.329999923706055,105.9000015258789,4130.2900390625,2.6419999599456787
2022-08-01,1769.0,22.84000015258789,105.44999694824219,4118.6298828125,2.6059999465942383
2022-08-02,1771.0999755859375,23.93000030517578,106.23999786376953,4091.18994140625,2.740999937057495
2022-08-03,1758.0,21.950000762939453,106.51000213623047,4155.169921875,2.747999906539917
2022-08-04,1788.5,21.440000534057617,105.69000244140625,4151.93994140625,2.6760001182556152
2022-08-05,1772.9000244140625,21.149999618530273,106.62000274658203,4145.18994140625,2.8399999141693115
2022-08-08,1786.800048828125,21.290000915527344,106.44000244140625,4140.06005859375,2.765000104904175
2022-08-09,1794.0,21.770000457763672,106.37000274658203,4122.47021484375,2.796999931335449
2022-08-10,1795.5999755859375,19.739999771118164,105.19999694824219,4210.240234375,2.7860000133514404
2022-08-11,1789.699951171875,20.200000762939453,105.08999633789062,4207.27001953125,2.888000011444092
2022-08-12,1798.5999755859375,19.530000686645508,105.62999725341797,4280.14990234375,2.8489999771118164
2022-08-15,1781.4000244140625,19.950000762939453,106.55000305175781,4297.14013671875,2.7909998893737793
2022-08-16,1773.199951171875,19.690000534057617,106.5,4305.2001953125,2.8239998817443848
2022-08-17,1760.300048828125,19.899999618530273,106.56999969482422,4274.0400390625,2.8929998874664307
2022-08-18,1755.300048828125,19.559999465942383,107.4800033569336,4283.740234375,2.880000114440918
2022-08-19,1747.5999755859375,20.600000381469727,108.16999816894531,4228.47998046875,2.989000082015991
2022-08-22,1734.0,23.799999237060547,109.05000305175781,4137.990234375,3.0369999408721924
2022-08-23,1746.800048828125,24.110000610351562,108.62000274658203,4128.72998046875,3.053999900817871
2022-08-24,1747.800048828125,22.81999969482422,108.68000030517578,4140.77001953125,3.1059999465942383
2022-08-25,1757.699951171875,21.780000686645508,108.47000122070312,4199.1201171875,3.0260000228881836
2022-08-26,1736.0999755859375,25.559999465942383,108.80000305175781,4057.659912109375,3.0350000858306885
2022-08-29,1736.5999755859375,26.209999084472656,108.83999633789062,4030.610107421875,3.109999895095825
2022-08-30,1723.199951171875,26.209999084472656,108.7699966430664,3986.159912109375,3.109999895095825
2022-08-31,1712.800048828125,25.8700008392334,108.69999694824219,3955.0,3.132999897003174
2022-09-01,1696.5999755859375,25.559999465942383,109.69000244140625,3966.85009765625,3.265000104904175
2022-09-02,1709.800048828125,25.469999313354492,109.52999877929688,3924.260009765625,3.193000078201294
2022-09-06,1700.4000244140625,26.90999984741211,110.20999908447266,3908.18994140625,3.3399999141693115
2022-09-07,1715.300048828125,24.639999389648438,109.83999633789062,3979.8701171875,3.265000104904175
2022-09-08,1708.0,23.610000610351562,109.70999908447266,4006.179931640625,3.2920000553131104
2022-09-09,1716.199951171875,22.790000915527344,109.0,4067.360107421875,3.321000099182129
2022-09-12,1728.0999755859375,23.8700008392334,108.33000183105469,4110.41015625,3.361999988555908
2022-09-13,1705.0,27.270000457763672,109.81999969482422,3932.68994140625,3.421999931335449
2022-09-14,1696.5,26.15999984741211,109.66000366210938,3946.010009765625,3.4119999408721924
2022-09-15,1665.4000244140625,26.270000457763672,109.73999786376953,3901.35009765625,3.4590001106262207
2022-09-16,1671.699951171875,26.299999237060547,109.76000213623047,3873.330078125,3.447999954223633
2022-09-19,1666.199951171875,25.760000228881836,109.73999786376953,3899.889892578125,3.490000009536743
2022-09-20,1659.699951171875,27.15999984741211,110.22000122070312,3855.929931640625,3.571000099182129
2022-09-21,1664.5999755859375,27.989999771118164,110.63999938964844,3789.929931640625,3.509999990463257
2022-09-22,1670.800048828125,27.350000381469727,111.3499984741211,3757.989990234375,3.7079999446868896
2022-09-23,1645.300048828125,29.920000076293945,113.19000244140625,3693.22998046875,3.697000026702881
2022-09-26,1623.300048828125,32.2599983215332,114.0999984741211,3655.0400390625,3.878000020980835
2022-09-27,1626.699951171875,32.599998474121094,114.11000061035156,3647.2900390625,3.9639999866485596
2022-09-28,1660.4000244140625,30.18000030517578,112.5999984741211,3719.0400390625,3.7049999237060547
2022-09-29,1658.5,31.84000015258789,112.25,3640.469970703125,3.746999979019165
2022-09-30,1662.4000244140625,31.6200008392334,112.12000274658203,3585.6201171875,3.803999900817871
2022-10-03,1692.9000244140625,30.100000381469727,111.75,3678.429931640625,3.6510000228881836
2022-10-04,1721.0999755859375,29.06999969482422,110.06999969482422,3790.929931640625,3.617000102996826
2022-10-05,1711.4000244140625,28.549999237060547,111.06999969482422,3783.280029296875,3.759000062942505
2022-10-06,1711.699951171875,30.520000457763672,112.26000213623047,3744.52001953125,3.8259999752044678
2022-10-07,1700.5,31.360000610351562,112.80000305175781,3639.659912109375,3.882999897003174
2022-10-10,1667.300048828125,32.45000076293945,113.13999938964844,3612.389892578125,3.888000011444092
2022-10-11,1678.699951171875,33.630001068115234,113.22000122070312,3588.840087890625,3.938999891281128
2022-10-12,1670.300048828125,33.56999969482422,113.31999969482422,3577.030029296875,3.9019999504089355
2022-10-13,1670.0,31.940000534057617,112.36000061035156,3669.909912109375,3.9519999027252197
2022-10-14,1641.699951171875,32.02000045776367,113.30999755859375,3583.070068359375,4.010000228881836
2022-10-17,1657.0,31.3700008392334,112.04000091552734,3677.949951171875,4.014999866485596
2022-10-18,1649.0,30.5,112.12999725341797,3719.97998046875,3.997999906539917
2022-10-19,1627.5,30.760000228881836,112.9800033569336,3695.159912109375,4.126999855041504
2022-10-20,1630.800048828125,29.979999542236328,112.87999725341797,3665.780029296875,4.22599983215332
2022-10-21,1651.0,29.690000534057617,112.01000213623047,3752.75,4.2129998207092285
2022-10-24,1648.699951171875,29.850000381469727,111.98999786376953,3797.340087890625,4.234000205993652
2022-10-25,1652.800048828125,28.459999084472656,110.94999694824219,3859.110107421875,4.107999801635742
2022-10-26,1664.0,27.280000686645508,109.69999694824219,3830.60009765625,4.014999866485596
2022-10-27,1660.699951171875,27.389999389648438,110.58999633789062,3807.300048828125,3.937000036239624
2022-10-28,1639.5999755859375,25.75,110.66999816894531,3901.06005859375,4.010000228881836
2022-10-31,1635.9000244140625,25.8799991607666,111.52999877929688,3871.97998046875,4.077000141143799
2022-11-01,1645.0,25.809999465942383,111.4800033569336,3856.10009765625,4.052000045776367
2022-11-02,1645.699951171875,25.860000610351562,111.3499984741211,3759.68994140625,4.059000015258789
2022-11-03,1627.300048828125,25.299999237060547,112.93000030517578,3719.889892578125,4.124000072479248
2022-11-04,1672.5,24.549999237060547,110.87999725341797,3770.550048828125,4.156000137329102
2022-11-07,1676.5,24.350000381469727,110.12000274658203,3806.800048828125,4.214000225067139
2022-11-08,1712.0999755859375,25.540000915527344,109.62000274658203,3828.110107421875,4.125999927520752
2022-11-09,1710.0999755859375,26.09000015258789,110.55000305175781,3748.570068359375,4.151000022888184
2022-11-10,1750.300048828125,23.530000686645508,108.20999908447266,3956.3701171875,3.8289999961853027
2022-11-11,1766.0,22.520000457763672,106.29000091552734,3992.929931640625,3.812999963760376
2022-11-14,1773.5999755859375,23.729999542236328,106.66000366210938,3957.25,3.865000009536743
2022-11-15,1773.800048828125,24.540000915527344,106.4000015258789,3991.72998046875,3.7990000247955322
2022-11-16,1773.0,24.110000610351562,106.27999877929688,3958.7900390625,3.691999912261963
2022-11-17,1760.800048828125,23.93000030517578,106.69000244140625,3946.56005859375,3.7750000953674316
2022-11-18,1751.9000244140625,23.1200008392334,106.93000030517578,3965.340087890625,3.818000078201294
2022-11-21,1737.4000244140625,22.360000610351562,107.83999633789062,3949.93994140625,3.825000047683716
2022-11-22,1738.300048828125,21.290000915527344,107.22000122070312,4003.580078125,3.757999897003174
2022-11-23,1744.9000244140625,20.350000381469727,106.08000183105469,4027.260009765625,3.7060000896453857
2022-11-25,1753.300048828125,20.5,105.95999908447266,4026.1201171875,3.690999984741211
2022-11-28,1740.0999755859375,22.209999084472656,106.68000030517578,3963.93994140625,3.703000068664551
2022-11-29,1748.4000244140625,21.889999389648438,106.81999969482422,3957.6298828125,3.747999906539917
2022-11-30,1746.0,20.579999923706055,105.94999694824219,4080.110107421875,3.703000068664551
2022-12-01,1801.0999755859375,19.84000015258789,104.7300033569336,4076.570068359375,3.5290000438690186
2022-12-02,1795.9000244140625,19.059999465942383,104.55000305175781,4071.699951171875,3.50600004196167
2022-12-05,1767.4000244140625,20.75,105.29000091552734,3998.840087890625,3.5989999771118164
2022-12-06,1769.300048828125,22.170000076293945,105.58000183105469,3941.260009765625,3.513000011444092
2022-12-07,1785.5,22.68000030517578,105.0999984741211,3933.919921875,3.4079999923706055
2022-12-08,1788.699951171875,22.290000915527344,104.7699966430664,3963.510009765625,3.490999937057495
2022-12-09,1798.0999755859375,22.829999923706055,104.80999755859375,3934.3798828125,3.566999912261963
2022-12-12,1780.5,25.0,105.12999725341797,3990.56005859375,3.6110000610351562
2022-12-13,1813.9000244140625,22.549999237060547,103.9800033569336,4019.64990234375,3.500999927520752
2022-12-14,1807.5,21.139999389648438,103.7699966430664,3995.320068359375,3.503000020980835
2022-12-15,1777.199951171875,22.829999923706055,104.55999755859375,3895.75,3.450000047683716
2022-12-16,1790.0,22.6200008392334,104.69999694824219,3852.360107421875,3.4820001125335693
2022-12-19,1787.699951171875,22.420000076293945,104.72000122070312,3817.659912109375,3.5810000896453857
2022-12-20,1815.9000244140625,21.479999542236328,103.97000122070312,3821.6201171875,3.684000015258789
2022-12-21,1815.9000244140625,20.06999969482422,104.16000366210938,3878.43994140625,3.684000015258789
2022-12-22,1787.0,21.969999313354492,104.43000030517578,3822.389892578125,3.6689999103546143
2022-12-23,1795.9000244140625,20.8700008392334,104.30999755859375,3844.820068359375,3.750999927520752
2022-12-27,1814.800048828125,21.649999618530273,104.18000030517578,3829.25,3.859999895095825
2022-12-28,1807.9000244140625,22.139999389648438,104.45999908447266,3783.219970703125,3.88700008392334
2022-12-29,1819.5,21.440000534057617,103.83999633789062,3849.280029296875,3.8350000381469727
2022-12-30,1819.699951171875,21.670000076293945,103.5199966430664,3839.5,3.878999948501587
2023-01-03,1839.699951171875,22.899999618530273,104.5199966430664,3824.139892578125,3.7929999828338623
2023-01-04,1852.800048828125,22.010000228881836,104.25,3852.969970703125,3.7090001106262207
2023-01-05,1834.800048828125,22.459999084472656,105.04000091552734,3808.10009765625,3.7200000286102295
2023-01-06,1864.199951171875,21.1299991607666,103.87999725341797,3895.080078125,3.569000005722046
2023-01-09,1872.699951171875,21.969999313354492,103.0,3892.090087890625,3.5169999599456787
2023-01-10,1871.5999755859375,20.579999923706055,103.23999786376953,3919.25,3.621000051498413
2023-01-11,1874.5999755859375,21.09000015258789,103.19000244140625,3969.610107421875,3.553999900817871
2023-01-12,1895.5,18.829999923706055,102.25,3983.169921875,3.4489998817443848
2023-01-13,1918.4000244140625,18.350000381469727,102.19999694824219,3999.090087890625,3.510999917984009
2023-01-17,1907.199951171875,19.360000610351562,102.38999938964844,3990.969970703125,3.5350000858306885
2023-01-18,1904.4000244140625,20.34000015258789,102.36000061035156,3928.860107421875,3.375
2023-01-19,1922.0999755859375,20.520000457763672,102.05999755859375,3898.85009765625,3.3970000743865967
2023-01-20,1926.4000244140625,19.850000381469727,102.01000213623047,3972.610107421875,3.4839999675750732
2023-01-23,1927.0999755859375,19.809999465942383,102.13999938964844,4019.81005859375,3.5250000953674316
2023-01-24,1933.9000244140625,19.200000762939453,101.91999816894531,4016.949951171875,3.4690001010894775
2023-01-25,1941.199951171875,19.079999923706055,101.63999938964844,4016.219970703125,3.4619998931884766
2023-01-26,1929.0999755859375,18.729999542236328,101.83999633789062,4060.429931640625,3.493000030517578
2023-01-27,1928.5999755859375,18.510000228881836,101.93000030517578,4070.56005859375,3.5179998874664307
2023-01-30,1922.9000244140625,19.940000534057617,102.27999877929688,4017.77001953125,3.5510001182556152
2023-01-31,1929.5,19.399999618530273,102.0999984741211,4076.60009765625,3.5290000438690186
2023-02-01,1927.800048828125,17.8700008392334,101.22000122070312,4119.2099609375,3.3970000743865967
2023-02-02,1916.300048828125,18.729999542236328,101.75,4179.759765625,3.3959999084472656
2023-02-03,1862.9000244140625,18.329999923706055,102.91999816894531,4136.47998046875,3.5320000648498535
2023-02-06,1866.199951171875,19.43000030517578,103.62000274658203,4111.080078125,3.634000062942505
2023-02-07,1871.699951171875,18.65999984741211,103.43000030517578,4164.0,3.6740000247955322
2023-02-08,1877.4000244140625,19.6299991607666,103.41000366210938,4117.85986328125,3.6530001163482666
2023-02-09,1866.199951171875,20.709999084472656,103.22000122070312,4081.5,3.683000087738037
2023-02-10,1862.800048828125,20.530000686645508,103.62999725341797,4090.4599609375,3.74399995803833
2023-02-13,1851.9000244140625,20.34000015258789,103.3499984741211,4137.2900390625,3.7170000076293945
2023-02-14,1854.0,18.90999984741211,103.2300033569336,4136.1298828125,3.760999917984009
2023-02-15,1834.199951171875,18.229999542236328,103.91999816894531,4147.60009765625,3.809000015258789
2023-02-16,1842.0,20.170000076293945,103.86000061035156,4090.409912109375,3.8429999351501465
2023-02-17,1840.4000244140625,20.020000457763672,103.86000061035156,4079.090087890625,3.828000068664551
2023-02-21,1833.0,22.8700008392334,104.18000030517578,3997.340087890625,3.9549999237060547
2023-02-22,1832.0,22.290000915527344,104.58999633789062,3991.050048828125,3.9230000972747803
2023-02-23,1818.0,21.139999389648438,104.5999984741211,4012.320068359375,3.878999948501587
2023-02-24,1808.800048828125,21.670000076293945,105.20999908447266,3970.0400390625,3.9489998817443848
2023-02-27,1817.0,20.950000762939453,104.66999816894531,3982.239990234375,3.921999931335449
2023-02-28,1828.9000244140625,20.700000762939453,104.87000274658203,3970.14990234375,3.9159998893737793
2023-03-01,1837.699951171875,20.579999923706055,104.4800033569336,3951.389892578125,3.99399995803833
2023-03-02,1833.5,19.59000015258789,105.02999877929688,3981.35009765625,4.072999954223633
2023-03-03,1847.699951171875,18.489999771118164,104.5199966430664,4045.639892578125,3.9639999866485596
2023-03-06,1847.9000244140625,18.610000610351562,104.3499984741211,4048.419921875,3.9830000400543213
2023-03-07,1813.9000244140625,19.59000015258789,105.62000274658203,3986.3701171875,3.9749999046325684
2023-03-08,1812.699951171875,19.110000610351562,105.66000366210938,3992.010009765625,3.9760000705718994
2023-03-09,1829.300048828125,22.610000610351562,105.30999755859375,3918.320068359375,3.924999952316284
2023-03-10,1862.0,24.799999237060547,104.58000183105469,3861.590087890625,3.694999933242798
2023-03-13,1911.699951171875,26.520000457763672,103.5999984741211,3855.760009765625,3.515000104904175
2023-03-14,1906.199951171875,23.729999542236328,103.5999984741211,3919.2900390625,3.638000011444092
2023-03-15,1926.5999755859375,26.139999389648438,104.6500015258789,3891.929931640625,3.492000102996826
2023-03-16,1919.0,22.989999771118164,104.41999816894531,3960.280029296875,3.5850000381469727
2023-03-17,1969.800048828125,25.510000228881836,103.70999908447266,3916.639892578125,3.3949999809265137
2023-03-20,1979.199951171875,24.149999618530273,103.27999877929688,3951.570068359375,3.4809999465942383
2023-03-21,1938.0,21.3799991607666,103.26000213623047,4002.8701171875,3.6059999465942383
2023-03-22,1946.800048828125,22.260000228881836,102.3499984741211,3936.969970703125,3.5
2023-03-23,1993.800048828125,22.610000610351562,102.52999877929688,3948.719970703125,3.4059998989105225
2023-03-24,1982.0999755859375,21.739999771118164,103.12000274658203,3970.989990234375,3.380000114440918
2023-03-27,1952.4000244140625,20.600000381469727,102.86000061035156,3977.530029296875,3.5280001163482666
2023-03-28,1972.4000244140625,19.969999313354492,102.43000030517578,3971.27001953125,3.563999891281128
2023-03-29,1966.0999755859375,19.1200008392334,102.63999938964844,4027.81005859375,3.565999984741211
2023-03-30,1980.300048828125,19.020000457763672,102.13999938964844,4050.830078125,3.5510001182556152
2023-03-31,1969.0,18.700000762939453,102.51000213623047,4109.31005859375,3.49399995803833
2023-04-03,1983.9000244140625,18.549999237060547,102.08999633789062,4124.509765625,3.430000066757202
2023-04-04,2022.199951171875,19.0,101.58999633789062,4100.60009765625,3.3369998931884766
2023-04-05,2020.9000244140625,19.079999923706055,101.8499984741211,4090.3798828125,3.2869999408721924
2023-04-06,2011.9000244140625,18.399999618530273,101.81999969482422,4105.02001953125,3.2880001068115234
2023-04-10,1989.0999755859375,18.969999313354492,102.58000183105469,4109.10986328125,3.4149999618530273
2023-04-11,2004.800048828125,19.100000381469727,102.19999694824219,4108.93994140625,3.434000015258789
2023-04-12,2010.9000244140625,19.09000015258789,101.5,4091.949951171875,3.4210000038146973
2023-04-13,2041.300048828125,17.799999237060547,101.01000213623047,4146.22021484375,3.4519999027252197
2023-04-14,2002.199951171875,17.06999969482422,101.55000305175781,4137.64013671875,3.5220000743865967
2023-04-17,1994.199951171875,16.950000762939453,102.0999984741211,4151.31982421875,3.5910000801086426
2023-04-18,2007.4000244140625,16.829999923706055,101.75,4154.8701171875,3.572000026702881
2023-04-19,1995.199951171875,16.459999084472656,101.97000122070312,4154.52001953125,3.6019999980926514
2023-04-20,2007.5999755859375,17.170000076293945,101.83999633789062,4129.7900390625,3.5450000762939453
2023-04-21,1979.5,16.770000457763672,101.81999969482422,4133.52001953125,3.569999933242798
2023-04-24,1989.0999755859375,16.889999389648438,101.3499984741211,4137.0400390625,3.515000104904175
2023-04-25,1994.0,18.760000228881836,101.86000061035156,4071.6298828125,3.3959999084472656
2023-04-26,1985.699951171875,18.84000015258789,101.47000122070312,4055.989990234375,3.431999921798706
2023-04-27,1989.9000244140625,17.030000686645508,101.5,4135.35009765625,3.5280001163482666
2023-04-28,1990.0999755859375,15.779999732971191,101.66999816894531,4169.47998046875,3.4519999027252197
2023-05-01,1983.4000244140625,16.079999923706055,102.1500015258789,4167.8701171875,3.5739998817443848
2023-05-02,2014.300048828125,17.780000686645508,101.95999908447266,4119.580078125,3.438999891281128
2023-05-03,2028.5999755859375,18.34000015258789,101.33999633789062,4090.75,3.4030001163482666
2023-05-04,2048.0,20.09000015258789,101.4000015258789,4061.219970703125,3.3510000705718994
2023-05-05,2017.4000244140625,17.190000534057617,101.20999908447266,4136.25,3.446000099182129
2023-05-08,2026.300048828125,16.979999542236328,101.37000274658203,4138.1201171875,3.5209999084472656
2023-05-09,2036.199951171875,17.709999084472656,101.63999938964844,4119.169921875,3.5209999084472656
2023-05-10,2030.5,16.940000534057617,101.4800033569336,4137.64013671875,3.438999891281128
2023-05-11,2014.699951171875,16.93000030517578,102.05999755859375,4130.6201171875,3.3970000743865967
2023-05-12,2014.5,17.030000686645508,102.68000030517578,4124.080078125,3.4630000591278076
2023-05-15,2018.0,17.1200008392334,102.43000030517578,4136.27978515625,3.507999897003174
2023-05-16,1988.4000244140625,17.989999771118164,102.55999755859375,4109.89990234375,3.5490000247955322
2023-05-17,1980.699951171875,16.8700008392334,102.87999725341797,4158.77001953125,3.5810000896453857
2023-05-18,1956.5,16.049999237060547,103.58000183105469,4198.0498046875,3.6480000019073486
2023-05-19,1978.699951171875,16.809999465942383,103.19999694824219,4191.97998046875,3.691999912261963
2023-05-22,1974.800048828125,17.209999084472656,103.19999694824219,4192.6298828125,3.7190001010894775
2023-05-23,1972.4000244140625,18.530000686645508,103.48999786376953,4145.580078125,3.697999954223633
2023-05-24,1962.800048828125,20.030000686645508,103.88999938964844,4115.240234375,3.7190001010894775
2023-05-25,1943.0999755859375,19.139999389648438,104.20999908447266,4151.27978515625,3.813999891281128
2023-05-26,1944.0999755859375,17.950000762939453,104.20999908447266,4205.4501953125,3.809999942779541
2023-05-30,1958.0,17.459999084472656,104.16999816894531,4205.52001953125,3.700000047683716
2023-05-31,1963.9000244140625,17.940000534057617,104.31999969482422,4179.830078125,3.63700008392334
2023-06-01,1978.0,15.649999618530273,103.55999755859375,4221.02001953125,3.6080000400543213
2023-06-02,1952.4000244140625,14.600000381469727,104.0199966430664,4282.3701171875,3.690999984741211
2023-06-05,1958.0,14.729999542236328,104.0,4273.7900390625,3.693000078201294
2023-06-06,1965.5,13.960000038146973,104.12999725341797,4283.85009765625,3.6989998817443848
2023-06-07,1942.699951171875,13.9399995803833,104.0999984741211,4267.52001953125,3.7839999198913574
2023-06-08,1963.5999755859375,13.649999618530273,103.33999633789062,4293.93017578125,3.7139999866485596
2023-06-09,1962.199951171875,13.829999923706055,103.55999755859375,4298.85986328125,3.744999885559082
2023-06-12,1955.300048828125,15.010000228881836,103.62999725341797,4338.93017578125,3.765000104904175
2023-06-13,1944.5999755859375,14.609999656677246,103.33999633789062,4369.009765625,3.8389999866485596
2023-06-14,1955.300048828125,13.880000114440918,103.01000213623047,4372.58984375,3.7960000038146973
2023-06-15,1957.800048828125,14.5,102.12000274658203,4425.83984375,3.7279999256134033
2023-06-16,1958.4000244140625,13.539999961853027,102.30000305175781,4409.58984375,3.7690000534057617
2023-06-20,1935.5,13.880000114440918,102.54000091552734,4388.7099609375,3.7290000915527344
2023-06-21,1933.300048828125,13.199999809265137,102.06999969482422,4365.68994140625,3.7230000495910645
2023-06-22,1912.699951171875,12.90999984741211,102.38999938964844,4381.89013671875,3.7990000247955322
2023-06-23,1919.0999755859375,13.4399995803833,102.9000015258789,4348.330078125,3.739000082015991
2023-06-26,1923.699951171875,14.25,102.69000244140625,4328.81982421875,3.7190001010894775
2023-06-27,1914.0,13.739999771118164,102.48999786376953,4378.41015625,3.7679998874664307
2023-06-28,1912.300048828125,13.430000305175781,102.91000366210938,4376.85986328125,3.7100000381469727
2023-06-29,1909.199951171875,13.539999961853027,103.33999633789062,4396.43994140625,3.8540000915527344
2023-06-30,1921.0999755859375,13.59000015258789,102.91000366210938,4450.3798828125,3.819000005722046
2023-07-03,1921.699951171875,13.569999694824219,102.98999786376953,4455.58984375,3.8580000400543213
2023-07-05,1919.5999755859375,14.180000305175781,103.37000274658203,4446.81982421875,3.944999933242798
2023-07-06,1908.699951171875,15.4399995803833,103.16999816894531,4411.58984375,4.040999889373779
2023-07-07,1926.199951171875,14.829999923706055,102.2699966430664,4398.9501953125,4.050000190734863
2023-07-10,1925.0,15.069999694824219,101.97000122070312,4409.52978515625,4.00600004196167
2023-07-11,1931.300048828125,14.84000015258789,101.7300033569336,4439.259765625,3.9800000190734863
2023-07-12,1956.199951171875,13.539999961853027,100.5199966430664,4472.16015625,3.8610000610351562
2023-07-13,1959.199951171875,13.609999656677246,99.7699966430664,4510.0400390625,3.760999917984009
2023-07-14,1960.0999755859375,13.34000015258789,99.91000366210938,4505.419921875,3.819000005722046
2023-07-17,1952.4000244140625,13.479999542236328,99.83999633789062,4522.7900390625,3.796999931335449
2023-07-18,1977.199951171875,13.300000190734863,99.94000244140625,4554.97998046875,3.7890000343322754
2023-07-19,1977.5,13.760000228881836,100.27999877929688,4565.72021484375,3.742000102996826
2023-07-20,1968.300048828125,13.989999771118164,100.87999725341797,4534.8701171875,3.8540000915527344
2023-07-21,1964.300048828125,13.600000381469727,101.06999969482422,4536.33984375,3.8369998931884766
2023-07-24,1960.300048828125,13.90999984741211,101.3499984741211,4554.64013671875,3.8570001125335693
2023-07-25,1962.0999755859375,13.859999656677246,101.3499984741211,4567.4599609375,3.9119999408721924
2023-07-26,1968.9000244140625,13.1899995803833,100.88999938964844,4566.75,3.8510000705718994
2023-07-27,1945.4000244140625,14.40999984741211,101.7699966430664,4537.41015625,4.01200008392334
2023-07-28,1960.4000244140625,13.329999923706055,101.62000274658203,4582.22998046875,3.9690001010894775
2023-07-31,1970.5,13.630000114440918,101.86000061035156,4588.9599609375,3.9590001106262207
2023-08-01,1940.699951171875,13.930000305175781,102.30000305175781,4576.72998046875,4.051000118255615
2023-08-02,1937.4000244140625,16.09000015258789,102.58999633789062,4513.39013671875,4.078000068664551
2023-08-03,1932.0,15.920000076293945,102.54000091552734,4501.89013671875,4.189000129699707
2023-08-04,1939.5999755859375,17.100000381469727,102.0199966430664,4478.02978515625,4.059999942779541
2023-08-07,1933.5,15.770000457763672,102.05000305175781,4518.43994140625,4.078000068664551
2023-08-08,1924.0999755859375,15.989999771118164,102.52999877929688,4499.3798828125,4.026000022888184
2023-08-09,1915.4000244140625,15.960000038146973,102.48999786376953,4467.7099609375,4.01200008392334
2023-08-10,1914.4000244140625,15.850000381469727,102.5199966430664,4468.830078125,4.079999923706055
2023-08-11,1912.9000244140625,14.84000015258789,102.83999633789062,4464.0498046875,4.168000221252441
2023-08-14,1910.5999755859375,14.819999694824219,103.19000244140625,4489.72021484375,4.184000015258789
2023-08-15,1902.5,16.459999084472656,103.20999908447266,4437.85986328125,4.2210001945495605
2023-08-16,1896.0999755859375,16.780000686645508,103.41999816894531,4404.330078125,4.257999897003174
2023-08-17,1884.0999755859375,17.889999389648438,103.44000244140625,4370.35986328125,4.308000087738037
2023-08-18,1886.0999755859375,17.299999237060547,103.37999725341797,4369.7099609375,4.250999927520752
2023-08-21,1893.300048828125,17.1299991607666,103.33000183105469,4399.77001953125,4.3420000076293945
2023-08-22,1896.4000244140625,16.969999313354492,103.55999755859375,4387.5498046875,4.328000068664551
2023-08-23,1918.5,15.979999542236328,103.36000061035156,4436.009765625,4.197999954223633
2023-08-24,1918.199951171875,17.200000762939453,103.9800033569336,4376.31005859375,4.235000133514404
2023-08-25,1911.0999755859375,15.680000305175781,104.08000183105469,4405.7099609375,4.238999843597412
2023-08-28,1917.9000244140625,15.079999923706055,104.05999755859375,4433.31005859375,4.211999893188477
2023-08-29,1936.5,14.449999809265137,103.55000305175781,4497.6298828125,4.122000217437744
2023-08-30,1944.300048828125,13.880000114440918,103.16000366210938,4514.8701171875,4.118000030517578
2023-08-31,1938.199951171875,13.569999694824219,103.62000274658203,4507.66015625,4.0929999351501465
2023-09-01,1939.800048828125,13.09000015258789,104.23999786376953,4515.77001953125,4.172999858856201
2023-09-05,1926.199951171875,14.010000228881836,104.80999755859375,4496.830078125,4.26800012588501
2023-09-06,1918.0999755859375,14.449999809265137,104.86000061035156,4465.47998046875,4.289999961853027
2023-09-07,1917.5,14.399999618530273,105.05999755859375,4451.14013671875,4.260000228881836
2023-09-08,1918.4000244140625,13.84000015258789,105.08999633789062,4457.490234375,4.257999897003174
2023-09-11,1923.300048828125,13.800000190734863,104.56999969482422,4487.4599609375,4.288000106811523
2023-09-12,1911.300048828125,14.229999542236328,104.70999908447266,4461.89990234375,4.263999938964844
2023-09-13,1909.0999755859375,13.479999542236328,104.7699966430664,4467.43994140625,4.249000072479248
2023-09-14,1910.0,12.819999694824219,105.41000366210938,4505.10009765625,4.288000106811523
2023-09-15,1923.699951171875,13.789999961853027,105.31999969482422,4450.31982421875,4.322000026702881
2023-09-18,1931.5,14.0,105.19999694824219,4453.52978515625,4.318999767303467
2023-09-19,1932.0,14.109999656677246,105.19999694824219,4443.9501953125,4.364999771118164
2023-09-20,1945.5999755859375,15.140000343322754,105.16000366210938,4402.2001953125,4.348999977111816
2023-09-21,1919.199951171875,17.540000915527344,105.36000061035156,4330.0,4.480000019073486
2023-09-22,1925.4000244140625,17.200000762939453,105.58000183105469,4320.06005859375,4.438000202178955
2023-09-25,1916.5999755859375,16.899999618530273,106.0,4337.43994140625,4.541999816894531
2023-09-26,1900.4000244140625,18.940000534057617,106.2300033569336,4273.52978515625,4.558000087738037
2023-09-27,1871.5999755859375,18.219999313354492,106.66999816894531,4274.509765625,4.625999927520752
2023-09-28,1860.4000244140625,17.34000015258789,106.22000122070312,4299.7001953125,4.5970001220703125
2023-09-29,1848.0999755859375,17.520000457763672,106.16999816894531,4288.0498046875,4.572999954223633
2023-10-02,1830.0,17.610000610351562,106.9000015258789,4288.39013671875,4.683000087738037
2023-10-03,1824.5999755859375,19.780000686645508,107.0,4229.4501953125,4.802000045776367
2023-10-04,1818.5,18.579999923706055,106.80000305175781,4263.75,4.735000133514404
2023-10-05,1816.5999755859375,18.489999771118164,106.33000183105469,4258.18994140625,4.7170000076293945
2023-10-06,1830.199951171875,17.450000762939453,106.04000091552734,4308.5,4.783999919891357
2023-10-09,1849.5,17.700000762939453,106.08000183105469,4335.66015625,4.796999931335449
2023-10-10,1861.0,17.030000686645508,105.83000183105469,4358.240234375,4.65500020980835
2023-10-11,1872.800048828125,16.09000015258789,105.81999969482422,4376.9501953125,4.59499979019165
2023-10-12,1869.300048828125,16.690000534057617,106.56999969482422,4349.60986328125,4.711999893188477
2023-10-13,1927.4000244140625,19.31999969482422,106.6500015258789,4327.77978515625,4.629000186920166
2023-10-16,1921.0999755859375,17.209999084472656,106.23999786376953,4373.6298828125,4.711999893188477
2023-10-17,1922.699951171875,17.8799991607666,106.25,4373.2001953125,4.8470001220703125
2023-10-18,1955.300048828125,19.219999313354492,106.56999969482422,4314.60009765625,4.9039998054504395
2023-10-19,1968.4000244140625,21.399999618530273,106.25,4278.0,4.98799991607666
2023-10-20,1982.5,21.709999084472656,106.16000366210938,4224.16015625,4.923999786376953
2023-10-23,1976.300048828125,20.3700008392334,105.54000091552734,4217.0400390625,4.8379998207092285
2023-10-24,1975.0,18.969999313354492,106.2699966430664,4247.68017578125,4.840000152587891
2023-10-25,1984.0999755859375,20.190000534057617,106.52999877929688,4186.77001953125,4.953000068664551
2023-10-26,1987.199951171875,20.68000030517578,106.5999984741211,4137.22998046875,4.84499979019165
2023-10-27,1988.5999755859375,21.270000457763672,106.55999755859375,4117.3701171875,4.84499979019165
2023-10-30,1996.199951171875,19.75,106.12000274658203,4166.81982421875,4.875
2023-10-31,1985.199951171875,18.139999389648438,106.66000366210938,4193.7998046875,4.875
2023-11-01,1978.800048828125,16.8700008392334,106.87999725341797,4237.85986328125,4.789000034332275
2023-11-02,1985.5999755859375,15.65999984741211,106.12000274658203,4317.77978515625,4.669000148773193
2023-11-03,1991.5,14.90999984741211,105.0199966430664,4358.33984375,4.558000087738037
2023-11-06,1981.5999755859375,14.890000343322754,105.22000122070312,4365.97998046875,4.6620001792907715
2023-11-07,1966.800048828125,14.8100004196167,105.54000091552734,4378.3798828125,4.571000099182129
2023-11-08,1951.5,14.449999809265137,105.58999633789062,4382.77978515625,4.5229997634887695
2023-11-09,1964.199951171875,15.289999961853027,105.91000366210938,4347.35009765625,4.630000114440918
2023-11-10,1932.5999755859375,14.170000076293945,105.86000061035156,4415.240234375,4.627999782562256
2023-11-13,1945.5,14.760000228881836,105.66000366210938,4411.5498046875,4.631999969482422
2023-11-14,1961.800048828125,14.15999984741211,104.11000061035156,4495.7001953125,4.440999984741211
2023-11-15,1960.0999755859375,14.180000305175781,104.38999938964844,4502.8798828125,4.534999847412109
2023-11-16,1983.9000244140625,14.319999694824219,104.37000274658203,4508.240234375,4.445000171661377
2023-11-17,1981.5999755859375,13.800000190734863,103.81999969482422,4514.02001953125,4.440999984741211
2023-11-20,1977.699951171875,13.40999984741211,103.47000122070312,4547.3798828125,4.421999931335449
2023-11-21,1999.300048828125,13.350000381469727,103.58999633789062,4538.18994140625,4.418000221252441
2023-11-22,1991.4000244140625,12.850000381469727,103.91999816894531,4556.6201171875,4.415999889373779
2023-11-24,2002.199951171875,12.460000038146973,103.4000015258789,4559.33984375,4.4720001220703125
2023-11-27,2011.800048828125,12.6899995803833,103.19999694824219,4550.43017578125,4.388999938964844
2023-11-28,2039.699951171875,12.6899995803833,102.75,4554.89013671875,4.335999965667725
2023-11-29,2047.0999755859375,12.979999542236328,102.7699966430664,4550.580078125,4.270999908447266
2023-11-30,2038.0999755859375,12.920000076293945,103.5,4567.7998046875,4.3520002365112305
2023-12-01,2071.0,12.630000114440918,103.2699966430664,4594.6298828125,4.22599983215332
2023-12-04,2024.0999755859375,13.079999923706055,103.63999938964844,4569.77978515625,4.288000106811523
2023-12-05,2018.5,12.850000381469727,104.05000305175781,4567.18017578125,4.171000003814697
2023-12-06,2030.5,12.970000267028809,104.1500015258789,4549.33984375,4.120999813079834
2023-12-07,2029.9000244140625,13.0600004196167,103.54000091552734,4585.58984375,4.129000186920166
2023-12-08,1998.300048828125,12.350000381469727,104.01000213623047,4604.3701171875,4.244999885559082
2023-12-11,1978.0,12.630000114440918,104.0999984741211,4622.43994140625,4.238999843597412
2023-12-12,1977.800048828125,12.069999694824219,103.87000274658203,4643.7001953125,4.205999851226807
2023-12-13,1982.300048828125,12.1899995803833,102.87000274658203,4707.08984375,4.0329999923706055
2023-12-14,2030.199951171875,12.479999542236328,101.95999908447266,4719.5498046875,3.930000066757202
2023-12-15,2021.0999755859375,12.279999732971191,102.55000305175781,4719.18994140625,3.927999973297119
2023-12-18,2026.300048828125,12.5600004196167,102.51000213623047,4740.56005859375,3.9539999961853027
2023-12-19,2038.4000244140625,12.529999732971191,102.16999816894531,4768.3701171875,3.921999931335449
2023-12-20,2034.5,13.670000076293945,102.41000366210938,4698.35009765625,3.877000093460083
2023-12-21,2039.0999755859375,13.649999618530273,101.83999633789062,4746.75,3.8940000534057617
2023-12-22,2057.10009765625,13.029999732971191,101.69999694824219,4754.6298828125,3.9010000228881836
2023-12-26,2058.199951171875,12.989999771118164,101.47000122070312,4774.75,3.885999917984009
2023-12-27,2081.89990234375,12.430000305175781,100.98999786376953,4781.580078125,3.7890000343322754
2023-12-28,2073.89990234375,12.470000267028809,101.2300033569336,4783.35009765625,3.8499999046325684
2023-12-29,2062.39990234375,12.449999809265137,101.33000183105469,4769.830078125,3.865999937057495
2024-01-02,2064.39990234375,13.199999809265137,102.19999694824219,4742.830078125,3.946000099182129
2024-01-03,2034.199951171875,14.039999961853027,102.45999908447266,4704.81005859375,3.9070000648498535
2024-01-04,2042.300048828125,14.130000114440918,102.41999816894531,4688.68017578125,3.990999937057495
2024-01-05,2042.4000244140625,13.350000381469727,102.41000366210938,4697.240234375,4.041999816894531
2024-01-08,2026.5999755859375,13.079999923706055,102.20999908447266,4763.5400390625,4.001999855041504
2024-01-09,2026.4000244140625,12.760000228881836,102.56999969482422,4756.5,4.019000053405762
2024-01-10,2021.699951171875,12.6899995803833,102.36000061035156,4783.4501953125,4.03000020980835
2024-01-11,2014.300048828125,12.4399995803833,102.29000091552734,4780.240234375,3.9769999980926514
2024-01-12,2046.699951171875,12.699999809265137,102.4000015258789,4783.830078125,3.950000047683716
2024-01-16,2026.0,13.84000015258789,103.36000061035156,4765.97998046875,4.065999984741211
2024-01-17,2002.5999755859375,14.789999961853027,103.44999694824219,4739.2099609375,4.105999946594238
2024-01-18,2018.5999755859375,14.130000114440918,103.54000091552734,4780.93994140625,4.144000053405762
2024-01-19,2026.5,13.300000190734863,103.29000091552734,4839.81005859375,4.145999908447266
2024-01-22,2019.800048828125,13.1899995803833,103.33000183105469,4850.43017578125,4.093999862670898
2024-01-23,2023.699951171875,12.550000190734863,103.62000274658203,4864.60009765625,4.142000198364258
2024-01-24,2013.9000244140625,13.140000343322754,103.23999786376953,4868.5498046875,4.177999973297119
2024-01-25,2016.9000244140625,13.449999809265137,103.56999969482422,4894.16015625,4.131999969482422
2024-01-26,2016.800048828125,13.260000228881836,103.47000122070312,4890.97021484375,4.159999847412109
2024-01-29,2025.199951171875,13.600000381469727,103.61000061035156,4927.93017578125,4.091000080108643
2024-01-30,2031.5,13.3100004196167,103.4000015258789,4924.97021484375,4.059000015258789
2024-01-31,2048.39990234375,14.350000381469727,103.2699966430664,4845.64990234375,3.9670000076293945
2024-02-01,2053.0,13.880000114440918,103.05000305175781,4906.18994140625,3.86299991607666
2024-02-02,2036.0999755859375,13.850000381469727,103.91999816894531,4958.60986328125,4.0329999923706055
2024-02-05,2025.699951171875,13.670000076293945,104.44999694824219,4942.81005859375,4.164000034332275
2024-02-06,2034.5,13.0600004196167,104.18000030517578,4954.22998046875,4.090000152587891
2024-02-07,2035.199951171875,12.829999923706055,104.04000091552734,4995.06005859375,4.110000133514404
2024-02-08,2032.199951171875,12.789999961853027,104.1500015258789,4997.91015625,4.170000076293945
2024-02-09,2023.300048828125,12.930000305175781,104.08000183105469,5026.60986328125,4.186999797821045
2024-02-12,2018.199951171875,13.930000305175781,104.16999816894531,5021.83984375,4.171999931335449
2024-02-13,1992.9000244140625,15.850000381469727,104.95999908447266,4953.169921875,4.315999984741211
2024-02-14,1990.300048828125,14.380000114440918,104.72000122070312,5000.6201171875,4.267000198364258
2024-02-15,2002.0999755859375,14.010000228881836,104.30000305175781,5029.72998046875,4.239999771118164
2024-02-16,2011.5,14.239999771118164,104.27999877929688,5005.56982421875,4.295000076293945
2024-02-20,2027.5,15.420000076293945,104.08000183105469,4975.509765625,4.275000095367432
2024-02-21,2022.300048828125,15.34000015258789,104.01000213623047,4981.7998046875,4.324999809265137
2024-02-22,2019.699951171875,14.539999961853027,103.95999908447266,5087.02978515625,4.327000141143799
2024-02-23,2038.5999755859375,13.75,103.94000244140625,5088.7998046875,4.260000228881836
2024-02-26,2028.5,13.739999771118164,103.83000183105469,5069.52978515625,4.298999786376953
2024-02-27,2034.0,13.430000305175781,103.83000183105469,5078.18017578125,4.315000057220459
2024-02-28,2033.0,13.84000015258789,103.9800033569336,5069.759765625,4.27400016784668
2024-02-29,2045.699951171875,13.399999618530273,104.16000366210938,5096.27001953125,4.251999855041504
2024-03-01,2086.89990234375,13.109999656677246,103.86000061035156,5137.080078125,4.179999828338623
2024-03-04,2117.699951171875,13.489999771118164,103.83000183105469,5130.9501953125,4.218999862670898
2024-03-05,2133.5,14.460000038146973,103.80000305175781,5078.64990234375,4.13700008392334
2024-03-06,2150.300048828125,14.5,103.37000274658203,5104.759765625,4.104000091552734
2024-03-07,2158.0,14.4399995803833,102.81999969482422,5157.35986328125,4.0920000076293945
2024-03-08,2178.60009765625,14.739999771118164,102.73999786376953,5123.68994140625,4.089000225067139
2024-03-11,2182.5,15.220000267028809,102.87000274658203,5117.93994140625,4.104000091552734
2024-03-12,2160.39990234375,13.84000015258789,102.95999908447266,5175.27001953125,4.15500020980835
2024-03-13,2175.39990234375,13.75,102.79000091552734,5165.31005859375,4.191999912261963
2024-03-14,2163.0,14.399999618530273,103.36000061035156,5150.47998046875,4.297999858856201
2024-03-15,2157.300048828125,14.40999984741211,103.43000030517578,5117.08984375,4.303999900817871
2024-03-18,2160.699951171875,14.329999923706055,103.58000183105469,5149.419921875,4.340000152587891
2024-03-19,2156.300048828125,13.819999694824219,103.80999755859375,5178.509765625,4.296999931335449
2024-03-20,2157.89990234375,13.039999961853027,103.41000366210938,5224.6201171875,4.2729997634887695
2024-03-21,2182.39990234375,12.920000076293945,104.0,5241.52978515625,4.270999908447266
2024-03-22,2158.10009765625,13.0600004196167,104.43000030517578,5234.18017578125,4.2179999351501465
2024-03-25,2174.800048828125,13.1899995803833,104.2300033569336,5218.18994140625,4.252999782562256
2024-03-26,2175.60009765625,13.239999771118164,104.29000091552734,5203.580078125,4.234000205993652
2024-03-27,2190.60009765625,12.779999732971191,104.3499984741211,5248.490234375,4.196000099182129
2024-03-28,2217.39990234375,13.010000228881836,104.55000305175781,5254.35009765625,4.205999851226807
2024-04-01,2236.5,13.649999618530273,105.0199966430664,5243.77001953125,4.328999996185303
2024-04-02,2261.0,14.609999656677246,104.81999969482422,5205.81005859375,4.364999771118164
2024-04-03,2294.39990234375,14.329999923706055,104.25,5211.490234375,4.355000019073486
2024-04-04,2288.800048828125,16.350000381469727,104.12000274658203,5147.2099609375,4.309000015258789
2024-04-05,2325.699951171875,16.030000686645508,104.30000305175781,5204.33984375,4.377999782562256
2024-04-08,2331.699951171875,15.1899995803833,104.13999938964844,5202.39013671875,4.423999786376953
2024-04-09,2343.5,14.979999542236328,104.1500015258789,5209.91015625,4.366000175476074
2024-04-10,2329.60009765625,15.800000190734863,105.25,5160.64013671875,4.559999942779541
2024-04-11,2354.800048828125,14.90999984741211,105.27999877929688,5199.06005859375,4.576000213623047
2024-04-12,2356.199951171875,17.309999465942383,106.04000091552734,5123.41015625,4.499000072479248
2024-04-15,2365.800048828125,19.229999542236328,106.20999908447266,5061.81982421875,4.627999782562256
2024-04-16,2390.800048828125,18.399999618530273,106.26000213623047,5051.41015625,4.658999919891357
2024-04-17,2371.699951171875,18.209999084472656,105.94999694824219,5022.2099609375,4.585000038146973
2024-04-18,2382.300048828125,18.0,106.1500015258789,5011.1201171875,4.646999835968018
2024-04-19,2398.39990234375,18.709999084472656,106.1500015258789,4967.22998046875,4.614999771118164
2024-04-22,2332.199951171875,16.940000534057617,106.08000183105469,5010.60009765625,4.623000144958496
2024-04-23,2327.699951171875,15.6899995803833,105.69000244140625,5070.5498046875,4.5980000495910645
2024-04-24,2324.5,15.970000267028809,105.86000061035156,5071.6298828125,4.6519999504089355
2024-04-25,2329.800048828125,15.369999885559082,105.5999984741211,5048.419921875,4.705999851226807
2024-04-26,2334.800048828125,15.029999732971191,105.94000244140625,5099.9599609375,4.669000148773193
2024-04-29,2345.39990234375,14.670000076293945,105.58000183105469,5116.169921875,4.613999843597412
2024-04-30,2291.39990234375,15.649999618530273,106.22000122070312,5035.68994140625,4.685999870300293
2024-05-01,2299.89990234375,15.390000343322754,105.76000213623047,5018.39013671875,4.59499979019165
2024-05-02,2299.199951171875,14.680000305175781,105.30000305175781,5064.2001953125,4.571000099182129
2024-05-03,2299.0,13.489999771118164,105.02999877929688,5127.7900390625,4.5
2024-05-06,2321.60009765625,13.489999771118164,105.05000305175781,5180.740234375,4.488999843597412
2024-05-07,2315.199951171875,13.229999542236328,105.41000366210938,5187.7001953125,4.4629998207092285
2024-05-08,2313.60009765625,13.0,105.55000305175781,5187.669921875,4.492000102996826
2024-05-09,2332.10009765625,12.6899995803833,105.2300033569336,5214.080078125,4.448999881744385
2024-05-10,2367.300048828125,12.550000190734863,105.30999755859375,5222.68017578125,4.504000186920166
2024-05-13,2336.10009765625,13.600000381469727,105.22000122070312,5221.419921875,4.480999946594238
2024-05-14,2353.39990234375,13.420000076293945,105.01000213623047,5246.68017578125,4.445000171661377
2024-05-15,2388.699951171875,12.449999809265137,104.3499984741211,5308.14990234375,4.355999946594238
2024-05-16,2380.0,12.420000076293945,104.45999908447266,5297.10009765625,4.376999855041504
2024-05-17,2412.199951171875,11.989999771118164,104.44999694824219,5303.27001953125,4.420000076293945
2024-05-20,2433.89990234375,12.149999618530273,104.56999969482422,5308.1298828125,4.436999797821045
2024-05-21,2421.699951171875,11.859999656677246,104.66000366210938,5321.41015625,4.414000034332275
2024-05-22,2389.199951171875,12.289999961853027,104.94000244140625,5307.009765625,4.434000015258789
2024-05-23,2335.0,12.770000457763672,105.11000061035156,5267.83984375,4.474999904632568
2024-05-24,2332.5,11.930000305175781,104.72000122070312,5304.72021484375,4.4670000076293945
2024-05-28,2355.199951171875,12.920000076293945,104.61000061035156,5306.0400390625,4.541999816894531
2024-05-29,2340.300048828125,14.279999732971191,105.0999984741211,5266.9501953125,4.624000072479248
2024-05-30,2342.89990234375,14.470000267028809,104.72000122070312,5235.47998046875,4.553999900817871
2024-05-31,2322.89990234375,12.920000076293945,104.66999816894531,5277.509765625,4.513999938964844
2024-06-03,2346.60009765625,13.109999656677246,104.13999938964844,5283.39990234375,4.4019999504089355
2024-06-04,2325.5,13.15999984741211,104.11000061035156,5291.33984375,4.335999965667725
2024-06-05,2354.10009765625,12.630000114440918,104.2699966430664,5354.02978515625,4.289000034332275
2024-06-06,2370.300048828125,12.579999923706055,104.0999984741211,5352.9599609375,4.281000137329102
2024-06-07,2305.199951171875,12.220000267028809,104.88999938964844,5346.990234375,4.429999828338623
2024-06-10,2307.699951171875,12.739999771118164,105.1500015258789,5360.7900390625,4.468999862670898
2024-06-11,2307.5,12.850000381469727,105.2300033569336,5375.31982421875,4.4039998054504395
2024-06-12,2336.0,12.039999961853027,104.6500015258789,5421.02978515625,4.295000076293945
2024-06-13,2300.199951171875,11.9399995803833,105.19999694824219,5433.740234375,4.23799991607666
2024-06-14,2331.39990234375,12.65999984741211,105.55000305175781,5431.60009765625,4.2129998207092285
2024-06-17,2312.39990234375,12.75,105.31999969482422,5473.22998046875,4.2789998054504395
2024-06-18,2330.39990234375,12.300000190734863,105.26000213623047,5487.02978515625,4.2170000076293945
2024-06-20,2353.800048828125,13.279999732971191,105.58999633789062,5473.169921875,4.254000186920166
2024-06-21,2316.39990234375,13.199999809265137,105.80000305175781,5464.6201171875,4.256999969482422
2024-06-24,2330.0,13.329999923706055,105.47000122070312,5447.8701171875,4.248000144958496
2024-06-25,2316.60009765625,12.84000015258789,105.61000061035156,5469.2998046875,4.23799991607666
2024-06-26,2299.199951171875,12.550000190734863,106.05000305175781,5477.89990234375,4.315999984741211
2024-06-27,2324.5,12.239999771118164,105.91000366210938,5482.8701171875,4.288000106811523
2024-06-28,2327.699951171875,12.4399995803833,105.87000274658203,5460.47998046875,4.3429999351501465
2024-07-01,2327.60009765625,12.220000267028809,105.9000015258789,5475.08984375,4.479000091552734
2024-07-02,2323.0,12.029999732971191,105.72000122070312,5509.009765625,4.435999870300293
2024-07-03,2359.800048828125,12.09000015258789,105.4000015258789,5537.02001953125,4.355000019073486
2024-07-05,2388.5,12.479999542236328,104.87999725341797,5567.18994140625,4.271999835968018
2024-07-08,2355.199951171875,12.369999885559082,105.01000213623047,5572.85009765625,4.269000053405762
2024-07-09,2360.10009765625,12.510000228881836,105.12000274658203,5576.97998046875,4.300000190734863
2024-07-10,2372.199951171875,12.850000381469727,105.05000305175781,5633.91015625,4.28000020980835
2024-07-11,2415.0,12.920000076293945,104.44000244140625,5584.5400390625,4.192999839782715
2024-07-12,2414.0,12.460000038146973,104.08999633789062,5615.35009765625,4.189000129699707
2024-07-15,2422.89990234375,13.119999885559082,104.19000244140625,5631.22021484375,4.229000091552734
2024-07-16,2462.39990234375,13.1899995803833,104.2699966430664,5667.2001953125,4.166999816894531
2024-07-17,2454.800048828125,14.479999542236328,103.75,5588.27001953125,4.145999908447266
2024-07-18,2451.800048828125,15.930000305175781,104.16999816894531,5544.58984375,4.189000129699707
2024-07-19,2395.5,16.520000457763672,104.4000015258789,5505.0,4.238999843597412
2024-07-22,2392.0,14.90999984741211,104.30999755859375,5564.41015625,4.260000228881836
2024-07-23,2404.60009765625,14.720000267028809,104.44999694824219,5555.740234375,4.238999843597412
2024-07-24,2413.300048828125,18.040000915527344,104.38999938964844,5427.1298828125,4.285999774932861
2024-07-25,2351.89990234375,18.459999084472656,104.36000061035156,5399.22021484375,4.25600004196167
2024-07-26,2380.0,16.389999389648438,104.31999969482422,5459.10009765625,4.199999809265137
2024-07-29,2377.300048828125,16.600000381469727,104.55999755859375,5463.5400390625,4.177999973297119
2024-07-30,2405.0,17.690000534057617,104.55000305175781,5436.43994140625,4.14300012588501
2024-07-31,2426.5,16.360000610351562,104.0999984741211,5522.2998046875,4.109000205993652
2024-08-01,2435.0,18.59000015258789,104.41999816894531,5446.68017578125,3.9760000705718994
2024-08-02,2425.699951171875,23.389999389648438,103.20999908447266,5346.56005859375,3.7920000553131104
2024-08-05,2401.699951171875,38.56999969482422,102.69000244140625,5186.330078125,3.7850000858306885
2024-08-06,2389.10009765625,27.709999084472656,102.97000122070312,5240.02978515625,3.888000011444092
2024-08-07,2390.5,27.850000381469727,103.19999694824219,5199.5,3.9679999351501465
2024-08-08,2422.199951171875,23.790000915527344,103.20999908447266,5319.31005859375,3.996999979019165
2024-08-09,2432.10009765625,20.3700008392334,103.13999938964844,5344.16015625,3.941999912261963
2024-08-12,2462.39990234375,20.709999084472656,103.13999938964844,5344.39013671875,3.9089999198913574
2024-08-13,2466.699951171875,18.1200008392334,102.55999755859375,5434.43017578125,3.8519999980926514
2024-08-14,2439.39990234375,16.190000534057617,102.56999969482422,5455.2099609375,3.819999933242798
2024-08-15,2453.10009765625,15.229999542236328,102.9800033569336,5543.22021484375,3.9260001182556152
2024-08-16,2498.60009765625,14.800000190734863,102.45999908447266,5554.25,3.8919999599456787
2024-08-19,2501.800048828125,14.649999618530273,101.88999938964844,5608.25,3.867000102996826
2024-08-20,2511.300048828125,15.880000114440918,101.44000244140625,5597.1201171875,3.818000078201294
2024-08-21,2508.39990234375,16.270000457763672,101.04000091552734,5620.85009765625,3.7780001163482666
2024-08-22,2478.89990234375,17.549999237060547,101.51000213623047,5570.64013671875,3.861999988555908
2024-08-23,2508.39990234375,15.859999656677246,100.72000122070312,5634.60986328125,3.806999921798706
2024-08-26,2517.699951171875,16.149999618530273,100.8499984741211,5616.83984375,3.818000078201294
2024-08-27,2516.0,15.430000305175781,100.55000305175781,5625.7998046875,3.8329999446868896
2024-08-28,2501.0,17.110000610351562,101.08999633789062,5592.18017578125,3.8410000801086426
2024-08-29,2525.699951171875,15.649999618530273,101.33999633789062,5591.9599609375,3.867000102996826
2024-08-30,2493.800048828125,15.0,101.69999694824219,5648.39990234375,3.9110000133514404
2024-09-03,2489.89990234375,20.719999313354492,101.83000183105469,5528.93017578125,3.8440001010894775
2024-09-04,2493.39990234375,21.31999969482422,101.36000061035156,5520.06982421875,3.7679998874664307
2024-09-05,2511.39990234375,19.899999618530273,101.11000061035156,5503.41015625,3.7309999465942383
2024-09-06,2493.5,22.3799991607666,101.18000030517578,5408.419921875,3.7100000381469727
2024-09-09,2501.800048828125,19.450000762939453,101.55000305175781,5471.0498046875,3.697000026702881
2024-09-10,2512.300048828125,19.079999923706055,101.62999725341797,5495.52001953125,3.6459999084472656
2024-09-11,2512.10009765625,17.690000534057617,101.68000030517578,5554.1298828125,3.6530001163482666
2024-09-12,2551.199951171875,17.06999969482422,101.37000274658203,5595.759765625,3.680000066757202
2024-09-13,2581.300048828125,16.559999465942383,101.11000061035156,5626.02001953125,3.6500000953674316
2024-09-16,2580.39990234375,17.139999389648438,100.76000213623047,5633.08984375,3.621000051498413
2024-09-17,2564.300048828125,17.610000610351562,100.88999938964844,5634.580078125,3.6419999599456787
2024-09-18,2570.699951171875,18.229999542236328,100.5999984741211,5618.259765625,3.684999942779541
2024-09-19,2588.0,16.329999923706055,100.61000061035156,5713.64013671875,3.740000009536743
2024-09-20,2619.89990234375,16.149999618530273,100.72000122070312,5702.5498046875,3.7279999256134033
2024-09-23,2626.5,15.890000343322754,100.91999816894531,5718.56982421875,3.739000082015991
2024-09-24,2651.199951171875,15.390000343322754,100.37000274658203,5732.93017578125,3.7360000610351562
2024-09-25,2659.199951171875,15.40999984741211,100.91999816894531,5722.259765625,3.7809998989105225
2024-09-26,2669.89990234375,15.369999885559082,100.55999755859375,5745.3701171875,3.7909998893737793
2024-09-27,2644.300048828125,16.959999084472656,100.41999816894531,5738.169921875,3.749000072479248
2024-09-30,2636.10009765625,16.729999542236328,100.77999877929688,5762.47998046875,3.802000045776367
2024-10-01,2667.300048828125,19.260000228881836,101.19000244140625,5708.75,3.743000030517578
2024-10-02,2647.10009765625,18.899999618530273,101.68000030517578,5709.5400390625,3.7850000858306885
2024-10-03,2657.10009765625,20.489999771118164,101.98999786376953,5699.93994140625,3.8499999046325684
2024-10-04,2645.800048828125,19.209999084472656,102.5199966430664,5751.06982421875,3.9809999465942383
2024-10-07,2644.800048828125,22.639999389648438,102.54000091552734,5695.93994140625,4.026000022888184
2024-10-08,2615.0,21.420000076293945,102.55000305175781,5751.1298828125,4.0329999923706055
2024-10-09,2606.0,20.860000610351562,102.93000030517578,5792.0400390625,4.066999912261963
2024-10-10,2620.60009765625,20.93000030517578,102.98999786376953,5780.0498046875,4.0960001945495605
2024-10-11,2657.60009765625,20.459999084472656,102.88999938964844,5815.02978515625,4.072999954223633
2024-10-14,2647.800048828125,19.700000762939453,103.30000305175781,5859.85009765625,4.0980000495910645
2024-10-15,2661.39990234375,20.639999389648438,103.26000213623047,5815.259765625,4.038000106811523
2024-10-16,2674.0,19.579999923706055,103.58999633789062,5842.47021484375,4.015999794006348
2024-10-17,2691.0,19.110000610351562,103.83000183105469,5841.47021484375,4.0960001945495605
2024-10-18,2713.699951171875,18.030000686645508,103.48999786376953,5864.669921875,4.072999954223633
2024-10-21,2723.10009765625,18.3700008392334,104.01000213623047,5853.97998046875,4.182000160217285
2024-10-22,2744.199951171875,18.200000762939453,104.08000183105469,5851.2001953125,4.203999996185303
2024-10-23,2714.39990234375,19.239999771118164,104.43000030517578,5797.419921875,4.242000102996826
2024-10-24,2734.89990234375,19.079999923706055,104.05999755859375,5809.85986328125,4.199999809265137
2024-10-25,2740.89990234375,20.329999923706055,104.26000213623047,5808.1201171875,4.23199987411499
2024-10-28,2742.89990234375,19.799999237060547,104.31999969482422,5823.52001953125,4.2779998779296875
2024-10-29,2768.39990234375,19.34000015258789,104.27999877929688,5832.919921875,4.27400016784668
2024-10-30,2788.5,20.350000381469727,103.98999786376953,5813.669921875,4.265999794006348
2024-10-31,2738.300048828125,23.15999984741211,103.9800033569336,5705.4501953125,4.283999919891357
2024-11-01,2738.60009765625,21.8799991607666,104.27999877929688,5728.7998046875,4.361000061035156
2024-11-04,2736.10009765625,21.979999542236328,103.88999938964844,5712.68994140625,4.309000015258789
2024-11-05,2740.300048828125,20.489999771118164,103.41999816894531,5782.759765625,4.289000034332275
2024-11-06,2667.60009765625,16.270000457763672,105.08999633789062,5929.0400390625,4.426000118255615
2024-11-07,2698.39990234375,15.199999809265137,104.51000213623047,5973.10009765625,4.341000080108643
2024-11-08,2687.5,14.9399995803833,105.0,5995.5400390625,4.306000232696533
2024-11-11,2611.199951171875,14.970000267028809,105.54000091552734,6001.35009765625,4.308000087738037
2024-11-12,2600.0,14.710000038146973,106.0199966430664,5983.990234375,4.432000160217285
2024-11-13,2580.800048828125,14.020000457763672,106.4800033569336,5985.3798828125,4.451000213623047
2024-11-14,2568.199951171875,14.3100004196167,106.66999816894531,5949.169921875,4.418000221252441
2024-11-15,2565.699951171875,16.139999389648438,106.69000244140625,5870.6201171875,4.427999973297119
2024-11-18,2610.60009765625,15.579999923706055,106.27999877929688,5893.6201171875,4.414000034332275
2024-11-19,2627.10009765625,16.350000381469727,106.20999908447266,5916.97998046875,4.379000186920166
2024-11-20,2648.199951171875,17.15999984741211,106.68000030517578,5917.10986328125,4.406000137329102
2024-11-21,2672.10009765625,16.8700008392334,106.97000122070312,5948.7099609375,4.432000160217285
2024-11-22,2709.89990234375,15.239999771118164,107.48999786376953,5969.33984375,4.409999847412109
2024-11-25,2616.800048828125,14.600000381469727,106.81999969482422,5987.3701171875,4.264999866485596
2024-11-26,2620.300048828125,14.100000381469727,107.01000213623047,6021.6298828125,4.302000045776367
2024-11-27,2639.89990234375,14.100000381469727,106.08000183105469,5998.740234375,4.242000102996826
2024-11-29,2657.0,13.510000228881836,105.73999786376953,6032.3798828125,4.177999973297119
2024-12-02,2634.89990234375,13.34000015258789,106.44999694824219,6047.14990234375,4.196000099182129
2024-12-03,2644.699951171875,13.300000190734863,106.37000274658203,6049.8798828125,4.2230000495910645
2024-12-04,2653.800048828125,13.449999809265137,106.33999633789062,6086.490234375,4.179999828338623
2024-12-05,2626.60009765625,13.539999961853027,105.70999908447266,6075.10986328125,4.179999828338623
2024-12-06,2638.60009765625,12.770000457763672,105.97000122070312,6090.27001953125,4.151000022888184
2024-12-09,2664.89990234375,14.1899995803833,106.1500015258789,6052.85009765625,4.198999881744385
2024-12-10,2697.60009765625,14.180000305175781,106.4000015258789,6034.91015625,4.2210001945495605
2024-12-11,2733.800048828125,13.579999923706055,106.70999908447266,6084.18994140625,4.270999908447266
2024-12-12,2687.5,13.920000076293945,106.95999908447266,6051.25,4.323999881744385
2024-12-13,2656.0,13.8100004196167,107.0,6051.08984375,4.39900016784668
2024-12-16,2651.39990234375,14.6899995803833,106.86000061035156,6074.080078125,4.396999835968018
2024-12-17,2644.39990234375,15.869999885559082,106.95999908447266,6050.60986328125,4.385000228881836
2024-12-18,2636.5,27.6200008392334,108.02999877929688,5872.16015625,4.49399995803833
2024-12-19,2592.199951171875,24.09000015258789,108.41000366210938,5867.080078125,4.570000171661377
2024-12-20,2628.699951171875,18.360000610351562,107.62000274658203,5930.85009765625,4.52400016784668
2024-12-23,2612.300048828125,16.780000686645508,108.04000091552734,5974.06982421875,4.598999977111816
2024-12-24,2620.0,14.270000457763672,108.26000213623047,6040.0400390625,4.591000080108643
2024-12-26,2638.800048828125,14.729999542236328,108.12999725341797,6037.58984375,4.578999996185303
2024-12-27,2617.199951171875,15.949999809265137,108.0,5970.83984375,4.61899995803833
2024-12-30,2606.10009765625,17.399999618530273,108.12999725341797,5906.93994140625,4.545000076293945
2024-12-31,2629.199951171875,17.350000381469727,108.48999786376953,5881.6298828125,4.572999954223633
2025-01-02,2658.89990234375,17.93000030517578,109.38999938964844,5868.5498046875,4.574999809265137
2025-01-03,2645.0,16.1299991607666,108.94999694824219,5942.47021484375,4.5960001945495605
2025-01-06,2638.39990234375,16.040000915527344,108.26000213623047,5975.3798828125,4.618000030517578
2025-01-07,2656.699951171875,17.81999969482422,108.54000091552734,5909.02978515625,4.683000087738037
2025-01-08,2664.5,17.700000762939453,109.08999633789062,5918.25,4.692999839782715
2025-01-10,2708.5,19.540000915527344,109.6500015258789,5827.0400390625,4.776000022888184
2025-01-13,2673.5,19.190000534057617,109.95999908447266,5836.22021484375,4.802999973297119
2025-01-14,2677.5,18.709999084472656,109.2699966430664,5842.91015625,4.788000106811523
2025-01-15,2712.5,16.1200008392334,109.08999633789062,5949.91015625,4.6529998779296875
2025-01-16,2746.39990234375,16.600000381469727,108.95999908447266,5937.33984375,4.605999946594238
2025-01-17,2744.300048828125,15.970000267028809,109.3499984741211,5996.66015625,4.609000205993652
2025-01-21,2755.0,15.0600004196167,108.05999755859375,6049.240234375,4.573999881744385
2025-01-22,2767.60009765625,15.100000381469727,108.16999816894531,6086.3701171875,4.598999977111816
2025-01-23,2763.10009765625,15.020000457763672,108.05000305175781,6118.7099609375,4.638000011444092
2025-01-24,2777.300048828125,14.850000381469727,107.44000244140625,6101.240234375,4.625999927520752
2025-01-27,2737.5,17.899999618530273,107.33999633789062,6012.27978515625,4.5279998779296875
2025-01-28,2766.800048828125,16.40999984741211,107.87000274658203,6067.7001953125,4.551000118255615
2025-01-29,2769.10009765625,16.559999465942383,108.0,6039.31005859375,4.554999828338623
2025-01-30,2823.0,15.84000015258789,107.80000305175781,6071.169921875,4.51200008392334
2025-01-31,2812.5,16.43000030517578,108.37000274658203,6040.52978515625,4.568999767303467
2025-02-03,2833.89990234375,18.6200008392334,108.98999786376953,5994.56982421875,4.543000221252441
2025-02-04,2853.300048828125,17.209999084472656,107.95999908447266,6037.8798828125,4.513000011444092
2025-02-05,2871.60009765625,15.770000457763672,107.58000183105469,6061.47998046875,4.421999931335449
2025-02-06,2856.0,15.5,107.69000244140625,6083.56982421875,4.440000057220459
2025-02-07,2867.300048828125,16.540000915527344,108.04000091552734,6025.990234375,4.486999988555908
2025-02-10,2914.300048828125,15.8100004196167,108.31999969482422,6066.43994140625,4.493000030517578
2025-02-11,2912.5,16.020000457763672,107.95999908447266,6068.5,4.5370001792907715
2025-02-12,2909.0,15.890000343322754,107.94000244140625,6051.97021484375,4.63700008392334
2025-02-13,2925.89990234375,15.100000381469727,107.30999755859375,6115.06982421875,4.525000095367432
2025-02-14,2883.60009765625,14.770000457763672,106.56999969482422,6114.6298828125,4.4720001220703125
2025-02-18,2931.60009765625,15.350000381469727,107.05000305175781,6129.580078125,4.544000148773193
2025-02-19,2919.39990234375,15.270000457763672,107.16999816894531,6144.14990234375,4.534999847412109
2025-02-20,2940.0,15.65999984741211,106.33999633789062,6117.52001953125,4.5
2025-02-21,2937.60009765625,18.209999084472656,106.61000061035156,6013.1298828125,4.420000076293945
2025-02-24,2947.89990234375,18.979999542236328,106.5999984741211,5983.25,4.39300012588501
2025-02-25,2904.5,19.43000030517578,106.30999755859375,5955.25,4.297999858856201
2025-02-26,2916.800048828125,19.100000381469727,106.41999816894531,5956.06005859375,4.249000072479248
2025-02-27,2883.199951171875,21.1299991607666,107.23999786376953,5861.56982421875,4.284999847412109
2025-02-28,2836.800048828125,19.6299991607666,107.61000061035156,5954.5,4.230999946594238
2025-03-03,2890.199951171875,22.780000686645508,106.75,5849.72021484375,4.179999828338623
2025-03-04,2909.60009765625,23.510000228881836,105.73999786376953,5778.14990234375,4.210000038146973
2025-03-05,2915.300048828125,21.93000030517578,105.73999786376953,5842.6298828125,4.264999866485596
2025-03-06,2916.60009765625,24.8700008392334,104.05999755859375,5738.52001953125,4.285999774932861
2025-03-07,2904.699951171875,23.3700008392334,103.83999633789062,5770.2001953125,4.316999912261963
2025-03-10,2891.0,27.860000610351562,103.91000366210938,5614.56005859375,4.2129998207092285
2025-03-11,2912.89990234375,26.920000076293945,103.44000244140625,5572.06982421875,4.288000106811523
2025-03-12,2939.10009765625,24.229999542236328,103.61000061035156,5599.2998046875,4.317999839782715
2025-03-13,2984.300048828125,24.65999984741211,103.83000183105469,5521.52001953125,4.27400016784668
2025-03-14,2994.5,21.770000457763672,103.72000122070312,5638.93994140625,4.308000087738037
2025-03-17,3000.0,20.510000228881836,103.37000274658203,5675.1201171875,4.306000232696533
2025-03-18,3035.10009765625,21.700000762939453,103.23999786376953,5614.66015625,4.281000137329102
2025-03-19,3035.89990234375,19.899999618530273,103.43000030517578,5675.2900390625,4.25600004196167
2025-03-20,3040.0,19.799999237060547,103.8499984741211,5662.89013671875,4.232999801635742
2025-03-21,3018.199951171875,19.280000686645508,104.08999633789062,5667.56005859375,4.251999855041504
2025-03-24,3013.10009765625,17.479999542236328,104.26000213623047,5767.56982421875,4.330999851226807
2025-03-25,3023.699951171875,17.149999618530273,104.18000030517578,5776.64990234375,4.307000160217285
2025-03-26,3020.89990234375,18.329999923706055,104.55000305175781,5712.2001953125,4.3379998207092285
2025-03-27,3060.199951171875,18.690000534057617,104.06999969482422,5693.31005859375,4.36899995803833
2025-03-28,3086.5,21.649999618530273,104.04000091552734,5580.93994140625,4.255000114440918
2025-03-31,3122.800048828125,22.280000686645508,104.20999908447266,5611.85009765625,4.245999813079834
2025-04-01,3118.89990234375,21.770000457763672,104.26000213623047,5633.06982421875,4.156000137329102
2025-04-02,3139.89990234375,21.510000228881836,103.80999755859375,5670.97021484375,4.196000099182129
2025-04-03,3097.0,30.020000457763672,102.06999969482422,5396.52001953125,4.054999828338623
2025-04-04,3012.0,45.310001373291016,103.0199966430664,5074.080078125,3.984999895095825
2025-04-07,2951.300048828125,46.97999954223633,103.26000213623047,5062.25,4.15500020980835
2025-04-08,2968.39990234375,52.33000183105469,102.95999908447266,4982.77001953125,4.26200008392334
2025-04-09,3056.5,33.619998931884766,102.9000015258789,5456.89990234375,4.400000095367432
2025-04-10,3155.199951171875,40.720001220703125,100.87000274658203,5268.0498046875,4.394000053405762
2025-04-11,3222.199951171875,37.560001373291016,99.77999877929688,5363.35986328125,4.493000030517578
2025-04-14,3204.800048828125,30.889999389648438,99.63999938964844,5405.97021484375,4.363999843597412
2025-04-15,3218.699951171875,30.1200008392334,100.22000122070312,5396.6298828125,4.322999954223633
2025-04-16,3326.60009765625,32.63999938964844,99.37999725341797,5275.7001953125,4.2789998054504395
2025-04-17,3308.699951171875,29.649999618530273,99.37999725341797,5282.7001953125,4.333000183105469
2025-04-21,3406.199951171875,33.81999969482422,98.27999877929688,5158.2001953125,4.40500020980835
2025-04-22,3400.800048828125,30.56999969482422,98.91999816894531,5287.759765625,4.388999938964844
2025-04-23,3276.300048828125,28.450000762939453,99.83999633789062,5375.85986328125,4.38700008392334
2025-04-24,3332.0,26.469999313354492,99.29000091552734,5484.77001953125,4.304999828338623
2025-04-25,3282.39990234375,24.84000015258789,99.47000122070312,5525.2099609375,4.265999794006348
2025-04-28,3332.5,25.149999618530273,99.01000213623047,5528.75,4.216000080108643
2025-04-29,3318.800048828125,24.170000076293945,99.23999786376953,5560.830078125,4.172999858856201
2025-04-30,3305.0,24.700000762939453,99.47000122070312,5569.06005859375,4.177000045776367
2025-05-01,3210.0,24.600000381469727,100.25,5604.14013671875,4.230999946594238
2025-05-02,3231.89990234375,22.68000030517578,100.0,5686.669921875,4.322000026702881
2025-05-05,3311.300048828125,23.639999389648438,99.83000183105469,5650.3798828125,4.3429999351501465
2025-05-06,3411.39990234375,24.760000228881836,99.23999786376953,5606.91015625,4.308000087738037
2025-05-07,3381.39990234375,23.549999237060547,99.61000061035156,5631.27978515625,4.275000095367432
2025-05-08,3296.60009765625,22.479999542236328,100.63999938964844,5663.93994140625,4.373000144958496
2025-05-09,3335.39990234375,21.899999618530273,100.33999633789062,5659.91015625,4.375
2025-05-12,3220.0,18.389999389648438,101.79000091552734,5844.18994140625,4.456999778747559
2025-05-13,3240.300048828125,18.219999313354492,101.0,5886.5498046875,4.499000072479248
2025-05-14,3181.39990234375,18.6200008392334,101.04000091552734,5892.580078125,4.5279998779296875
2025-05-15,3220.699951171875,17.829999923706055,100.87999725341797,5916.93017578125,4.454999923706055
2025-05-16,3182.0,17.239999771118164,101.08999633789062,5958.3798828125,4.440999984741211
2025-05-19,3228.89990234375,18.139999389648438,100.43000030517578,5963.60009765625,4.474999904632568
2025-05-20,3280.300048828125,18.09000015258789,100.12000274658203,5940.4599609375,4.480999946594238
2025-05-21,3309.300048828125,20.8700008392334,99.55999755859375,5844.60986328125,4.5960001945495605
2025-05-22,3292.300048828125,20.280000686645508,99.95999908447266,5842.009765625,4.552999973297119
2025-05-23,3363.60009765625,22.290000915527344,99.11000061035156,5802.81982421875,4.508999824523926
2025-05-27,3299.10009765625,18.959999084472656,99.5199966430664,5921.5400390625,4.434000015258789
2025-05-28,3293.60009765625,19.309999465942383,99.87999725341797,5888.5498046875,4.4770002365112305
2025-05-29,3317.10009765625,19.18000030517578,99.27999877929688,5912.169921875,4.423999786376953
2025-05-30,3288.89990234375,18.56999969482422,99.33000183105469,5911.68994140625,4.415999889373779
2025-06-02,3370.60009765625,18.360000610351562,98.69999694824219,5935.93994140625,4.461999893188477
2025-06-03,3350.199951171875,17.690000534057617,99.25,5970.3701171875,4.460000038146973
2025-06-04,3373.5,17.610000610351562,98.79000091552734,5970.81005859375,4.364999771118164
2025-06-05,3350.699951171875,18.479999542236328,98.73999786376953,5939.2998046875,4.394000053405762
2025-06-06,3322.699951171875,16.770000457763672,99.19000244140625,6000.35986328125,4.510000228881836
2025-06-09,3332.10009765625,17.15999984741211,98.94000244140625,6005.8798828125,4.48199987411499
2025-06-10,3320.89990234375,16.950000762939453,99.05000305175781,6038.81005859375,4.473999977111816
2025-06-11,3321.300048828125,17.260000228881836,98.62999725341797,6022.240234375,4.4120001792907715
2025-06-12,3380.89990234375,18.020000457763672,97.91999816894531,6045.259765625,4.35699987411499
2025-06-13,3431.199951171875,20.81999969482422,98.18000030517578,5976.97021484375,4.423999786376953
2025-06-16,3396.39990234375,19.110000610351562,98.0,6033.10986328125,4.452000141143799
2025-06-17,3386.60009765625,21.600000381469727,98.81999969482422,5982.72021484375,4.39300012588501
2025-06-18,3389.800048828125,20.139999389648438,98.91000366210938,5980.8701171875,4.396999835968018
2025-06-20,3368.10009765625,20.6200008392334,98.70999908447266,5967.83984375,4.375
2025-06-23,3377.699951171875,19.829999923706055,98.41999816894531,6025.169921875,4.320000171661377
2025-06-24,3317.39990234375,17.479999542236328,97.86000061035156,6092.18017578125,4.293000221252441
2025-06-25,3327.10009765625,16.760000228881836,97.68000030517578,6092.16015625,4.293000221252441
2025-06-26,3333.5,16.59000015258789,97.1500015258789,6141.02001953125,4.252999782562256
2025-06-27,3273.699951171875,16.31999969482422,97.4000015258789,6173.06982421875,4.2829999923706055
2025-06-30,3294.39990234375,16.729999542236328,96.87999725341797,6204.9501953125,4.230000019073486
2025-07-01,3336.699951171875,16.829999923706055,96.81999969482422,6198.009765625,4.250999927520752
2025-07-02,3348.0,16.639999389648438,96.77999877929688,6227.419921875,4.293000221252441
2025-07-03,3331.60009765625,16.3799991607666,97.18000030517578,6279.35009765625,4.3480000495910645
2025-07-07,3332.199951171875,17.790000915527344,97.4800033569336,6229.97998046875,4.394999980926514
2025-07-08,3307.0,16.809999465942383,97.51000213623047,6225.52001953125,4.414999961853027
2025-07-09,3311.60009765625,15.9399995803833,97.47000122070312,6263.259765625,4.3420000076293945
2025-07-10,3317.39990234375,15.779999732971191,97.6500015258789,6280.4599609375,4.3460001945495605
2025-07-11,3356.0,16.399999618530273,97.8499984741211,6259.75,4.422999858856201
2025-07-14,3351.5,17.200000762939453,98.08000183105469,6268.56005859375,4.427000045776367
2025-07-15,3329.800048828125,17.3799991607666,98.62000274658203,6243.759765625,4.488999843597412
2025-07-16,3352.5,17.15999984741211,98.38999938964844,6263.7001953125,4.454999923706055
2025-07-17,3340.10009765625,16.520000457763672,98.7300033569336,6297.35986328125,4.4629998207092285
2025-07-18,3353.0,16.40999984741211,98.4800033569336,6296.7900390625,4.432000160217285
2025-07-21,3401.89990234375,16.649999618530273,97.8499984741211,6305.60009765625,4.372000217437744
2025-07-22,3439.199951171875,16.5,97.38999938964844,6309.6201171875,4.335999965667725
2025-07-23,3394.10009765625,15.369999885559082,97.20999908447266,6358.91015625,4.388000011444092
2025-07-24,3371.0,15.390000343322754,97.37999725341797,6363.35009765625,4.4079999923706055
2025-07-25,3334.0,14.930000305175781,97.6500015258789,6388.64013671875,4.386000156402588
2025-07-28,3309.10009765625,15.029999732971191,98.66000366210938,6389.77001953125,4.420000076293945
2025-07-29,3323.39990234375,15.979999542236328,98.91000366210938,6370.85986328125,4.329999923706055
2025-07-30,3295.800048828125,15.479999542236328,99.94000244140625,6362.89990234375,4.375999927520752
2025-07-31,3293.199951171875,16.719999313354492,100.02999877929688,6339.39013671875,4.360000133514404
2025-08-01,3347.699951171875,20.3799991607666,98.69000244140625,6238.009765625,4.21999979019165
2025-08-04,3374.39990234375,17.520000457763672,98.77999877929688,6329.93994140625,4.199999809265137
2025-08-05,3381.89990234375,17.850000381469727,98.77999877929688,6299.18994140625,4.196000099182129
2025-08-06,3380.0,16.770000457763672,98.18000030517578,6345.06005859375,4.21999979019165
2025-08-07,3400.300048828125,16.56999969482422,98.4000015258789,6340.0,4.24399995803833
2025-08-08,3439.10009765625,15.149999618530273,98.18000030517578,6389.4501953125,4.284999847412109
2025-08-11,3353.10009765625,16.25,98.5199966430664,6373.4501953125,4.2729997634887695
2025-08-12,3348.89990234375,14.729999542236328,98.0999984741211,6445.759765625,4.293000221252441
2025-08-13,3358.699951171875,14.489999771118164,97.83999633789062,6466.580078125,4.23799991607666
2025-08-14,3335.199951171875,14.829999923706055,98.25,6468.5400390625,4.293000221252441
2025-08-15,3336.0,15.09000015258789,97.8499984741211,6449.7998046875,4.328000068664551
2025-08-18,3331.699951171875,14.989999771118164,98.16999816894531,6449.14990234375,4.341000080108643
2025-08-19,3313.39990234375,15.569999694824219,98.2699966430664,6411.3701171875,4.302000045776367
2025-08-20,3343.39990234375,15.6899995803833,98.22000122070312,6395.77978515625,4.296000003814697
2025-08-21,3336.89990234375,16.600000381469727,98.62000274658203,6370.169921875,4.329999923706055
2025-08-22,3374.39990234375,14.220000267028809,97.72000122070312,6466.91015625,4.260000228881836
2025-08-25,3373.800048828125,14.789999961853027,98.43000030517578,6439.31982421875,4.275000095367432
2025-08-26,3388.60009765625,14.619999885559082,98.2300033569336,6465.93994140625,4.257999897003174
2025-08-27,3404.60009765625,14.850000381469727,98.2300033569336,6481.39990234375,4.23799991607666
2025-08-28,3431.800048828125,14.430000305175781,97.80999755859375,6501.85986328125,4.206999778747559
2025-08-29,3473.699951171875,15.359999656677246,97.7699966430664,6460.259765625,4.2270002365112305
